--
-- PostgreSQL database dump
--

-- Dumped from database version 9.5.3
-- Dumped by pg_dump version 9.5.3

SET statement_timeout = 0;
SET lock_timeout = 0;
SET client_encoding = 'UTF8';
SET standard_conforming_strings = on;
SET check_function_bodies = false;
SET client_min_messages = warning;
SET row_security = off;

--
-- Name: plpgsql; Type: EXTENSION; Schema: -; Owner: 
--

CREATE EXTENSION IF NOT EXISTS plpgsql WITH SCHEMA pg_catalog;


--
-- Name: EXTENSION plpgsql; Type: COMMENT; Schema: -; Owner: 
--

COMMENT ON EXTENSION plpgsql IS 'PL/pgSQL procedural language';


SET search_path = public, pg_catalog;

SET default_tablespace = '';

SET default_with_oids = false;

--
-- Name: battings; Type: TABLE; Schema: public; Owner: Home
--

CREATE TABLE battings (
    id integer NOT NULL,
    year integer,
    games integer,
    ab integer,
    runs integer,
    hits integer,
    double integer,
    triple integer,
    hr integer,
    rbi integer,
    sb integer,
    cs integer,
    bb integer,
    so integer,
    player_id integer,
    created_at timestamp without time zone NOT NULL,
    updated_at timestamp without time zone NOT NULL,
    average double precision,
    mlbteam_id integer,
    adp double precision,
    wrc double precision
);


ALTER TABLE battings OWNER TO "Home";

--
-- Name: battings_id_seq; Type: SEQUENCE; Schema: public; Owner: Home
--

CREATE SEQUENCE battings_id_seq
    START WITH 1
    INCREMENT BY 1
    NO MINVALUE
    NO MAXVALUE
    CACHE 1;


ALTER TABLE battings_id_seq OWNER TO "Home";

--
-- Name: battings_id_seq; Type: SEQUENCE OWNED BY; Schema: public; Owner: Home
--

ALTER SEQUENCE battings_id_seq OWNED BY battings.id;


--
-- Name: team_seasons; Type: TABLE; Schema: public; Owner: Home
--

CREATE TABLE team_seasons (
    id integer NOT NULL,
    year integer,
    place integer,
    run_points double precision,
    hr_points double precision,
    rbi_points double precision,
    sb_points double precision,
    avg_points double precision,
    win_points double precision,
    k_points double precision,
    sv_points double precision,
    whip_points double precision,
    era_points double precision,
    total_run integer,
    total_hr integer,
    total_rbi integer,
    total_sb integer,
    total_avg double precision,
    total_win integer,
    total_k integer,
    total_sv integer,
    total_whip double precision,
    total_era double precision,
    total_points double precision,
    owner_id integer,
    created_at timestamp without time zone NOT NULL,
    updated_at timestamp without time zone NOT NULL,
    current_season boolean,
    innings double precision,
    gp integer
);


ALTER TABLE team_seasons OWNER TO "Home";

--
-- Name: current_seasons; Type: VIEW; Schema: public; Owner: Home
--

CREATE VIEW current_seasons AS
 SELECT ((team_seasons.total_run)::double precision / (team_seasons.gp)::double precision) AS run_ratio,
    ((team_seasons.total_hr)::double precision / (team_seasons.gp)::double precision) AS hr_ratio,
    ((team_seasons.total_rbi)::double precision / (team_seasons.gp)::double precision) AS rbi_ratio,
    ((team_seasons.total_sb)::double precision / (team_seasons.gp)::double precision) AS sb_ratio,
    team_seasons.total_avg AS avg_ratio,
    ((team_seasons.total_win)::double precision / team_seasons.innings) AS win_ratio,
    ((team_seasons.total_k)::double precision / team_seasons.innings) AS k_ratio,
    ((team_seasons.total_sv)::double precision / team_seasons.innings) AS sv_ratio,
    team_seasons.total_whip AS whip_ratio,
    team_seasons.total_era AS era_ratio,
    team_seasons.owner_id,
    team_seasons.updated_at
   FROM team_seasons
  WHERE (team_seasons.current_season = true);


ALTER TABLE current_seasons OWNER TO "Home";

--
-- Name: mlbteams; Type: TABLE; Schema: public; Owner: Home
--

CREATE TABLE mlbteams (
    id integer NOT NULL,
    abbr character varying,
    name character varying,
    created_at timestamp without time zone NOT NULL,
    updated_at timestamp without time zone NOT NULL
);


ALTER TABLE mlbteams OWNER TO "Home";

--
-- Name: mlbteams_id_seq; Type: SEQUENCE; Schema: public; Owner: Home
--

CREATE SEQUENCE mlbteams_id_seq
    START WITH 1
    INCREMENT BY 1
    NO MINVALUE
    NO MAXVALUE
    CACHE 1;


ALTER TABLE mlbteams_id_seq OWNER TO "Home";

--
-- Name: mlbteams_id_seq; Type: SEQUENCE OWNED BY; Schema: public; Owner: Home
--

ALTER SEQUENCE mlbteams_id_seq OWNED BY mlbteams.id;


--
-- Name: notes; Type: TABLE; Schema: public; Owner: Home
--

CREATE TABLE notes (
    id integer NOT NULL,
    note text,
    player_id integer,
    owner_id integer,
    created_at timestamp without time zone NOT NULL,
    updated_at timestamp without time zone NOT NULL,
    watch boolean
);


ALTER TABLE notes OWNER TO "Home";

--
-- Name: notes_id_seq; Type: SEQUENCE; Schema: public; Owner: Home
--

CREATE SEQUENCE notes_id_seq
    START WITH 1
    INCREMENT BY 1
    NO MINVALUE
    NO MAXVALUE
    CACHE 1;


ALTER TABLE notes_id_seq OWNER TO "Home";

--
-- Name: notes_id_seq; Type: SEQUENCE OWNED BY; Schema: public; Owner: Home
--

ALTER SEQUENCE notes_id_seq OWNED BY notes.id;


--
-- Name: owners; Type: TABLE; Schema: public; Owner: Home
--

CREATE TABLE owners (
    id integer NOT NULL,
    first_name character varying,
    last_name character varying,
    team_name character varying,
    created_at timestamp without time zone NOT NULL,
    updated_at timestamp without time zone NOT NULL,
    abbr character varying,
    active boolean
);


ALTER TABLE owners OWNER TO "Home";

--
-- Name: owners_id_seq; Type: SEQUENCE; Schema: public; Owner: Home
--

CREATE SEQUENCE owners_id_seq
    START WITH 1
    INCREMENT BY 1
    NO MINVALUE
    NO MAXVALUE
    CACHE 1;


ALTER TABLE owners_id_seq OWNER TO "Home";

--
-- Name: owners_id_seq; Type: SEQUENCE OWNED BY; Schema: public; Owner: Home
--

ALTER SEQUENCE owners_id_seq OWNED BY owners.id;


--
-- Name: pitchings; Type: TABLE; Schema: public; Owner: Home
--

CREATE TABLE pitchings (
    id integer NOT NULL,
    year integer,
    wins integer,
    loss integer,
    games integer,
    gs integer,
    innings double precision,
    cg integer,
    shutouts integer,
    sv integer,
    hits integer,
    er integer,
    hr integer,
    bb integer,
    so integer,
    ba_opp double precision,
    era double precision,
    whip double precision,
    player_id integer,
    created_at timestamp without time zone NOT NULL,
    updated_at timestamp without time zone NOT NULL,
    mlbteam_id integer,
    adp double precision,
    fip double precision
);


ALTER TABLE pitchings OWNER TO "Home";

--
-- Name: pitchings_id_seq; Type: SEQUENCE; Schema: public; Owner: Home
--

CREATE SEQUENCE pitchings_id_seq
    START WITH 1
    INCREMENT BY 1
    NO MINVALUE
    NO MAXVALUE
    CACHE 1;


ALTER TABLE pitchings_id_seq OWNER TO "Home";

--
-- Name: pitchings_id_seq; Type: SEQUENCE OWNED BY; Schema: public; Owner: Home
--

ALTER SEQUENCE pitchings_id_seq OWNED BY pitchings.id;


--
-- Name: player_rankings; Type: TABLE; Schema: public; Owner: Home
--

CREATE TABLE player_rankings (
    id integer NOT NULL,
    my_rank integer,
    espn integer,
    cbs integer,
    mlb integer,
    player_id integer,
    created_at timestamp without time zone NOT NULL,
    updated_at timestamp without time zone NOT NULL
);


ALTER TABLE player_rankings OWNER TO "Home";

--
-- Name: player_rankings_id_seq; Type: SEQUENCE; Schema: public; Owner: Home
--

CREATE SEQUENCE player_rankings_id_seq
    START WITH 1
    INCREMENT BY 1
    NO MINVALUE
    NO MAXVALUE
    CACHE 1;


ALTER TABLE player_rankings_id_seq OWNER TO "Home";

--
-- Name: player_rankings_id_seq; Type: SEQUENCE OWNED BY; Schema: public; Owner: Home
--

ALTER SEQUENCE player_rankings_id_seq OWNED BY player_rankings.id;


--
-- Name: players; Type: TABLE; Schema: public; Owner: Home
--

CREATE TABLE players (
    id integer NOT NULL,
    first_name character varying,
    last_name character varying,
    birthday date,
    created_at timestamp without time zone NOT NULL,
    updated_at timestamp without time zone NOT NULL,
    avail boolean,
    batter boolean,
    owner_id integer,
    starter boolean
);


ALTER TABLE players OWNER TO "Home";

--
-- Name: players_id_seq; Type: SEQUENCE; Schema: public; Owner: Home
--

CREATE SEQUENCE players_id_seq
    START WITH 1
    INCREMENT BY 1
    NO MINVALUE
    NO MAXVALUE
    CACHE 1;


ALTER TABLE players_id_seq OWNER TO "Home";

--
-- Name: players_id_seq; Type: SEQUENCE OWNED BY; Schema: public; Owner: Home
--

ALTER SEQUENCE players_id_seq OWNED BY players.id;


--
-- Name: players_positions; Type: TABLE; Schema: public; Owner: Home
--

CREATE TABLE players_positions (
    id integer NOT NULL,
    position_id integer,
    player_id integer
);


ALTER TABLE players_positions OWNER TO "Home";

--
-- Name: players_positions_id_seq; Type: SEQUENCE; Schema: public; Owner: Home
--

CREATE SEQUENCE players_positions_id_seq
    START WITH 1
    INCREMENT BY 1
    NO MINVALUE
    NO MAXVALUE
    CACHE 1;


ALTER TABLE players_positions_id_seq OWNER TO "Home";

--
-- Name: players_positions_id_seq; Type: SEQUENCE OWNED BY; Schema: public; Owner: Home
--

ALTER SEQUENCE players_positions_id_seq OWNED BY players_positions.id;


--
-- Name: positions; Type: TABLE; Schema: public; Owner: Home
--

CREATE TABLE positions (
    id integer NOT NULL,
    pos character varying,
    created_at timestamp without time zone NOT NULL,
    updated_at timestamp without time zone NOT NULL,
    sort integer
);


ALTER TABLE positions OWNER TO "Home";

--
-- Name: positions_id_seq; Type: SEQUENCE; Schema: public; Owner: Home
--

CREATE SEQUENCE positions_id_seq
    START WITH 1
    INCREMENT BY 1
    NO MINVALUE
    NO MAXVALUE
    CACHE 1;


ALTER TABLE positions_id_seq OWNER TO "Home";

--
-- Name: positions_id_seq; Type: SEQUENCE OWNED BY; Schema: public; Owner: Home
--

ALTER SEQUENCE positions_id_seq OWNED BY positions.id;


--
-- Name: schema_migrations; Type: TABLE; Schema: public; Owner: Home
--

CREATE TABLE schema_migrations (
    version character varying NOT NULL
);


ALTER TABLE schema_migrations OWNER TO "Home";

--
-- Name: team_seasons_id_seq; Type: SEQUENCE; Schema: public; Owner: Home
--

CREATE SEQUENCE team_seasons_id_seq
    START WITH 1
    INCREMENT BY 1
    NO MINVALUE
    NO MAXVALUE
    CACHE 1;


ALTER TABLE team_seasons_id_seq OWNER TO "Home";

--
-- Name: team_seasons_id_seq; Type: SEQUENCE OWNED BY; Schema: public; Owner: Home
--

ALTER SEQUENCE team_seasons_id_seq OWNED BY team_seasons.id;


--
-- Name: years; Type: TABLE; Schema: public; Owner: Home
--

CREATE TABLE years (
    id integer NOT NULL,
    year integer,
    created_at timestamp without time zone NOT NULL,
    updated_at timestamp without time zone NOT NULL
);


ALTER TABLE years OWNER TO "Home";

--
-- Name: years_id_seq; Type: SEQUENCE; Schema: public; Owner: Home
--

CREATE SEQUENCE years_id_seq
    START WITH 1
    INCREMENT BY 1
    NO MINVALUE
    NO MAXVALUE
    CACHE 1;


ALTER TABLE years_id_seq OWNER TO "Home";

--
-- Name: years_id_seq; Type: SEQUENCE OWNED BY; Schema: public; Owner: Home
--

ALTER SEQUENCE years_id_seq OWNED BY years.id;


--
-- Name: id; Type: DEFAULT; Schema: public; Owner: Home
--

ALTER TABLE ONLY battings ALTER COLUMN id SET DEFAULT nextval('battings_id_seq'::regclass);


--
-- Name: id; Type: DEFAULT; Schema: public; Owner: Home
--

ALTER TABLE ONLY mlbteams ALTER COLUMN id SET DEFAULT nextval('mlbteams_id_seq'::regclass);


--
-- Name: id; Type: DEFAULT; Schema: public; Owner: Home
--

ALTER TABLE ONLY notes ALTER COLUMN id SET DEFAULT nextval('notes_id_seq'::regclass);


--
-- Name: id; Type: DEFAULT; Schema: public; Owner: Home
--

ALTER TABLE ONLY owners ALTER COLUMN id SET DEFAULT nextval('owners_id_seq'::regclass);


--
-- Name: id; Type: DEFAULT; Schema: public; Owner: Home
--

ALTER TABLE ONLY pitchings ALTER COLUMN id SET DEFAULT nextval('pitchings_id_seq'::regclass);


--
-- Name: id; Type: DEFAULT; Schema: public; Owner: Home
--

ALTER TABLE ONLY player_rankings ALTER COLUMN id SET DEFAULT nextval('player_rankings_id_seq'::regclass);


--
-- Name: id; Type: DEFAULT; Schema: public; Owner: Home
--

ALTER TABLE ONLY players ALTER COLUMN id SET DEFAULT nextval('players_id_seq'::regclass);


--
-- Name: id; Type: DEFAULT; Schema: public; Owner: Home
--

ALTER TABLE ONLY players_positions ALTER COLUMN id SET DEFAULT nextval('players_positions_id_seq'::regclass);


--
-- Name: id; Type: DEFAULT; Schema: public; Owner: Home
--

ALTER TABLE ONLY positions ALTER COLUMN id SET DEFAULT nextval('positions_id_seq'::regclass);


--
-- Name: id; Type: DEFAULT; Schema: public; Owner: Home
--

ALTER TABLE ONLY team_seasons ALTER COLUMN id SET DEFAULT nextval('team_seasons_id_seq'::regclass);


--
-- Name: id; Type: DEFAULT; Schema: public; Owner: Home
--

ALTER TABLE ONLY years ALTER COLUMN id SET DEFAULT nextval('years_id_seq'::regclass);


--
-- Data for Name: battings; Type: TABLE DATA; Schema: public; Owner: Home
--

COPY battings (id, year, games, ab, runs, hits, double, triple, hr, rbi, sb, cs, bb, so, player_id, created_at, updated_at, average, mlbteam_id, adp, wrc) FROM stdin;
1	2016	146	552	104	192	32	8	11	66	11	7	66	80	1	2017-02-07 10:08:00	2017-02-08 13:59:04.675266	0.347999999999999976	19	\N	\N
2	2016	142	531	88	184	47	5	25	104	5	3	35	57	2	2017-02-07 10:08:00	2017-02-08 14:00:30.238439	0.346999999999999975	29	\N	\N
3	2016	161	640	108	216	42	5	24	96	30	10	60	70	3	2017-02-07 10:08:00	2017-02-08 14:17:52.343488	0.338000000000000023	6	\N	\N
4	2016	158	556	101	181	34	2	29	97	8	1	108	120	4	2017-02-07 10:08:00	2017-02-08 14:18:42.771347	0.326000000000000012	18	\N	\N
5	2016	143	578	111	187	35	5	29	82	17	9	43	102	5	2017-02-07 10:08:00	2017-02-08 14:19:07.03192	0.32400000000000001	19	\N	\N
6	2016	153	637	102	203	41	7	20	64	33	10	39	101	6	2017-02-07 10:08:00	2017-02-08 14:19:34.671111	0.319000000000000006	11	\N	\N
7	2016	158	672	122	214	42	5	31	113	26	4	49	80	7	2017-02-07 10:08:00	2017-02-08 14:19:51.48693	0.318000000000000005	2	\N	\N
8	2016	154	633	105	201	36	1	15	74	7	4	61	73	8	2017-02-07 10:08:00	2017-02-08 14:20:02.238322	0.318000000000000005	2	\N	\N
9	2016	158	595	92	188	31	1	38	108	0	0	75	116	9	2017-02-07 10:08:00	2017-02-08 14:20:17.213835	0.316000000000000003	5	\N	\N
10	2016	159	549	123	173	32	5	29	100	30	7	116	137	10	2017-02-07 10:08:00	2017-02-08 14:20:32.789694	0.315000000000000002	7	\N	\N
11	2016	0	537	79	169	48	1	38	127	2	0	80	86	11	2017-02-11 10:39:06	2017-02-11 10:39:06	0.315000000000000002	2	\N	\N
12	2016	0	565	84	176	46	3	11	76	22	7	44	62	12	2017-02-11 10:39:06	2017-02-11 10:39:06	0.312	4	\N	\N
13	2016	0	489	71	152	34	5	9	46	47	12	23	104	13	2017-02-11 10:39:06	2017-02-11 10:39:06	0.310999999999999999	25	\N	\N
14	2016	0	627	105	193	40	5	26	72	3	3	54	133	14	2017-02-11 10:39:06	2017-02-11 10:39:06	0.307999999999999996	20	\N	\N
15	2016	0	534	56	164	38	1	8	58	3	2	39	63	15	2017-02-11 10:39:06	2017-02-11 10:39:06	0.306999999999999995	28	\N	\N
16	2016	0	482	58	148	25	0	22	80	0	0	35	79	16	2017-02-11 10:39:06	2017-02-11 10:39:06	0.306999999999999995	29	\N	\N
17	2016	0	460	69	141	35	2	22	68	1	2	49	128	17	2017-02-11 10:39:06	2017-02-11 10:39:06	0.306999999999999995	5	\N	\N
18	2016	0	511	80	156	23	3	30	91	16	5	46	98	18	2017-02-11 10:39:06	2017-02-11 10:39:06	0.304999999999999993	22	\N	\N
19	2016	0	600	70	183	37	3	8	75	2	2	49	69	19	2017-02-11 10:39:06	2017-02-11 10:39:06	0.304999999999999993	21	\N	\N
20	2016	0	517	68	157	28	1	5	39	0	3	40	67	20	2017-02-11 10:39:06	2017-02-11 10:39:06	0.303999999999999992	7	\N	\N
21	2016	0	509	60	154	31	0	11	48	12	4	28	100	21	2017-02-11 10:39:06	2017-02-11 10:39:06	0.302999999999999992	21	\N	\N
22	2016	0	506	75	153	31	7	8	69	24	8	47	70	22	2017-02-11 10:39:06	2017-02-11 10:39:06	0.301999999999999991	13	\N	\N
23	2016	0	589	102	178	43	6	34	91	6	1	89	171	23	2017-02-11 10:39:06	2017-02-11 10:39:06	0.301999999999999991	16	\N	\N
24	2016	0	604	99	182	30	3	15	78	19	5	57	88	24	2017-02-11 10:39:06	2017-02-11 10:39:06	0.30099999999999999	4	\N	\N
25	2016	0	583	89	175	31	1	32	104	1	1	48	66	25	2017-02-11 10:39:06	2017-02-11 10:39:06	0.299999999999999989	13	\N	\N
26	2016	0	584	87	174	42	2	25	100	2	2	46	129	26	2017-02-11 10:39:06	2017-02-11 10:39:06	0.297999999999999987	19	\N	\N
27	2016	0	655	107	195	33	2	39	103	0	1	47	100	27	2017-02-11 10:39:06	2017-02-11 10:39:06	0.297999999999999987	11	\N	\N
28	2016	0	578	78	172	38	3	21	98	9	4	72	138	28	2017-02-11 10:39:06	2017-02-11 10:39:06	0.297999999999999987	21	\N	\N
29	2016	0	579	106	172	33	3	24	95	32	5	110	150	29	2017-02-11 10:39:06	2017-02-11 10:39:06	0.296999999999999986	15	\N	\N
30	2016	0	591	70	175	42	5	14	86	2	0	47	69	30	2017-02-11 10:39:06	2017-02-11 10:39:06	0.295999999999999985	3	\N	\N
31	2016	0	552	73	163	33	0	29	93	1	0	35	101	31	2017-02-11 10:39:06	2017-02-11 10:39:06	0.294999999999999984	9	\N	\N
32	2016	0	618	116	182	35	6	41	133	2	3	68	103	32	2017-02-11 10:39:06	2017-02-11 10:39:06	0.293999999999999984	19	\N	\N
33	2016	0	652	115	192	34	1	21	89	13	4	58	123	33	2017-02-11 10:39:06	2017-02-11 10:39:06	0.293999999999999984	2	\N	\N
34	2016	0	547	67	161	14	11	6	39	17	13	66	116	34	2017-02-11 10:39:06	2017-02-11 10:39:06	0.293999999999999984	24	\N	\N
35	2016	0	640	105	188	40	1	37	96	0	3	48	120	35	2017-02-11 10:39:06	2017-02-11 10:39:06	0.293999999999999984	1	\N	\N
36	2016	0	624	67	183	32	1	25	100	0	2	47	125	36	2017-02-11 10:39:06	2017-02-11 10:39:06	0.292999999999999983	3	\N	\N
37	2016	0	603	121	176	35	3	39	102	8	5	75	154	37	2017-02-11 10:39:06	2017-02-11 10:39:06	0.291999999999999982	17	\N	\N
38	2016	0	490	67	143	24	3	24	81	5	0	47	100	38	2017-02-11 10:39:06	2017-02-11 10:39:06	0.291999999999999982	13	\N	\N
39	2016	0	583	94	170	43	4	32	109	3	5	74	108	39	2017-02-11 10:39:06	2017-02-11 10:39:06	0.291999999999999982	17	\N	\N
40	2016	0	522	85	152	24	7	3	29	16	7	45	68	40	2017-02-11 10:39:06	2017-02-11 10:39:06	0.290999999999999981	16	\N	\N
41	2016	0	550	74	160	34	1	11	64	14	8	18	68	41	2017-02-11 10:39:06	2017-02-11 10:39:06	0.290999999999999981	18	\N	\N
42	2016	0	553	65	160	22	0	27	86	0	0	50	90	42	2017-02-11 10:39:06	2017-02-11 10:39:06	0.288999999999999979	5	\N	\N
43	2016	0	618	117	178	29	4	28	83	14	6	45	115	43	2017-02-11 10:39:06	2017-02-11 10:39:06	0.287999999999999978	5	\N	\N
44	2016	0	539	82	155	33	2	14	80	6	1	64	68	44	2017-02-11 10:39:06	2017-02-11 10:39:06	0.287999999999999978	27	\N	\N
45	2016	0	553	73	159	24	4	16	67	40	10	29	88	45	2017-02-11 10:39:06	2017-02-11 10:39:06	0.287999999999999978	27	\N	\N
46	2016	0	589	96	169	27	1	43	105	2	0	62	159	46	2017-02-11 10:39:06	2017-02-11 10:39:06	0.286999999999999977	11	\N	\N
47	2016	0	471	72	135	22	1	17	51	1	1	41	115	47	2017-02-11 10:39:06	2017-02-11 10:39:06	0.286999999999999977	10	\N	\N
48	2016	0	583	87	167	21	6	15	49	25	7	63	134	48	2017-02-11 10:39:06	2017-02-11 10:39:06	0.285999999999999976	24	\N	\N
49	2016	0	549	81	157	28	1	30	111	9	3	60	120	49	2017-02-11 10:39:06	2017-02-11 10:39:06	0.285999999999999976	2	\N	\N
50	2016	0	589	92	168	38	3	19	63	62	18	79	174	50	2017-02-11 10:39:06	2017-02-11 10:39:06	0.284999999999999976	22	\N	\N
51	2016	0	568	69	162	31	0	18	90	0	2	55	117	51	2017-02-11 10:39:06	2017-02-11 10:39:06	0.284999999999999976	20	\N	\N
52	2016	0	625	107	178	29	3	22	86	21	6	44	160	52	2017-02-11 10:39:06	2017-02-11 10:39:06	0.284999999999999976	13	\N	\N
53	2016	0	619	91	176	29	9	14	59	14	5	63	115	53	2017-02-11 10:39:06	2017-02-11 10:39:06	0.283999999999999975	3	\N	\N
54	2016	0	577	122	164	32	5	37	99	7	1	109	119	54	2017-02-11 10:39:06	2017-02-11 10:39:06	0.283999999999999975	14	\N	\N
55	2016	0	487	57	138	25	7	4	59	19	4	18	76	55	2017-02-11 10:39:06	2017-02-11 10:39:06	0.282999999999999974	25	\N	\N
56	2016	0	521	65	146	30	1	23	62	5	1	38	103	56	2017-02-11 10:39:06	2017-02-11 10:39:06	0.280000000000000027	23	\N	\N
57	2016	0	479	72	134	25	1	31	86	3	1	51	108	57	2017-02-11 10:39:06	2017-02-11 10:39:06	0.280000000000000027	23	\N	\N
58	2016	0	597	89	166	36	3	30	99	3	1	69	108	58	2017-02-11 10:39:06	2017-02-11 10:39:06	0.278000000000000025	11	\N	\N
59	2016	0	495	71	137	24	5	12	55	15	4	42	66	59	2017-02-11 10:39:06	2017-02-11 10:39:06	0.277000000000000024	27	\N	\N
60	2016	0	456	84	126	25	7	13	48	13	4	79	124	60	2017-02-11 10:39:06	2017-02-11 10:39:06	0.276000000000000023	17	\N	\N
61	2016	0	562	68	155	32	2	20	70	7	1	19	82	61	2017-02-11 10:39:06	2017-02-11 10:39:06	0.276000000000000023	9	\N	\N
62	2016	0	610	91	168	41	4	23	82	15	3	60	146	62	2017-02-11 10:39:06	2017-02-11 10:39:06	0.275000000000000022	4	\N	\N
63	2016	0	556	79	153	34	3	27	90	4	1	48	107	63	2017-02-11 10:39:06	2017-02-11 10:39:06	0.275000000000000022	20	\N	\N
64	2016	0	542	77	149	41	8	17	82	0	4	104	148	64	2017-02-11 10:39:06	2017-02-11 10:39:06	0.275000000000000022	27	\N	\N
65	2016	0	553	67	152	28	11	12	84	7	0	57	115	65	2017-02-11 10:39:06	2017-02-11 10:39:06	0.275000000000000022	27	\N	\N
66	2016	0	577	76	158	36	3	20	96	13	3	75	139	66	2017-02-11 10:39:06	2017-02-11 10:39:06	0.274000000000000021	6	\N	\N
67	2016	0	475	49	130	28	1	12	46	2	0	32	96	67	2017-02-11 10:39:06	2017-02-11 10:39:06	0.274000000000000021	30	\N	\N
68	2016	0	633	81	173	41	4	36	98	0	3	42	144	68	2017-02-11 10:39:06	2017-02-11 10:39:06	0.27300000000000002	12	\N	\N
69	2016	0	582	86	159	35	3	22	85	7	5	51	133	69	2017-02-11 10:39:06	2017-02-11 10:39:06	0.27300000000000002	28	\N	\N
70	2016	0	532	65	145	29	0	14	65	3	2	24	93	70	2017-02-11 10:39:06	2017-02-11 10:39:06	0.27300000000000002	16	\N	\N
71	2016	0	530	72	144	30	1	31	83	2	4	31	136	71	2017-02-11 10:39:06	2017-02-11 10:39:06	0.27200000000000002	15	\N	\N
72	2016	0	523	94	142	31	3	18	76	6	4	96	82	72	2017-02-11 10:39:06	2017-02-11 10:39:06	0.27200000000000002	17	\N	\N
73	2016	0	605	89	164	33	4	33	88	14	7	19	135	73	2017-02-11 10:39:06	2017-02-11 10:39:06	0.271000000000000019	13	\N	\N
74	2016	0	594	91	161	35	5	18	75	2	3	67	118	74	2017-02-11 10:39:06	2017-02-11 10:39:06	0.271000000000000019	7	\N	\N
75	2016	0	473	81	128	36	6	21	68	0	4	81	108	75	2017-02-11 10:39:06	2017-02-11 10:39:06	0.271000000000000019	28	\N	\N
76	2016	0	577	63	156	29	1	21	70	4	0	24	118	76	2017-02-11 10:39:06	2017-02-11 10:39:06	0.270000000000000018	9	\N	\N
77	2016	0	567	91	153	38	2	20	85	12	6	65	117	77	2017-02-11 10:39:06	2017-02-11 10:39:06	0.270000000000000018	29	\N	\N
78	2016	0	599	67	161	38	0	13	89	0	2	71	101	78	2017-02-11 10:39:06	2017-02-11 10:39:06	0.269000000000000017	16	\N	\N
79	2016	0	615	104	165	35	5	42	99	18	2	61	138	79	2017-02-11 10:39:06	2017-02-11 10:39:06	0.268000000000000016	8	\N	\N
80	2016	0	593	71	159	19	0	31	119	4	0	49	75	80	2017-02-11 10:39:06	2017-02-11 10:39:06	0.268000000000000016	7	\N	\N
81	2016	0	623	89	167	39	0	35	108	1	0	36	156	81	2017-02-11 10:39:06	2017-02-11 10:39:06	0.268000000000000016	16	\N	\N
82	2016	0	558	94	149	30	7	26	87	9	2	63	143	82	2017-02-11 10:39:06	2017-02-11 10:39:06	0.267000000000000015	2	\N	\N
83	2016	0	615	82	164	38	1	25	82	1	2	21	137	83	2017-02-11 10:39:06	2017-02-11 10:39:06	0.267000000000000015	1	\N	\N
84	2016	0	548	59	146	35	2	7	53	14	6	24	90	84	2017-02-11 10:39:06	2017-02-11 10:39:06	0.266000000000000014	14	\N	\N
85	2016	0	605	80	161	24	1	25	104	5	3	57	132	85	2017-02-11 10:39:06	2017-02-11 10:39:06	0.266000000000000014	30	\N	\N
86	2016	0	572	70	152	23	5	11	53	12	7	53	79	86	2017-02-11 10:39:06	2017-02-11 10:39:06	0.266000000000000014	27	\N	\N
87	2016	0	557	75	148	23	6	23	76	0	3	43	115	87	2017-02-11 10:39:06	2017-02-11 10:39:06	0.266000000000000014	21	\N	\N
88	2016	0	516	59	137	13	3	20	64	0	2	39	112	88	2017-02-11 10:39:06	2017-02-11 10:39:06	0.266000000000000014	13	\N	\N
89	2016	0	619	86	164	19	0	29	83	2	0	39	115	89	2017-02-11 10:39:06	2017-02-11 10:39:06	0.265000000000000013	1	\N	\N
90	2016	0	511	76	135	24	4	20	52	6	6	46	127	90	2017-02-11 10:39:06	2017-02-11 10:39:06	0.264000000000000012	12	\N	\N
91	2016	0	558	65	147	24	0	30	93	0	0	48	120	91	2017-02-11 10:39:06	2017-02-11 10:39:06	0.263000000000000012	30	\N	\N
92	2016	0	551	71	145	24	5	9	56	20	8	54	84	92	2017-02-11 10:39:06	2017-02-11 10:39:06	0.263000000000000012	9	\N	\N
93	2016	0	498	58	131	30	1	14	56	8	1	38	114	93	2017-02-11 10:39:06	2017-02-11 10:39:06	0.263000000000000012	22	\N	\N
94	2016	0	601	99	158	34	0	42	127	2	0	87	138	94	2017-02-11 10:39:06	2017-02-11 10:39:06	0.263000000000000012	14	\N	\N
95	2016	0	547	80	143	22	6	7	41	16	4	70	106	95	2017-02-11 10:39:06	2017-02-11 10:39:06	0.26100000000000001	9	\N	\N
96	2016	0	494	68	129	22	4	11	49	2	0	79	93	96	2017-02-11 10:39:06	2017-02-11 10:39:06	0.26100000000000001	8	\N	\N
97	2016	0	644	116	168	29	5	29	82	9	10	88	178	97	2017-02-11 10:39:06	2017-02-11 10:39:06	0.26100000000000001	6	\N	\N
98	2016	0	637	57	166	24	6	7	55	17	4	27	96	98	2017-02-11 10:39:06	2017-02-11 10:39:06	0.26100000000000001	30	\N	\N
99	2016	0	582	89	151	31	3	34	87	5	2	99	99	99	2017-02-11 10:39:06	2017-02-11 10:39:06	0.259000000000000008	4	\N	\N
100	2016	0	599	99	155	29	4	28	94	28	6	68	160	100	2017-02-11 10:39:06	2017-02-11 10:39:06	0.259000000000000008	26	\N	\N
101	2016	0	527	79	136	34	4	22	86	17	6	53	119	101	2017-02-11 10:39:06	2017-02-11 10:39:06	0.258000000000000007	25	\N	\N
102	2016	0	519	66	133	22	3	11	59	1	1	51	83	102	2017-02-11 10:39:06	2017-02-11 10:39:06	0.256000000000000005	25	\N	\N
103	2016	0	613	94	157	27	1	47	108	2	0	51	170	103	2017-02-11 10:39:06	2017-02-11 10:39:06	0.256000000000000005	1	\N	\N
104	2016	0	598	81	153	26	3	24	79	6	7	69	143	104	2017-02-11 10:39:06	2017-02-11 10:39:06	0.256000000000000005	25	\N	\N
105	2016	0	467	57	119	26	0	4	32	7	4	28	50	105	2017-02-11 10:39:06	2017-02-11 10:39:06	0.255000000000000004	5	\N	\N
106	2016	0	581	67	148	23	1	25	88	1	1	40	106	106	2017-02-11 10:39:06	2017-02-11 10:39:06	0.255000000000000004	24	\N	\N
107	2016	0	487	65	124	26	2	8	40	10	2	50	96	107	2017-02-11 10:39:06	2017-02-11 10:39:06	0.255000000000000004	20	\N	\N
108	2016	0	484	55	123	26	3	13	51	12	6	22	118	108	2017-02-11 10:39:06	2017-02-11 10:39:06	0.254000000000000004	6	\N	\N
109	2016	0	492	54	125	21	0	24	79	1	0	43	101	109	2017-02-11 10:39:06	2017-02-11 10:39:06	0.254000000000000004	14	\N	\N
110	2016	0	482	52	122	34	0	7	56	3	1	45	74	110	2017-02-11 10:39:06	2017-02-11 10:39:06	0.253000000000000003	10	\N	\N
111	2016	0	490	70	124	32	3	24	57	1	2	59	157	111	2017-02-11 10:39:06	2017-02-11 10:39:06	0.253000000000000003	14	\N	\N
112	2016	0	464	67	117	28	2	16	50	4	1	37	84	112	2017-02-11 10:39:06	2017-02-11 10:39:06	0.252000000000000002	18	\N	\N
113	2016	0	512	79	129	26	3	14	52	2	2	40	115	113	2017-02-11 10:39:06	2017-02-11 10:39:06	0.252000000000000002	20	\N	\N
114	2016	0	490	54	123	30	2	14	56	0	0	35	83	114	2017-02-11 10:39:06	2017-02-11 10:39:06	0.251000000000000001	10	\N	\N
115	2016	0	467	58	117	18	1	14	51	8	2	51	118	115	2017-02-11 10:39:06	2017-02-11 10:39:06	0.251000000000000001	9	\N	\N
116	2016	0	539	74	135	27	6	33	99	4	2	44	126	116	2017-02-11 10:39:06	2017-02-11 10:39:06	0.25	23	\N	\N
117	2016	0	523	81	130	31	9	29	91	6	1	64	154	117	2017-02-11 10:39:06	2017-02-11 10:39:06	0.248999999999999999	15	\N	\N
118	2016	0	565	78	140	25	2	21	70	11	5	51	155	118	2017-02-11 10:39:06	2017-02-11 10:39:06	0.247999999999999998	18	\N	\N
119	2016	0	518	72	128	17	3	15	47	24	6	44	149	119	2017-02-11 10:39:06	2017-02-11 10:39:06	0.246999999999999997	11	\N	\N
120	2016	0	514	57	127	28	2	22	64	0	0	22	119	120	2017-02-11 10:39:06	2017-02-11 10:39:06	0.246999999999999997	30	\N	\N
121	2016	0	555	85	137	24	2	42	102	1	2	42	166	121	2017-02-11 10:39:06	2017-02-11 10:39:06	0.246999999999999997	10	\N	\N
122	2016	0	570	81	140	28	2	31	87	9	4	50	179	122	2017-02-11 10:39:06	2017-02-11 10:39:06	0.245999999999999996	5	\N	\N
123	2016	0	510	57	125	36	3	24	70	0	2	33	134	123	2017-02-11 10:39:06	2017-02-11 10:39:06	0.244999999999999996	12	\N	\N
124	2016	0	525	84	128	28	0	21	69	5	1	71	139	124	2017-02-11 10:39:06	2017-02-11 10:39:06	0.243999999999999995	29	\N	\N
125	2016	0	506	84	123	24	2	24	86	21	10	108	117	125	2017-02-11 10:39:06	2017-02-11 10:39:06	0.242999999999999994	29	\N	\N
126	2016	0	548	73	133	29	6	30	81	6	4	47	149	126	2017-02-11 10:39:06	2017-02-11 10:39:06	0.242999999999999994	12	\N	\N
127	2016	0	480	63	116	34	2	16	71	5	1	43	133	127	2017-02-11 10:39:06	2017-02-11 10:39:06	0.241999999999999993	2	\N	\N
128	2016	0	584	61	141	26	3	20	67	17	6	25	136	128	2017-02-11 10:39:06	2017-02-11 10:39:06	0.240999999999999992	24	\N	\N
129	2016	0	552	85	133	31	6	33	103	6	5	41	164	129	2017-02-11 10:39:06	2017-02-11 10:39:06	0.240999999999999992	18	\N	\N
130	2016	0	478	38	115	22	2	6	48	8	9	21	63	130	2017-02-11 10:39:06	2017-02-11 10:39:06	0.240999999999999992	12	\N	\N
131	2016	0	464	67	111	21	7	10	62	5	0	50	47	131	2017-02-11 10:39:06	2017-02-11 10:39:06	0.23899999999999999	27	\N	\N
132	2016	0	557	92	133	22	1	34	101	5	1	78	194	132	2017-02-11 10:39:06	2017-02-11 10:39:06	0.23899999999999999	4	\N	\N
133	2016	0	525	67	125	25	3	21	95	5	1	55	135	133	2017-02-11 10:39:06	2017-02-11 10:39:06	0.237999999999999989	17	\N	\N
134	2016	0	492	64	117	15	3	20	61	27	8	37	155	134	2017-02-11 10:39:06	2017-02-11 10:39:06	0.237999999999999989	14	\N	\N
135	2016	0	568	72	135	27	2	27	75	10	2	51	139	135	2017-02-11 10:39:06	2017-02-11 10:39:06	0.237999999999999989	10	\N	\N
136	2016	0	545	88	129	24	5	30	59	4	2	74	130	136	2017-02-11 10:39:06	2017-02-11 10:39:06	0.236999999999999988	23	\N	\N
137	2016	0	508	52	120	17	6	3	38	1	0	33	73	137	2017-02-11 10:39:06	2017-02-11 10:39:06	0.235999999999999988	21	\N	\N
138	2016	0	423	68	99	24	1	22	69	2	2	87	103	138	2017-02-11 10:39:06	2017-02-11 10:39:06	0.234000000000000014	14	\N	\N
139	2016	0	460	49	107	21	0	22	60	1	0	35	118	139	2017-02-11 10:39:06	2017-02-11 10:39:06	0.233000000000000013	13	\N	\N
140	2016	0	455	62	105	16	0	20	74	2	1	64	148	140	2017-02-11 10:39:06	2017-02-11 10:39:06	0.231000000000000011	14	\N	\N
141	2016	0	530	61	122	27	1	7	49	11	4	54	93	141	2017-02-11 10:39:06	2017-02-11 10:39:06	0.23000000000000001	17	\N	\N
142	2016	0	590	89	133	21	0	40	98	15	5	64	163	142	2017-02-11 10:39:06	2017-02-11 10:39:06	0.225000000000000006	3	\N	\N
143	2016	0	549	84	122	27	1	41	94	3	1	76	206	143	2017-02-11 10:39:06	2017-02-11 10:39:06	0.222000000000000003	22	\N	\N
144	2016	0	566	99	125	21	0	38	84	1	0	88	219	144	2017-02-11 10:39:06	2017-02-11 10:39:06	0.221000000000000002	1	\N	\N
145	2016	0	445	62	98	16	2	17	40	8	1	52	148	145	2017-02-11 10:39:06	2017-02-11 10:39:06	0.220000000000000001	30	\N	\N
146	2016	0	516	66	108	15	0	24	72	9	2	54	174	146	2017-02-11 10:39:06	2017-02-11 10:39:06	0.208999999999999991	29	\N	\N
147	2016	0	307	53	105	14	8	13	40	33	6	14	59	368	2017-02-14 15:38:46	2017-02-14 15:38:46	0.342000000000000026	29	\N	\N
148	2016	0	413	56	99	20	1	27	74	0	0	50	140	369	2017-02-14 15:38:46	2017-02-14 15:38:46	0.239999999999999991	21	\N	\N
149	2016	0	372	67	101	21	4	27	72	8	5	35	130	370	2017-02-14 15:38:46	2017-02-14 15:38:46	0.27200000000000002	19	\N	\N
150	2016	0	41	9	10	0	0	2	4	4	0	5	8	371	2017-02-14 15:38:46	2017-02-14 15:38:46	0.243999999999999995	15	\N	\N
151	2016	0	325	47	87	7	6	1	14	30	7	18	55	372	2017-02-14 15:38:46	2017-02-14 15:38:46	0.268000000000000016	21	\N	\N
152	2016	0	411	69	107	19	3	3	17	58	8	36	93	373	2017-02-14 15:38:46	2017-02-14 15:38:46	0.260000000000000009	18	\N	\N
153	2016	0	4	0	0	0	0	0	0	0	0	1	2	374	2017-02-14 15:38:46	2017-02-14 15:38:46	0	17	\N	\N
154	2016	0	201	31	53	13	3	8	34	2	0	15	52	375	2017-02-14 15:38:46	2017-02-14 15:38:46	0.264000000000000012	6	\N	\N
155	2016	0	39	5	9	2	0	0	7	1	0	3	6	376	2017-02-14 15:38:46	2017-02-14 15:38:46	0.231000000000000011	4	\N	\N
156	2016	0	201	34	60	12	0	20	42	1	0	24	57	377	2017-02-14 15:38:46	2017-02-14 15:38:46	0.298999999999999988	9	\N	\N
157	2016	0	437	57	103	22	1	25	66	1	0	54	178	378	2017-02-14 15:38:46	2017-02-14 15:38:46	0.235999999999999988	8	\N	\N
158	2016	0	397	56	114	19	1	9	56	14	5	31	84	379	2017-02-14 15:38:46	2017-02-14 15:38:46	0.286999999999999977	30	\N	\N
159	2016	0	105	16	31	11	1	2	14	1	0	10	25	380	2017-02-14 15:38:46	2017-02-14 15:38:46	0.294999999999999984	2	\N	\N
160	2016	0	222	42	70	12	4	7	24	5	0	15	59	382	2017-02-14 15:38:46	2017-02-14 15:38:46	0.315000000000000002	19	\N	\N
161	2016	0	404	71	121	28	3	17	65	4	4	41	60	383	2017-02-14 15:38:46	2017-02-14 15:38:46	0.299999999999999989	28	\N	\N
162	2016	0	252	33	71	14	1	12	35	2	2	26	67	384	2017-02-14 15:38:46	2017-02-14 15:38:46	0.281999999999999973	17	\N	\N
163	2016	0	446	66	107	29	3	24	68	5	4	28	141	385	2017-02-14 15:38:46	2017-02-14 15:38:46	0.239999999999999991	28	\N	\N
164	2016	0	390	49	89	14	1	27	72	1	3	64	116	386	2017-02-14 15:38:46	2017-02-14 15:38:46	0.228000000000000008	20	\N	\N
165	2016	0	406	64	100	26	0	25	68	6	2	63	130	387	2017-02-14 15:38:46	2017-02-14 15:38:46	0.245999999999999996	20	\N	\N
166	2016	0	129	20	39	7	1	3	17	3	0	13	34	388	2017-02-14 15:38:46	2017-02-14 15:38:46	0.301999999999999991	16	\N	\N
167	2016	0	318	45	81	19	0	21	62	3	1	36	79	389	2017-02-14 15:38:46	2017-02-14 15:38:46	0.255000000000000004	25	\N	\N
168	2016	0	447	58	112	19	0	32	72	2	1	43	127	390	2017-02-14 15:38:46	2017-02-14 15:38:46	0.251000000000000001	6	\N	\N
169	2016	0	411	54	117	25	4	18	58	1	1	28	111	391	2017-02-14 15:38:46	2017-02-14 15:38:46	0.284999999999999976	5	\N	\N
170	2016	0	304	38	67	21	1	12	42	2	1	36	89	392	2017-02-14 15:38:46	2017-02-14 15:38:46	0.220000000000000001	23	\N	\N
171	2016	0	429	56	104	13	0	20	58	1	0	54	99	393	2017-02-14 15:38:46	2017-02-14 15:38:46	0.241999999999999993	9	\N	\N
172	2016	0	454	74	113	23	2	12	48	43	6	33	106	394	2017-02-14 15:38:46	2017-02-14 15:38:46	0.248999999999999999	4	\N	\N
173	2016	0	130	13	34	7	0	3	15	1	1	5	12	395	2017-02-14 15:38:46	2017-02-14 15:38:46	0.262000000000000011	6	\N	\N
174	2016	0	421	50	115	19	1	14	59	12	3	15	108	396	2017-02-14 15:38:46	2017-02-14 15:38:46	0.27300000000000002	17	\N	\N
175	2016	0	423	48	103	17	1	17	66	1	0	32	85	397	2017-02-14 15:38:46	2017-02-14 15:38:46	0.242999999999999994	1	\N	\N
176	2016	0	104	12	25	6	0	7	13	0	1	9	13	398	2017-02-14 15:38:46	2017-02-14 15:38:46	0.239999999999999991	30	\N	\N
177	2016	0	411	45	95	22	1	13	53	18	5	34	136	399	2017-02-14 15:38:46	2017-02-14 15:38:46	0.231000000000000011	13	\N	\N
178	2016	0	407	51	113	25	2	16	69	2	3	24	75	400	2017-02-14 15:38:46	2017-02-14 15:38:46	0.278000000000000025	7	\N	\N
179	2016	0	334	45	88	14	2	11	45	5	2	24	74	401	2017-02-14 15:38:46	2017-02-14 15:38:46	0.263000000000000012	20	\N	\N
180	2016	0	298	44	67	19	6	10	38	10	2	23	118	402	2017-02-14 15:38:46	2017-02-14 15:38:46	0.225000000000000006	8	\N	\N
181	2016	0	207	28	50	10	1	9	19	23	4	36	88	403	2017-02-14 15:38:46	2017-02-14 15:38:46	0.241999999999999993	22	\N	\N
182	2016	0	410	54	123	28	1	11	50	4	1	20	87	404	2017-02-14 15:38:46	2017-02-14 15:38:46	0.299999999999999989	14	\N	\N
183	2016	0	241	25	78	8	2	3	25	21	10	7	33	405	2017-02-14 15:38:46	2017-02-14 15:38:46	0.32400000000000001	18	\N	\N
184	2016	0	395	58	114	23	1	13	57	1	1	43	95	406	2017-02-14 15:38:46	2017-02-14 15:38:46	0.288999999999999979	27	\N	\N
185	2016	0	246	34	63	14	0	11	32	2	3	32	91	407	2017-02-14 15:38:46	2017-02-14 15:38:46	0.256000000000000005	22	\N	\N
186	2016	0	400	58	97	9	1	30	59	0	0	37	96	408	2017-02-14 15:38:46	2017-02-14 15:38:46	0.242999999999999994	28	\N	\N
187	2016	0	171	23	43	9	5	4	15	2	0	8	42	409	2017-02-14 15:38:46	2017-02-14 15:38:46	0.251000000000000001	15	\N	\N
188	2016	0	412	57	116	9	1	23	55	3	1	42	84	410	2017-02-14 15:38:46	2017-02-14 15:38:46	0.281999999999999973	23	\N	\N
189	2016	0	416	41	110	24	0	14	68	2	0	33	121	411	2017-02-14 15:38:46	2017-02-14 15:38:46	0.264000000000000012	15	\N	\N
190	2016	0	366	55	90	20	2	12	37	21	3	40	74	412	2017-02-14 15:38:46	2017-02-14 15:38:46	0.245999999999999996	12	\N	\N
191	2016	0	350	44	76	9	7	2	24	14	5	18	34	413	2017-02-14 15:38:46	2017-02-14 15:38:46	0.216999999999999998	29	\N	\N
192	2016	0	398	53	112	17	1	10	37	8	3	39	56	414	2017-02-14 15:38:46	2017-02-14 15:38:46	0.281000000000000028	20	\N	\N
193	2016	0	349	65	110	14	5	4	43	15	6	36	69	415	2017-02-14 15:38:46	2017-02-14 15:38:46	0.315000000000000002	5	\N	\N
194	2016	0	315	47	81	15	0	21	47	1	1	22	75	416	2017-02-14 15:38:46	2017-02-14 15:38:46	0.257000000000000006	24	\N	\N
195	2016	0	227	37	54	9	0	12	31	0	0	31	66	417	2017-02-14 15:38:46	2017-02-14 15:38:46	0.237999999999999989	17	\N	\N
196	2016	0	44	8	12	2	0	5	13	1	0	4	19	418	2017-02-14 15:38:46	2017-02-14 15:38:46	0.27300000000000002	19	\N	\N
197	2016	0	437	55	113	21	2	1	33	11	5	18	84	419	2017-02-14 15:38:46	2017-02-14 15:38:46	0.259000000000000008	11	\N	\N
198	2016	0	35	8	13	3	0	4	14	0	0	1	5	420	2017-02-14 15:38:46	2017-02-14 15:38:46	0.370999999999999996	26	\N	\N
199	2016	0	326	42	86	14	1	1	33	6	2	56	72	421	2017-02-14 15:38:46	2017-02-14 15:38:46	0.264000000000000012	25	\N	\N
200	2016	0	299	46	83	14	8	1	25	30	7	26	39	422	2017-02-14 15:38:46	2017-02-14 15:38:46	0.278000000000000025	30	\N	\N
201	2016	0	410	57	116	22	6	9	30	10	2	13	117	423	2017-02-14 15:38:46	2017-02-14 15:38:46	0.282999999999999974	3	\N	\N
202	2016	0	430	58	106	17	1	17	49	7	6	31	159	424	2017-02-14 15:38:46	2017-02-14 15:38:46	0.246999999999999997	12	\N	\N
203	2016	0	307	38	82	14	0	16	49	1	1	23	48	425	2017-02-14 15:38:46	2017-02-14 15:38:46	0.267000000000000015	23	\N	\N
204	2016	0	337	43	84	20	0	22	49	1	0	37	97	426	2017-02-14 15:38:46	2017-02-14 15:38:46	0.248999999999999999	1	\N	\N
205	2016	0	404	50	110	18	3	13	56	34	7	18	94	427	2017-02-14 15:38:46	2017-02-14 15:38:46	0.27200000000000002	22	\N	\N
206	2016	0	6	0	0	0	0	0	0	0	0	1	4	428	2017-02-14 15:38:46	2017-02-14 15:38:46	0	2	\N	\N
207	2016	0	405	55	116	26	1	15	71	1	1	30	63	429	2017-02-14 15:38:46	2017-02-14 15:38:46	0.285999999999999976	26	\N	\N
208	2016	0	14	3	5	1	0	3	5	0	0	0	4	465	2017-02-17 14:40:17	2017-02-17 14:40:17	0.356999999999999984	1	\N	\N
209	2016	0	105	19	33	9	1	3	16	1	1	8	25	466	2017-02-17 14:40:17	2017-02-17 14:40:17	0.314000000000000001	20	\N	\N
210	2016	0	252	36	78	17	2	7	35	0	0	23	66	467	2017-02-17 14:40:17	2017-02-17 14:40:17	0.309999999999999998	2	\N	\N
211	2016	0	269	36	82	20	0	13	37	0	0	12	60	468	2017-02-17 14:40:17	2017-02-17 14:40:17	0.304999999999999993	10	\N	\N
212	2016	0	321	52	95	18	5	14	43	6	3	36	112	469	2017-02-17 14:40:17	2017-02-17 14:40:17	0.295999999999999985	4	\N	\N
213	2016	0	264	35	76	13	1	13	35	0	3	34	54	470	2017-02-17 14:40:17	2017-02-17 14:40:17	0.287999999999999978	1	\N	\N
214	2016	0	385	43	110	25	5	8	57	6	0	23	70	471	2017-02-17 14:40:17	2017-02-17 14:40:17	0.285999999999999976	4	\N	\N
215	2016	0	148	21	42	5	4	6	28	4	0	16	44	472	2017-02-17 14:40:17	2017-02-17 14:40:17	0.283999999999999975	15	\N	\N
216	2016	0	311	44	88	22	3	2	29	8	3	19	72	473	2017-02-17 14:40:17	2017-02-17 14:40:17	0.282999999999999974	30	\N	\N
217	2016	0	393	61	111	24	0	14	53	1	2	42	112	474	2017-02-17 14:40:17	2017-02-17 14:40:17	0.281999999999999973	19	\N	\N
218	2016	0	461	59	130	31	1	16	53	1	1	31	100	475	2017-02-17 14:40:17	2017-02-17 14:40:17	0.281999999999999973	15	\N	\N
219	2016	0	298	33	84	14	0	8	38	11	5	13	62	476	2017-02-17 14:40:17	2017-02-17 14:40:17	0.281999999999999973	3	\N	\N
220	2016	0	245	24	69	15	4	4	27	4	3	17	46	477	2017-02-17 14:40:17	2017-02-17 14:40:17	0.281999999999999973	8	\N	\N
221	2016	0	448	48	126	22	2	4	44	10	1	28	38	478	2017-02-17 14:40:17	2017-02-17 14:40:17	0.281000000000000028	7	\N	\N
222	2016	0	351	39	98	20	5	7	42	1	0	32	84	479	2017-02-17 14:40:17	2017-02-17 14:40:17	0.279000000000000026	21	\N	\N
223	2016	0	437	52	121	24	11	5	49	21	2	20	87	480	2017-02-17 14:40:17	2017-02-17 14:40:17	0.277000000000000024	15	\N	\N
224	2016	0	112	14	31	9	1	3	14	0	0	5	20	481	2017-02-17 14:40:17	2017-02-17 14:40:17	0.277000000000000024	17	\N	\N
225	2016	0	128	18	35	8	0	3	19	0	1	21	19	482	2017-02-17 14:40:17	2017-02-17 14:40:17	0.27300000000000002	25	\N	\N
226	2016	0	281	27	76	18	0	8	41	0	0	29	91	483	2017-02-17 14:40:17	2017-02-17 14:40:17	0.270000000000000018	16	\N	\N
227	2016	0	437	63	118	23	0	13	55	0	0	45	142	484	2017-02-17 14:40:17	2017-02-17 14:40:17	0.270000000000000018	25	\N	\N
228	2016	0	300	49	81	16	1	18	56	2	1	33	102	485	2017-02-17 14:40:17	2017-02-17 14:40:17	0.270000000000000018	25	\N	\N
229	2016	0	405	43	109	29	0	9	48	0	0	26	68	486	2017-02-17 14:40:17	2017-02-17 14:40:17	0.269000000000000017	1	\N	\N
230	2016	0	335	52	90	17	2	10	32	5	2	12	91	487	2017-02-17 14:40:17	2017-02-17 14:40:17	0.269000000000000017	8	\N	\N
231	2016	0	255	45	68	13	4	8	24	9	2	23	49	488	2017-02-17 14:40:17	2017-02-17 14:40:17	0.267000000000000015	23	\N	\N
232	2016	0	280	35	74	12	1	15	51	0	0	38	56	489	2017-02-17 14:40:17	2017-02-17 14:40:17	0.264000000000000012	21	\N	\N
233	2016	0	338	30	89	12	1	2	27	0	0	26	65	490	2017-02-17 14:40:17	2017-02-17 14:40:17	0.263000000000000012	10	\N	\N
234	2016	0	57	10	15	4	0	0	6	5	1	8	19	491	2017-02-17 14:40:17	2017-02-17 14:40:17	0.263000000000000012	24	\N	\N
235	2016	0	319	35	83	13	1	12	47	1	0	19	60	492	2017-02-17 14:40:17	2017-02-17 14:40:17	0.260000000000000009	8	\N	\N
236	2016	0	346	44	90	20	1	6	31	4	3	13	39	493	2017-02-17 14:40:17	2017-02-17 14:40:17	0.260000000000000009	7	\N	\N
237	2016	0	289	37	75	17	1	8	29	0	0	20	56	494	2017-02-17 14:40:17	2017-02-17 14:40:17	0.260000000000000009	28	\N	\N
238	2016	0	289	30	75	20	1	10	48	0	0	25	65	495	2017-02-17 14:40:17	2017-02-17 14:40:17	0.260000000000000009	19	\N	\N
239	2016	0	205	27	53	15	2	3	30	4	1	21	53	496	2017-02-17 14:40:17	2017-02-17 14:40:17	0.259000000000000008	19	\N	\N
240	2016	0	333	41	86	14	2	5	28	8	5	23	53	497	2017-02-17 14:40:17	2017-02-17 14:40:17	0.258000000000000007	27	\N	\N
241	2016	0	62	9	16	0	3	0	5	0	1	11	17	498	2017-02-17 14:40:17	2017-02-17 14:40:17	0.258000000000000007	2	\N	\N
242	2016	0	345	34	89	24	1	8	49	0	0	18	48	499	2017-02-17 14:40:17	2017-02-17 14:40:17	0.258000000000000007	8	\N	\N
243	2016	0	377	34	97	23	1	7	51	1	0	36	72	500	2017-02-17 14:40:17	2017-02-17 14:40:17	0.257000000000000006	18	\N	\N
244	2016	0	253	39	65	16	2	10	37	5	1	26	44	501	2017-02-17 14:40:17	2017-02-17 14:40:17	0.257000000000000006	26	\N	\N
245	2016	0	350	45	89	16	1	7	29	5	5	52	69	502	2017-02-17 14:40:17	2017-02-17 14:40:17	0.254000000000000004	16	\N	\N
246	2016	0	368	45	93	27	3	7	39	6	4	9	73	503	2017-02-17 14:40:17	2017-02-17 14:40:17	0.253000000000000003	19	\N	\N
247	2016	0	389	36	98	26	1	16	54	1	0	24	114	504	2017-02-17 14:40:17	2017-02-17 14:40:17	0.252000000000000002	24	\N	\N
248	2016	0	297	37	74	18	0	16	54	0	1	25	81	505	2017-02-17 14:40:17	2017-02-17 14:40:17	0.248999999999999999	28	\N	\N
249	2016	0	378	62	94	15	0	16	63	0	0	48	89	506	2017-02-17 14:40:17	2017-02-17 14:40:17	0.248999999999999999	11	\N	\N
250	2016	0	351	35	87	22	0	12	36	7	3	30	109	507	2017-02-17 14:40:17	2017-02-17 14:40:17	0.247999999999999998	3	\N	\N
251	2016	0	251	27	62	7	0	4	15	0	0	19	50	508	2017-02-17 14:40:17	2017-02-17 14:40:17	0.246999999999999997	23	\N	\N
252	2016	0	382	48	94	20	1	20	62	0	0	35	71	509	2017-02-17 14:40:17	2017-02-17 14:40:17	0.245999999999999996	28	\N	\N
253	2016	0	335	53	82	13	2	2	12	30	12	42	100	510	2017-02-17 14:40:17	2017-02-17 14:40:17	0.244999999999999996	26	\N	\N
254	2016	0	413	59	101	18	2	12	51	4	4	34	115	511	2017-02-17 14:40:17	2017-02-17 14:40:17	0.244999999999999996	3	\N	\N
255	2016	0	37	4	9	4	1	0	3	2	0	0	7	512	2017-02-17 14:40:17	2017-02-17 14:40:17	0.242999999999999994	26	\N	\N
256	2016	0	231	45	56	10	1	13	42	1	1	59	67	513	2017-02-17 14:40:17	2017-02-17 14:40:17	0.241999999999999993	25	\N	\N
257	2016	0	178	27	43	7	0	7	17	6	3	25	46	514	2017-02-17 14:40:17	2017-02-17 14:40:17	0.241999999999999993	13	\N	\N
258	2016	0	313	39	75	7	7	5	23	7	0	34	52	515	2017-02-17 14:40:17	2017-02-17 14:40:17	0.239999999999999991	28	\N	\N
259	2016	0	401	48	96	17	0	20	58	0	1	26	89	516	2017-02-17 14:40:17	2017-02-17 14:40:17	0.23899999999999999	11	\N	\N
260	2016	0	272	35	65	6	3	5	20	2	1	30	61	517	2017-02-17 14:40:17	2017-02-17 14:40:17	0.23899999999999999	13	\N	\N
261	2016	0	189	28	45	7	4	3	22	16	8	20	48	518	2017-02-17 14:40:17	2017-02-17 14:40:17	0.237999999999999989	16	\N	\N
262	2016	0	353	45	84	18	1	14	43	4	2	37	89	519	2017-02-17 14:40:17	2017-02-17 14:40:17	0.237999999999999989	12	\N	\N
263	2016	0	17	3	4	1	0	1	2	0	0	2	5	520	2017-02-17 14:40:17	2017-02-17 14:40:17	0.234999999999999987	22	\N	\N
264	2016	0	51	4	12	4	0	1	4	0	0	3	14	521	2017-02-17 14:40:17	2017-02-17 14:40:17	0.234999999999999987	10	\N	\N
265	2016	0	396	52	93	20	2	17	63	6	2	42	93	522	2017-02-17 14:40:17	2017-02-17 14:40:17	0.234999999999999987	8	\N	\N
266	2016	0	209	23	49	9	0	8	25	1	0	11	38	523	2017-02-17 14:40:17	2017-02-17 14:40:17	0.234000000000000014	7	\N	\N
267	2016	0	109	9	25	2	1	5	17	0	0	12	27	524	2017-02-17 14:40:17	2017-02-17 14:40:17	0.229000000000000009	15	\N	\N
268	2016	0	48	6	11	1	1	1	8	1	0	4	13	525	2017-02-17 14:40:17	2017-02-17 14:40:17	0.229000000000000009	26	\N	\N
269	2016	0	153	20	35	7	0	7	23	0	0	15	36	526	2017-02-17 14:40:17	2017-02-17 14:40:17	0.229000000000000009	23	\N	\N
270	2016	0	193	20	44	9	0	6	25	1	2	10	56	527	2017-02-17 14:40:17	2017-02-17 14:40:17	0.228000000000000008	26	\N	\N
271	2016	0	172	21	39	9	1	1	12	0	0	10	39	528	2017-02-17 14:40:17	2017-02-17 14:40:17	0.227000000000000007	2	\N	\N
272	2016	0	413	66	93	19	2	28	67	1	0	39	141	529	2017-02-17 14:40:17	2017-02-17 14:40:17	0.225000000000000006	28	\N	\N
273	2016	0	344	31	76	9	1	12	48	0	1	23	109	530	2017-02-17 14:40:17	2017-02-17 14:40:17	0.221000000000000002	5	\N	\N
274	2016	0	201	21	44	10	3	4	17	8	0	15	47	531	2017-02-17 14:40:17	2017-02-17 14:40:17	0.219	22	\N	\N
275	2016	0	284	26	62	9	1	4	20	5	2	15	58	532	2017-02-17 14:40:17	2017-02-17 14:40:17	0.217999999999999999	15	\N	\N
276	2016	0	427	60	93	18	1	15	46	4	1	29	104	533	2017-02-17 14:40:17	2017-02-17 14:40:17	0.217999999999999999	29	\N	\N
277	2016	0	299	33	65	10	0	14	34	1	0	40	112	534	2017-02-17 14:40:17	2017-02-17 14:40:17	0.216999999999999998	14	\N	\N
278	2016	0	276	48	60	17	5	20	51	1	1	42	105	535	2017-02-17 14:40:17	2017-02-17 14:40:17	0.216999999999999998	26	\N	\N
279	2016	0	241	33	52	8	1	8	33	1	0	38	58	536	2017-02-17 14:40:17	2017-02-17 14:40:17	0.215999999999999998	17	\N	\N
280	2016	0	19	3	4	1	0	0	1	0	0	1	12	537	2017-02-17 14:40:17	2017-02-17 14:40:17	0.210999999999999993	2	\N	\N
281	2016	0	295	23	62	14	0	7	24	0	0	38	83	538	2017-02-17 14:40:17	2017-02-17 14:40:17	0.209999999999999992	11	\N	\N
282	2016	0	329	41	69	16	3	11	32	2	1	45	123	539	2017-02-17 14:40:17	2017-02-17 14:40:17	0.209999999999999992	6	\N	\N
283	2016	0	268	25	56	16	0	5	31	1	0	12	49	540	2017-02-17 14:40:17	2017-02-17 14:40:17	0.208999999999999991	7	\N	\N
284	2016	0	164	16	34	7	0	12	31	0	0	21	65	541	2017-02-17 14:40:17	2017-02-17 14:40:17	0.20699999999999999	11	\N	\N
285	2016	0	369	38	76	10	0	15	54	4	1	43	121	542	2017-02-17 14:40:17	2017-02-17 14:40:17	0.205999999999999989	6	\N	\N
286	2016	0	198	23	40	6	0	4	23	7	2	23	69	543	2017-02-17 14:40:17	2017-02-17 14:40:17	0.202000000000000013	24	\N	\N
287	2016	0	215	28	41	9	1	12	24	1	0	21	80	544	2017-02-17 14:40:17	2017-02-17 14:40:17	0.191000000000000003	8	\N	\N
288	2016	0	226	23	42	10	0	8	25	0	0	25	82	545	2017-02-17 14:40:17	2017-02-17 14:40:17	0.185999999999999999	12	\N	\N
289	2016	0	415	50	77	17	0	14	42	9	2	36	139	546	2017-02-17 14:40:17	2017-02-17 14:40:17	0.185999999999999999	26	\N	\N
290	2016	0	135	16	25	1	3	2	13	9	1	6	48	547	2017-02-17 14:40:17	2017-02-17 14:40:17	0.184999999999999998	30	\N	\N
291	2016	0	84	10	15	2	0	4	10	0	1	9	42	548	2017-02-17 14:40:17	2017-02-17 14:40:17	0.178999999999999992	9	\N	\N
292	2016	0	246	30	42	5	1	12	38	0	0	41	104	549	2017-02-17 14:40:17	2017-02-17 14:40:17	0.171000000000000013	5	\N	\N
293	2016	0	251	22	42	11	1	9	34	0	0	9	69	550	2017-02-17 14:40:17	2017-02-17 14:40:17	0.16700000000000001	4	\N	\N
294	2016	0	122	11	20	3	0	3	8	0	0	18	48	551	2017-02-17 14:40:17	2017-02-17 14:40:17	0.164000000000000007	6	\N	\N
295	2016	0	50	2	7	1	0	0	1	0	1	5	10	552	2017-02-17 14:40:17	2017-02-17 14:40:17	0.140000000000000013	18	\N	\N
296	2016	0	16	0	2	0	0	0	0	0	0	1	8	553	2017-02-17 14:40:17	2017-02-17 14:40:17	0.125	24	\N	\N
297	2016	0	24	2	3	1	0	0	1	0	1	0	7	554	2017-02-17 14:40:17	2017-02-17 14:40:17	0.125	26	\N	\N
298	2016	0	12	0	1	0	0	0	0	0	0	1	6	555	2017-02-17 14:40:17	2017-02-17 14:40:17	0.0830000000000000043	11	\N	\N
299	2016	0	25	2	1	0	0	1	1	1	0	5	19	556	2017-02-17 14:40:17	2017-02-17 14:40:17	0.0400000000000000008	13	\N	\N
300	2016	0	2	3	0	0	0	0	0	2	1	0	1	557	2017-02-17 14:40:17	2017-02-17 14:40:17	0	14	\N	\N
301	2016	0	3	0	0	0	0	0	0	0	0	0	2	558	2017-02-17 14:40:17	2017-02-17 14:40:17	0	6	\N	\N
441	2017	143	542	90	168	32	1	31	101	0	\N	74	110	9	2017-02-19 07:45:23	2017-03-15 14:34:08.738476	0.307899999999999952	5	16.1000000000000014	147
446	2017	144	509	91	147	29	2	26	82	7	\N	112	120	4	2017-02-19 07:45:23	2017-03-15 14:34:08.746223	0.298499999999999988	18	23.1000000000000014	140
438	2017	146	534	94	149	32	2	32	102	7	\N	75	103	39	2017-02-19 07:45:23	2017-03-15 14:34:08.759439	0.285299999999999998	17	11.8000000000000007	139
434	2017	145	521	99	149	33	2	25	94	23	\N	99	140	29	2017-02-19 07:45:23	2017-03-15 14:34:08.76638	0.295799999999999952	15	5.90000000000000036	133
432	2017	145	581	105	180	38	4	25	95	23	\N	51	71	7	2017-02-19 07:45:23	2017-03-15 14:34:08.781577	0.309999999999999998	2	3.10000000000000009	132
433	2017	146	549	99	151	30	3	34	100	11	\N	72	153	37	2017-02-19 07:45:23	2017-03-15 14:34:08.789892	0.281299999999999994	17	4.70000000000000018	133
435	2017	147	577	101	167	36	4	38	120	2	\N	50	97	32	2017-02-19 07:45:23	2017-03-15 14:34:08.802161	0.29489999999999994	19	5.20000000000000018	114
448	2017	147	541	93	149	32	3	27	87	4	\N	85	145	23	2017-02-19 07:45:23	2017-03-15 14:34:08.811758	0.284099999999999964	16	28.8000000000000007	129
461	2017	142	532	86	150	30	3	23	85	10	\N	77	127	104	2017-02-19 07:45:23	2017-03-15 14:34:08.836805	0.28229999999999994	25	62.7000000000000028	129
481	2017	122	463	84	122	21	2	27	77	4	\N	61	126	374	2017-02-19 07:45:23	2017-03-15 14:34:08.84349	0.252799999999999969	17	75.2000000000000028	124
452	2017	137	551	83	153	32	2	29	94	3	1	47	126	26	2017-02-19 07:45:23	2017-03-16 13:40:20.32108	0.288999999999999979	19	57	107
482	2017	125	479	72	144	28	2	16	78	3	\N	52	59	44	2017-02-19 07:45:23	2017-03-15 14:34:08.865078	0.301400000000000001	27	44.3999999999999986	127
454	2017	142	546	81	161	34	3	16	79	13	\N	67	122	28	2017-02-19 07:45:23	2017-03-15 14:34:08.871151	0.293999999999999984	21	59.1000000000000014	123
480	2017	124	465	77	131	26	1	24	93	8	\N	47	98	49	2017-02-19 07:45:23	2017-03-15 14:34:08.883531	0.278200000000000003	2	74.5	120
453	2017	133	490	93	124	24	0	36	107	2	\N	69	107	94	2017-02-19 07:45:23	2017-03-15 14:34:08.897595	0.265900000000000025	4	24.1999999999999993	122
456	2017	124	485	74	136	25	3	26	81	14	\N	47	104	18	2017-02-19 07:45:23	2017-03-15 14:34:08.947166	0.282099999999999962	22	47	116
431	2017	146	595	94	186	37	4	16	79	28	\N	46	64	3	2017-02-19 07:45:23	2017-03-15 14:34:08.953119	0.320400000000000018	6	4.29999999999999982	124
491	2017	145	546	92	146	35	4	22	85	1	\N	85	131	75	2017-02-19 07:45:23	2017-03-15 14:34:08.965882	0.268000000000000016	28	65.5	120
467	2017	141	537	86	142	24	1	38	98	2	\N	53	149	46	2017-02-19 07:45:23	2017-03-15 14:34:08.971985	0.274500000000000022	11	39.2999999999999972	124
459	2017	142	556	74	157	29	1	28	97	1	\N	44	123	36	2017-02-19 07:45:23	2017-03-15 14:34:08.986153	0.286899999999999988	3	52.8999999999999986	119
458	2017	136	522	81	143	30	2	28	88	3	\N	47	152	17	2017-02-19 07:45:23	2017-03-15 14:34:08.992001	0.280599999999999961	5	49.5	118
502	2017	123	475	59	127	24	1	25	72	6	\N	40	102	377	2017-02-19 07:45:23	2017-03-15 14:34:08.999147	0.259599999999999997	9	50.7000000000000028	118
455	2017	145	577	88	166	31	2	27	89	2	\N	46	92	27	2017-02-19 07:45:23	2017-03-15 14:34:09.112212	0.287999999999999978	11	30.3999999999999986	121
449	2017	145	570	95	169	33	2	17	80	10	\N	49	100	33	2017-02-19 07:45:23	2017-03-15 14:34:09.11955	0.295300000000000007	2	32.6000000000000014	112
442	2017	143	582	88	175	30	8	15	61	42	\N	41	120	368	2017-02-19 07:45:23	2017-03-15 14:34:09.134588	0.280700000000000005	29	13.5	114
440	2017	142	583	99	168	31	5	23	73	26	\N	43	107	5	2017-02-19 07:45:23	2017-03-15 14:34:09.140435	0.300599999999999978	19	16.3000000000000007	97
483	2017	141	562	88	173	28	6	9	59	14	\N	54	95	1	2017-02-19 07:45:23	2017-03-15 14:34:09.159836	0.312899999999999956	19	91.9000000000000057	96
503	2017	132	485	72	117	24	1	31	79	2	\N	66	177	378	2017-02-19 07:45:23	2017-03-15 14:34:09.174113	0.234699999999999964	8	117.700000000000003	114
494	2017	135	512	82	133	23	1	36	96	2	\N	43	140	103	2017-02-19 07:45:23	2017-03-15 14:34:09.187285	0.259699999999999986	1	79.0999999999999943	113
464	2017	145	534	83	143	29	2	26	91	4	\N	59	99	58	2017-02-19 07:45:23	2017-03-15 14:34:09.199374	0.274000000000000021	11	60.7999999999999972	119
465	2017	131	485	87	127	27	5	29	89	15	\N	45	147	370	2017-02-19 07:45:23	2017-03-15 14:34:09.233432	0.26100000000000001	19	34.1000000000000014	95
473	2017	145	561	79	156	30	2	22	91	5	\N	57	115	85	2017-02-19 07:45:23	2017-03-15 14:34:09.246293	0.274499999999999966	30	103.900000000000006	112
466	2017	135	532	82	140	28	2	30	93	4	\N	43	125	57	2017-02-19 07:45:23	2017-03-15 14:34:09.310205	0.271699999999999997	23	53.5	114
445	2017	129	511	80	148	31	4	14	64	41	\N	30	115	13	2017-02-19 07:45:23	2017-03-15 14:34:09.31656	0.292499999999999982	25	23.6000000000000014	112
447	2017	146	579	92	168	30	3	14	75	19	\N	52	87	24	2017-02-19 07:45:23	2017-03-15 14:34:09.369014	0.296300000000000008	4	30.3999999999999986	109
469	2017	138	529	83	136	25	3	23	80	18	\N	61	138	100	2017-02-19 07:45:23	2017-03-15 14:34:09.39109	0.255299999999999971	26	51.7999999999999972	112
492	2017	138	556	85	161	32	1	12	63	5	\N	56	73	8	2017-02-19 07:45:23	2017-03-15 14:34:09.417508	0.293199999999999961	2	136	105
500	2017	134	507	70	138	27	4	20	74	1	\N	40	114	87	2017-02-19 07:45:23	2017-03-15 14:34:09.448569	0.266699999999999993	21	178.300000000000011	108
499	2017	144	582	91	168	30	6	10	56	15	\N	53	108	53	2017-02-19 07:45:23	2017-03-15 14:34:09.455726	0.290799999999999947	29	126	106
451	2017	146	567	98	140	30	3	32	84	15	\N	65	130	79	2017-02-19 07:45:23	2017-03-15 14:34:09.488584	0.249099999999999988	8	34.3999999999999986	107
489	2017	138	529	84	141	29	4	22	80	9	\N	48	92	375	2017-02-19 07:45:23	2017-03-15 14:34:09.495389	0.269100000000000006	6	82.0999999999999943	111
498	2017	140	548	80	147	31	1	26	98	4	\N	41	142	81	2017-02-19 07:45:23	2017-03-15 14:34:09.562653	0.267299999999999982	16	98.2999999999999972	105
501	2017	137	514	77	147	33	3	9	63	21	\N	44	56	12	2017-02-19 07:45:23	2017-03-15 14:34:09.57463	0.286299999999999943	4	111.5	105
486	2017	143	552	80	148	32	3	19	81	7	\N	48	120	69	2017-02-19 07:45:23	2017-03-15 14:34:09.650342	0.270100000000000007	28	121.599999999999994	104
484	2017	141	553	84	148	33	3	15	69	15	\N	59	122	62	2017-02-19 07:45:23	2017-03-15 14:34:09.676904	0.276100000000000012	4	85.5	104
463	2017	141	547	80	145	31	3	17	74	21	\N	56	115	101	2017-02-19 07:45:23	2017-03-15 14:34:09.702411	0.262900000000000023	25	69.7999999999999972	105
479	2017	146	552	82	132	26	1	33	89	14	\N	54	141	142	2017-02-19 07:45:23	2017-03-15 14:34:09.807287	0.242499999999999993	3	74.5	101
471	2017	142	582	96	156	30	4	19	76	12	\N	40	97	43	2017-02-19 07:45:23	2017-03-15 14:34:09.910273	0.277100000000000013	5	74.9000000000000057	98
488	2017	142	586	76	160	26	4	12	53	27	\N	31	94	6	2017-02-19 07:45:23	2017-03-15 14:34:10.519231	0.272299999999999986	11	56.2999999999999972	94
475	2017	135	571	84	159	21	8	2	36	54	\N	34	95	372	2017-02-19 07:45:23	2017-03-15 14:34:10.860221	0.282899999999999985	21	55.1000000000000014	83
537	2017	\N	\N	63	\N	\N	\N	25	77	5	\N	\N	\N	389	2017-02-19 07:45:23	2017-02-19 07:45:23	0.263000000000000012	25	\N	\N
534	2017	129	440	62	105	20	1	23	61	8	\N	75	140	387	2017-02-19 07:45:23	2017-03-15 14:34:09.011171	0.230599999999999972	20	212.300000000000011	120
512	2017	132	513	77	142	30	2	23	83	4	\N	45	101	63	2017-02-19 07:45:23	2017-03-15 14:34:09.15386	0.281499999999999972	20	117.299999999999997	118
540	2017	123	460	80	124	28	2	15	62	5	\N	69	71	72	2017-02-19 07:45:23	2017-03-15 14:34:09.206262	0.268299999999999983	17	150.199999999999989	113
558	2017	131	509	68	136	30	2	21	75	1	\N	43	79	398	2017-02-19 07:45:23	2017-03-15 14:34:09.263685	0.271900000000000031	30	217.400000000000006	111
577	2017	125	454	52	115	23	1	16	55	4	\N	59	150	407	2017-02-19 07:45:23	2017-03-15 14:34:09.270684	0.248099999999999987	22	280.300000000000011	108
533	2017	112	386	51	91	17	1	22	63	1	\N	63	111	386	2017-02-19 07:45:23	2017-03-15 14:34:09.290085	0.237699999999999967	20	156.699999999999989	115
515	2017	128	501	68	141	31	3	15	62	6	\N	41	80	383	2017-02-19 07:45:23	2017-03-15 14:34:09.297076	0.281299999999999994	28	133.099999999999994	111
518	2017	134	511	62	144	25	1	21	78	1	\N	46	79	42	2017-02-19 07:45:23	2017-03-15 14:34:09.322546	0.27679999999999999	5	220.900000000000006	111
546	2017	138	542	67	147	29	2	24	84	2	\N	40	94	106	2017-02-19 07:45:23	2017-03-15 14:34:09.397861	0.263600000000000001	24	126.400000000000006	109
587	2017	121	435	55	116	22	2	15	52	6	\N	44	69	414	2017-02-19 07:45:23	2017-03-15 14:34:09.403837	0.26980000000000004	6	297.600000000000023	113
531	2017	134	513	85	131	25	5	14	47	14	\N	79	133	60	2017-02-19 07:45:23	2017-03-15 14:34:09.502562	0.260599999999999998	28	166.300000000000011	107
543	2017	141	560	70	161	32	3	13	77	2	\N	44	75	30	2017-02-19 07:45:23	2017-03-15 14:34:09.51601	0.283100000000000018	3	250.699999999999989	107
582	2017	122	456	60	119	21	2	20	61	2	\N	45	95	410	2017-02-19 07:45:23	2017-03-15 14:34:09.528855	0.268000000000000016	23	240.5	109
524	2017	117	442	64	115	22	1	22	71	1	\N	43	97	109	2017-02-19 07:45:23	2017-03-15 14:34:09.535752	0.267699999999999994	14	135.599999999999994	106
566	2017	96	337	46	74	14	1	24	57	2	\N	46	124	143	2017-02-19 07:45:23	2017-03-15 14:34:09.550973	0.225599999999999995	9	246.5	107
528	2017	137	511	75	129	27	6	24	82	5	\N	58	145	117	2017-02-19 07:45:23	2017-03-15 14:34:09.556771	0.257900000000000018	15	145.099999999999994	100
581	2017	124	482	62	132	25	7	13	62	6	\N	36	108	409	2017-02-19 07:45:23	2017-03-15 14:34:09.598662	0.275800000000000045	15	271	99
576	2017	117	449	63	119	23	2	15	63	4	\N	41	105	406	2017-02-19 07:45:23	2017-03-15 14:34:09.656161	0.27789999999999998	27	195.099999999999994	108
530	2017	122	472	56	127	27	1	19	68	1	\N	35	95	31	2017-02-19 07:45:23	2017-03-15 14:34:09.67004	0.263400000000000023	6	204.300000000000011	107
542	2017	129	475	60	126	27	4	19	72	1	\N	37	123	391	2017-02-19 07:45:23	2017-03-15 14:34:09.695169	0.264600000000000002	5	189.199999999999989	104
538	2017	133	503	81	118	23	3	24	60	5	\N	70	128	136	2017-02-19 07:45:23	2017-03-15 14:34:09.710554	0.237799999999999956	23	255.5	106
510	2017	134	510	69	134	27	0	20	86	0	\N	52	108	51	2017-02-19 07:45:23	2017-03-15 14:34:09.722526	0.27250000000000002	20	155.300000000000011	106
514	2017	136	522	71	131	25	4	24	74	8	\N	51	133	126	2017-02-19 07:45:23	2017-03-15 14:34:09.75869	0.250299999999999967	12	143.5	105
560	2017	96	364	57	96	19	1	20	75	3	\N	21	76	400	2017-02-19 07:45:23	2017-03-15 14:34:09.77774	0.269600000000000006	7	253.900000000000006	107
539	2017	102	380	50	93	17	2	24	63	1	\N	28	96	390	2017-02-19 07:45:23	2017-03-15 14:34:09.795706	0.251000000000000001	6	135.300000000000011	104
523	2017	131	520	73	134	26	2	19	56	7	\N	48	120	90	2017-02-19 07:45:23	2017-03-15 14:34:09.839847	0.259099999999999997	20	218.900000000000006	104
578	2017	114	412	51	103	17	1	22	60	1	\N	35	98	408	2017-02-19 07:45:23	2017-03-15 14:34:09.846993	0.25109999999999999	28	239	100
527	2017	122	449	59	111	25	3	22	65	5	\N	28	129	385	2017-02-19 07:45:23	2017-03-15 14:34:09.880707	0.246599999999999986	28	221.800000000000011	99
580	2017	135	534	62	151	29	3	8	63	2	\N	42	72	19	2017-02-19 07:45:23	2017-03-15 14:34:09.904171	0.29109999999999997	21	319.600000000000023	99
520	2017	144	572	78	156	26	4	12	49	20	\N	53	131	48	2017-02-19 07:45:23	2017-03-15 14:34:09.949351	0.273699999999999999	24	135.400000000000006	97
575	2017	117	442	45	126	26	1	7	52	2	\N	30	58	15	2017-02-19 07:45:23	2017-03-15 14:34:10.001234	0.286099999999999965	28	224.800000000000011	98
564	2017	132	524	57	144	29	2	15	60	1	\N	28	108	468	2017-02-19 07:45:23	2017-03-15 14:34:10.025192	0.274000000000000021	10	202.5	102
572	2017	115	473	68	130	28	1	13	59	7	\N	30	95	404	2017-02-19 07:45:23	2017-03-15 14:34:10.055486	0.276100000000000012	14	204.300000000000011	96
550	2017	137	516	72	135	27	1	24	75	2	\N	21	115	83	2017-02-19 07:45:23	2017-03-15 14:34:10.070505	0.260299999999999976	1	158	95
588	2017	118	454	55	118	24	2	14	59	0	\N	40	83	114	2017-02-19 07:45:23	2017-03-15 14:34:10.108012	0.261699999999999988	10	229	101
556	2017	115	422	57	109	20	1	17	68	15	\N	24	108	396	2017-02-19 07:45:23	2017-03-15 14:34:10.115416	0.266000000000000014	17	115.799999999999997	95
519	2017	139	499	66	138	27	4	5	56	23	\N	44	72	22	2017-02-19 07:45:23	2017-03-15 14:34:10.213554	0.278399999999999981	13	170.699999999999989	91
541	2017	120	457	54	120	23	1	19	64	0	\N	20	88	120	2017-02-19 07:45:23	2017-03-15 14:34:10.225099	0.256000000000000005	30	189.900000000000006	93
516	2017	127	489	72	114	22	3	28	89	5	\N	34	140	129	2017-02-19 07:45:23	2017-03-15 14:34:10.262842	0.232999999999999985	18	152.900000000000006	91
526	2017	116	433	67	102	22	3	24	82	5	\N	41	109	116	2017-02-19 07:45:23	2017-03-15 14:34:10.270009	0.240299999999999958	23	191.599999999999994	97
583	2017	93	332	38	82	16	0	13	54	1	\N	27	91	411	2017-02-19 07:45:23	2017-03-15 14:34:10.308446	0.250099999999999989	1	212.5	91
547	2017	142	513	62	130	25	6	13	77	5	\N	51	117	65	2017-02-19 07:45:23	2017-03-15 14:34:10.317427	0.257900000000000018	27	212.599999999999994	96
551	2017	106	381	50	88	13	1	16	57	1	\N	41	83	393	2017-02-19 07:45:23	2017-03-15 14:34:10.334058	0.234199999999999992	6	198.900000000000006	95
557	2017	93	336	43	84	16	1	14	56	1	\N	26	72	397	2017-02-19 07:45:23	2017-03-15 14:34:10.413365	0.257299999999999973	12	229.199999999999989	89
536	2017	133	484	61	133	30	2	9	54	17	\N	24	79	84	2017-02-19 07:45:23	2017-03-15 14:34:10.437652	0.269400000000000028	14	299.100000000000023	90
567	2017	143	537	64	141	27	2	15	63	5	\N	34	84	61	2017-02-19 07:45:23	2017-03-15 14:34:10.453514	0.264399999999999968	9	253.599999999999994	91
545	2017	139	527	58	141	27	1	16	67	4	\N	27	100	76	2017-02-19 07:45:23	2017-03-15 14:34:10.491576	0.268399999999999972	9	248.300000000000011	90
535	2017	138	535	70	138	27	4	10	59	9	\N	47	120	388	2017-02-19 07:45:23	2017-03-15 14:34:10.510198	0.256199999999999983	16	172	89
532	2017	115	437	62	117	22	3	11	58	33	\N	25	72	45	2017-02-19 07:45:23	2017-03-15 14:34:10.564285	0.276399999999999979	27	106.5	92
589	2017	111	405	54	105	19	2	6	41	15	\N	38	87	415	2017-02-19 07:45:23	2017-03-15 14:34:10.612451	0.254099999999999993	7	294.5	93
574	2017	114	457	60	129	20	4	5	44	36	\N	21	64	405	2017-02-19 07:45:23	2017-03-15 14:34:10.712545	0.275000000000000022	18	130.599999999999994	83
570	2017	125	466	58	103	20	4	13	47	38	\N	54	174	403	2017-02-19 07:45:23	2017-03-15 14:34:10.824857	0.233199999999999963	22	207	79
553	2017	126	492	62	123	24	3	9	43	36	\N	34	110	394	2017-02-19 07:45:23	2017-03-15 14:34:10.850699	0.243999999999999995	10	228.599999999999994	88
586	2017	145	578	62	152	26	5	5	49	18	\N	26	84	98	2017-02-19 07:45:23	2017-03-15 14:34:11.534446	0.261599999999999999	30	337.199999999999989	71
615	2017	126	473	61	123	24	2	14	47	6	\N	68	131	514	2017-02-19 07:45:23	2017-03-15 14:34:09.193224	0.256199999999999983	13	313.5	111
656	2017	96	345	41	89	19	1	15	42	1	\N	36	78	470	2017-02-19 07:45:23	2017-03-15 14:34:09.239875	0.27090000000000003	14	411.600000000000023	113
614	2017	108	384	56	93	19	1	22	64	1	\N	54	108	526	2017-02-19 07:45:23	2017-03-15 14:34:09.283141	0.242699999999999971	23	331.600000000000023	115
660	2017	0	1	17	0	0	0	4	16	0	\N	0	0	474	2017-02-19 07:45:23	2017-03-15 14:34:09.430717	0.261599999999999999	19	610	90
590	2017	130	494	62	128	24	1	26	74	1	\N	31	106	416	2017-02-19 07:45:23	2017-03-15 14:34:09.462695	0.26040000000000002	24	217.699999999999989	107
659	2017	97	334	50	83	14	1	19	54	4	\N	36	108	548	2017-02-19 07:45:23	2017-03-15 14:34:09.568427	0.23329999999999998	9	317	106
610	2017	115	419	66	107	22	1	16	58	4	\N	53	111	124	2017-02-19 07:45:23	2017-03-15 14:34:09.5908	0.244099999999999984	29	348.100000000000023	103
635	2017	101	373	52	97	20	1	14	57	2	\N	33	89	533	2017-02-19 07:45:23	2017-03-15 14:34:09.604547	0.245999999999999996	29	382.899999999999977	103
623	2017	131	482	67	126	24	6	16	74	10	\N	50	96	522	2017-02-19 07:45:23	2017-03-15 14:34:09.618053	0.258500000000000008	8	232.199999999999989	104
612	2017	118	421	62	100	20	2	21	68	1	\N	47	135	529	2017-02-19 07:45:23	2017-03-15 14:34:09.626292	0.232800000000000007	30	335.800000000000011	103
593	2017	53	195	27	50	10	1	10	32	2	\N	12	58	418	2017-02-19 07:45:23	2017-03-15 14:34:09.664035	0.259699999999999986	19	241.099999999999994	86
653	2017	49	187	24	49	10	0	8	32	1	\N	14	46	505	2017-02-19 07:45:23	2017-03-15 14:34:09.689269	0.256000000000000005	28	485.399999999999977	104
646	2017	118	423	57	102	23	2	19	52	2	\N	54	131	111	2017-02-19 07:45:23	2017-03-15 14:34:09.765061	0.23580000000000001	24	358.5	101
609	2017	104	382	43	104	22	1	9	46	0	\N	28	66	428	2017-02-19 07:45:23	2017-03-15 14:34:09.786631	0.274800000000000044	2	347.800000000000011	97
601	2017	126	477	68	132	24	5	9	57	4	\N	46	53	131	2017-02-19 07:45:23	2017-03-15 14:34:09.82617	0.266199999999999992	27	307.699999999999989	104
597	2017	115	411	52	105	25	1	17	66	1	\N	35	106	139	2017-02-19 07:45:23	2017-03-15 14:34:09.865629	0.266199999999999992	2	320.199999999999989	96
626	2017	115	440	65	123	24	2	9	50	9	\N	36	87	107	2017-02-19 07:45:23	2017-03-15 14:34:09.887351	0.269900000000000029	24	333.199999999999989	99
667	2017	127	461	64	114	23	2	17	55	7	\N	54	135	145	2017-02-19 07:45:23	2017-03-15 14:34:09.894437	0.242399999999999977	30	331.699999999999989	97
603	2017	80	296	45	78	15	1	14	53	1	\N	18	43	425	2017-02-19 07:45:23	2017-03-15 14:34:09.918315	0.263299999999999979	23	405	101
608	2017	99	358	49	88	17	1	18	55	3	\N	34	93	127	2017-02-19 07:45:23	2017-03-15 14:34:10.017688	0.237999999999999989	22	318.600000000000023	93
627	2017	81	285	31	72	15	1	7	29	0	\N	26	55	508	2017-02-19 07:45:23	2017-03-15 14:34:10.035343	0.251900000000000013	23	288.199999999999989	100
618	2017	115	412	58	109	16	5	10	48	13	\N	34	70	515	2017-02-19 07:45:23	2017-03-15 14:34:10.083525	0.258400000000000019	28	324.100000000000023	97
638	2017	77	293	42	81	18	2	6	34	6	\N	17	56	503	2017-02-19 07:45:23	2017-03-15 14:34:10.122163	0.277000000000000024	19	453.100000000000023	78
620	2017	131	494	58	124	29	2	22	67	2	\N	36	128	123	2017-02-19 07:45:23	2017-03-15 14:34:10.15269	0.254800000000000026	12	275.699999999999989	99
643	2017	120	420	59	105	20	1	13	53	5	\N	45	107	115	2017-02-19 07:45:23	2017-03-15 14:34:10.162129	0.251000000000000001	9	425	96
619	2017	33	115	10	28	6	0	3	11	0	\N	13	32	551	2017-02-19 07:45:23	2017-03-15 14:34:10.192037	0.22909999999999997	6	402.399999999999977	98
650	2017	102	372	39	95	19	0	8	39	0	\N	34	109	484	2017-02-19 07:45:23	2017-03-15 14:34:10.19967	0.252500000000000002	25	473.699999999999989	97
632	2017	122	437	65	95	21	3	24	73	2	\N	51	133	535	2017-02-19 07:45:23	2017-03-15 14:34:10.238718	0.223600000000000021	26	284	97
636	2017	98	365	56	93	19	1	16	51	1	\N	28	92	47	2017-02-19 07:45:23	2017-03-15 14:34:10.253009	0.262699999999999989	11	313.300000000000011	99
604	2017	124	473	62	118	26	2	18	58	5	\N	38	98	56	2017-02-19 07:45:23	2017-03-15 14:34:10.380854	0.261900000000000022	23	276.399999999999977	95
625	2017	130	453	61	97	19	1	19	59	8	\N	40	153	146	2017-02-19 07:45:23	2017-03-15 14:34:11.696207	0.21329999999999999	7	384.100000000000023	76
661	2017	16	54	17	14	3	0	1	14	2	\N	5	12	498	2017-02-19 07:45:23	2017-03-15 14:34:10.431523	0.25880000000000003	2	467.399999999999977	87
616	2017	70	242	39	59	13	0	10	38	4	\N	24	66	546	2017-02-19 07:45:23	2017-03-15 14:34:10.476601	0.222699999999999981	29	313.5	88
669	2017	65	223	11	52	10	1	3	12	0	\N	23	62	520	2017-02-19 07:45:23	2017-03-15 14:34:10.531864	0.220299999999999996	22	453.600000000000023	85
664	2017	98	370	57	100	20	1	15	64	4	\N	17	67	70	2017-02-19 07:45:23	2017-03-15 14:34:10.572262	0.26369999999999999	16	324.5	87
637	2017	62	225	26	51	10	1	9	34	1	\N	21	57	552	2017-02-19 07:45:23	2017-03-15 14:34:10.587376	0.242699999999999971	18	287.699999999999989	85
595	2017	129	503	55	125	24	2	21	65	4	\N	26	124	420	2017-02-19 07:45:23	2017-03-15 14:34:10.641479	0.256699999999999984	26	202.699999999999989	90
645	2017	62	239	13	63	13	1	2	12	1	\N	15	48	93	2017-02-19 07:45:23	2017-03-15 14:34:10.65019	0.267100000000000004	22	483.300000000000011	83
607	2017	95	331	34	73	14	0	14	42	0	\N	26	108	541	2017-02-19 07:45:23	2017-03-15 14:34:10.681734	0.210899999999999976	11	303.899999999999977	91
634	2017	101	365	56	94	18	3	12	47	8	\N	17	86	487	2017-02-19 07:45:23	2017-03-15 14:34:10.770583	0.256199999999999983	8	377.399999999999977	83
613	2017	83	302	34	71	15	1	14	46	1	\N	22	89	504	2017-02-19 07:45:23	2017-03-15 14:34:10.879123	0.235699999999999965	24	268.199999999999989	83
621	2017	88	326	40	85	17	5	4	35	13	\N	18	70	480	2017-02-19 07:45:23	2017-03-15 14:34:10.889224	0.255000000000000004	15	312.800000000000011	77
599	2017	97	369	51	96	15	4	2	30	40	\N	30	66	422	2017-02-19 07:45:23	2017-03-15 14:34:10.89524	0.252599999999999991	11	280.399999999999977	87
600	2017	142	594	72	160	27	5	9	44	25	\N	23	149	423	2017-02-19 07:45:23	2017-03-15 14:34:10.959919	0.269000000000000017	3	174.5	82
651	2017	99	342	42	76	17	2	10	39	1	\N	37	113	539	2017-02-19 07:45:23	2017-03-15 14:34:10.986089	0.223999999999999977	8	362.100000000000023	81
663	2017	59	215	27	54	9	1	5	26	10	\N	15	44	476	2017-02-19 07:45:23	2017-03-15 14:34:11.059272	0.252299999999999969	3	431.899999999999977	81
631	2017	124	492	61	128	22	6	5	42	30	\N	29	73	512	2017-02-19 07:45:23	2017-03-15 14:34:11.094288	0.26040000000000002	26	245.599999999999994	83
606	2017	97	366	40	95	18	2	8	44	21	\N	16	76	427	2017-02-19 07:45:23	2017-03-15 14:34:11.124046	0.254000000000000004	22	225.900000000000006	75
624	2017	89	316	32	75	17	1	10	40	0	\N	16	86	550	2017-02-19 07:45:23	2017-03-15 14:34:11.139288	0.238399999999999973	4	314	79
665	2017	135	522	67	130	22	4	3	28	38	\N	52	129	510	2017-02-19 07:45:23	2017-03-15 14:34:11.178102	0.236399999999999999	26	283.100000000000023	81
657	2017	70	239	32	58	12	1	6	32	0	\N	21	60	467	2017-02-19 07:45:23	2017-03-15 14:34:11.201241	0.25109999999999999	2	293.199999999999989	74
654	2017	121	419	56	102	17	2	11	41	21	\N	32	112	119	2017-02-19 07:45:23	2017-03-15 14:34:11.302699	0.239199999999999968	11	273.100000000000023	81
617	2017	135	497	55	122	24	4	9	52	20	\N	31	99	531	2017-02-19 07:45:23	2017-03-15 14:34:11.328296	0.241099999999999981	22	280.300000000000011	72
668	2017	76	277	47	67	12	2	11	48	10	\N	15	60	128	2017-02-19 07:45:23	2017-03-15 14:34:11.509118	0.244099999999999984	24	337.300000000000011	73
647	2017	0	1	46	0	0	0	6	41	9	\N	0	0	497	2017-02-19 07:45:23	2017-03-15 14:34:11.671735	0.254390000000000005	12	999	74
727	2017	\N	\N	63	\N	\N	\N	18	53	13	\N	\N	\N	424	2017-03-02 14:12:36.667039	2017-03-02 14:12:36.667039	0.234999999999999987	12	\N	\N
728	2017	\N	\N	54	\N	\N	\N	21	60	1	\N	\N	\N	645	2017-03-08 14:47:23.250136	2017-03-08 14:47:23.250136	0.253000000000000003	9	\N	\N
430	2017	146	526	111	160	31	4	33	99	21	\N	100	133	10	2017-02-19 07:45:23	2017-03-15 14:34:08.684154	0.301599999999999979	7	1.19999999999999996	168
439	2017	139	489	93	140	27	2	29	89	15	\N	105	111	125	2017-02-19 07:45:23	2017-03-15 14:34:08.730766	0.280399999999999983	29	11.1999999999999993	147
457	2017	120	441	75	118	23	1	36	96	3	\N	64	144	369	2017-02-19 07:45:23	2017-03-15 14:34:08.75281	0.258900000000000019	21	36.6000000000000014	141
437	2017	143	538	111	148	30	3	34	102	6	\N	82	119	54	2017-02-19 07:45:23	2017-03-15 14:34:08.774378	0.281299999999999994	14	10.3000000000000007	137
436	2017	145	575	98	169	34	1	35	93	6	\N	53	101	35	2017-02-19 07:45:23	2017-03-15 14:34:08.795848	0.292599999999999971	1	8.09999999999999964	133
476	2017	125	447	84	111	22	1	29	87	3	\N	83	101	138	2017-02-19 07:45:23	2017-03-15 14:34:08.821246	0.248299999999999965	14	101.5	129
726	2017	128	470	77	128	24	2	27	84	14	\N	51	129	641	2017-02-20 21:18:06.655841	2017-03-15 14:34:08.829966	0.260099999999999998	22	215.300000000000011	124
487	2017	146	537	84	136	28	2	27	84	6	\N	101	110	99	2017-02-19 07:45:23	2017-03-15 14:34:08.857886	0.249499999999999972	4	115	125
450	2017	130	518	79	164	37	3	19	93	4	\N	35	57	2	2017-02-19 07:45:23	2017-03-15 14:34:08.877406	0.319099999999999995	29	42.5	121
568	2017	117	432	55	123	24	3	15	54	5	\N	40	95	401	2017-02-19 07:45:23	2017-03-15 14:34:08.88945	0.271399999999999975	20	214.099999999999994	126
655	2017	118	434	50	118	22	1	18	59	1	\N	51	90	509	2017-02-19 07:45:23	2017-03-15 14:34:08.904706	0.260500000000000009	9	277.300000000000011	122
443	2017	145	554	81	154	33	3	23	96	15	\N	68	119	66	2017-02-19 07:45:23	2017-03-15 14:34:08.939547	0.277299999999999991	6	16.8000000000000007	125
460	2017	140	535	102	138	24	3	28	77	12	\N	74	153	97	2017-02-19 07:45:23	2017-03-15 14:34:08.958919	0.262900000000000023	6	32.5	124
470	2017	132	517	79	152	27	2	23	87	1	\N	42	67	25	2017-02-19 07:45:23	2017-03-15 14:34:08.978542	0.294699999999999962	13	87.9000000000000057	116
444	2017	146	585	95	167	36	3	23	76	4	\N	48	115	14	2017-02-19 07:45:23	2017-03-15 14:34:09.005252	0.29269999999999996	20	19.3000000000000007	120
677	2017	101	370	63	96	22	2	15	58	0	\N	47	87	506	2017-02-19 07:45:23	2017-03-15 14:34:09.219918	0.26100000000000001	1	435.600000000000023	113
690	2017	46	171	40	47	9	0	12	49	0	\N	17	36	516	2017-02-19 07:45:23	2017-03-15 14:34:09.409793	0.265199999999999991	29	515.200000000000045	107
718	2017	79	297	50	81	17	2	11	49	3	\N	23	59	501	2017-02-19 07:45:23	2017-03-15 14:34:09.644316	0.265699999999999992	26	374.600000000000023	107
678	2017	113	390	52	91	19	2	14	51	1	\N	67	108	513	2017-02-19 07:45:23	2017-03-15 14:34:09.74473	0.233399999999999996	10	540.299999999999955	106
675	2017	105	376	35	93	17	1	11	36	4	\N	40	81	519	2017-02-19 07:45:23	2017-03-15 14:34:09.814238	0.2505	12	580.399999999999977	104
705	2017	107	383	48	104	23	1	7	46	2	\N	38	59	110	2017-02-19 07:45:23	2017-03-15 14:34:09.859815	0.267100000000000004	10	537.700000000000045	105
722	2017	49	180	33	49	10	1	7	37	2	\N	14	33	67	2017-02-19 07:45:23	2017-03-15 14:34:09.99426	0.263000000000000012	30	453.300000000000011	96
682	2017	126	511	71	141	28	4	8	46	12	\N	47	70	86	2017-02-19 07:45:23	2017-03-15 14:34:10.009096	0.270399999999999974	27	337.699999999999989	101
691	2017	111	400	49	105	16	1	11	46	4	\N	31	106	511	2017-02-19 07:45:23	2017-03-15 14:34:10.101329	0.250099999999999989	3	457	96
714	2017	123	485	56	135	23	1	6	40	1	\N	42	70	20	2017-02-19 07:45:23	2017-03-15 14:34:10.129876	0.278299999999999992	7	446.600000000000023	101
699	2017	99	354	47	93	20	2	9	54	4	\N	26	74	471	2017-02-19 07:45:23	2017-03-15 14:34:10.178873	0.269299999999999984	4	447.100000000000023	94
704	2017	32	107	16	25	5	0	4	17	0	\N	16	31	538	2017-02-19 07:45:23	2017-03-15 14:34:10.21934	0.231399999999999995	15	641.299999999999955	88
703	2017	85	318	36	88	19	2	7	32	13	\N	17	63	466	2017-02-19 07:45:23	2017-03-15 14:34:10.287564	0.278100000000000014	20	338.600000000000023	97
707	2017	97	338	44	76	15	1	15	50	1	\N	42	108	534	2017-02-19 07:45:23	2017-03-15 14:34:10.297901	0.228899999999999992	14	543.799999999999955	92
724	2017	92	334	45	90	17	2	6	35	9	\N	25	55	59	2017-02-19 07:45:23	2017-03-15 14:34:10.404979	0.266500000000000015	27	455.300000000000011	91
693	2017	45	156	22	41	8	1	2	14	9	\N	15	34	557	2017-02-19 07:45:23	2017-03-15 14:34:10.46291	0.253000000000000003	14	693	90
689	2017	49	162	19	38	6	0	5	22	0	\N	21	42	536	2017-02-19 07:45:23	2017-03-15 14:34:10.548674	0.239499999999999991	17	472.800000000000011	88
671	2017	116	404	50	106	21	2	8	48	2	\N	34	71	102	2017-02-19 07:45:23	2017-03-15 14:34:10.658008	0.256399999999999961	25	489.199999999999989	89
702	2017	94	335	38	85	18	1	5	33	0	\N	30	62	490	2017-02-19 07:45:23	2017-03-15 14:34:10.693474	0.253000000000000003	10	527.600000000000023	91
692	2017	0	1	9	0	0	0	0	7	1	\N	0	0	493	2017-02-19 07:45:23	2017-03-15 14:34:10.737934	0.266199999999999992	1	999	90
697	2017	64	219	22	54	11	1	2	18	5	\N	26	46	502	2017-02-19 07:45:23	2017-03-15 14:34:10.778697	0.236899999999999999	16	579.399999999999977	83
708	2017	73	265	25	62	14	1	6	26	7	\N	24	76	543	2017-02-19 07:45:23	2017-03-15 14:34:10.833334	0.22799999999999998	24	428.600000000000023	83
706	2017	80	278	25	66	13	0	9	35	0	\N	21	93	483	2017-02-19 07:45:23	2017-03-15 14:34:10.869704	0.236299999999999982	16	340.699999999999989	82
673	2017	59	201	22	51	8	2	2	15	16	\N	18	45	518	2017-02-19 07:45:23	2017-03-15 14:34:10.930489	0.243799999999999961	12	339	86
723	2017	90	318	38	73	14	2	10	33	14	\N	29	100	134	2017-02-19 07:45:23	2017-03-15 14:34:10.950244	0.231099999999999972	14	349.600000000000023	82
717	2017	0	1	7	0	0	0	2	8	0	\N	0	0	549	2017-02-19 07:45:23	2017-03-15 14:34:10.979526	0.207599999999999951	14	642.100000000000023	82
725	2017	70	253	18	64	13	1	4	17	2	\N	13	58	108	2017-02-19 07:45:23	2017-03-15 14:34:11.00613	0.253099999999999992	6	465	85
686	2017	43	158	19	38	8	1	4	15	1	\N	12	33	113	2017-02-19 07:45:23	2017-03-15 14:34:11.041345	0.242699999999999971	20	576.700000000000045	85
701	2017	112	398	44	100	20	0	9	44	0	\N	24	77	486	2017-02-19 07:45:23	2017-03-15 14:34:11.108862	0.256599999999999995	1	452.399999999999977	78
721	2017	34	123	16	31	7	0	2	22	0	\N	8	19	499	2017-02-19 07:45:23	2017-03-15 14:34:11.207964	0.253099999999999992	16	527.299999999999955	77
698	2017	81	278	20	68	13	2	1	20	2	\N	25	67	496	2017-02-19 07:45:23	2017-03-15 14:34:11.244405	0.243599999999999983	19	441.5	60
688	2017	10	36	13	9	2	0	2	12	1	\N	2	9	521	2017-02-19 07:45:23	2017-03-15 14:34:11.291291	0.231199999999999989	10	792.399999999999977	81
694	2017	63	233	14	58	11	0	3	16	2	\N	12	53	527	2017-02-19 07:45:23	2017-03-15 14:34:11.352948	0.238899999999999973	26	742.5	79
713	2017	29	110	25	26	4	1	2	12	13	\N	9	28	491	2017-02-19 07:45:23	2017-03-15 14:34:11.3677	0.245199999999999974	24	368.800000000000011	76
715	2017	69	258	35	66	14	1	6	39	8	\N	12	35	130	2017-02-19 07:45:23	2017-03-15 14:34:11.490325	0.25109999999999999	12	677.700000000000045	73
719	2017	15	50	16	11	2	0	5	20	0	\N	6	16	545	2017-02-19 07:45:23	2017-03-15 14:34:11.526453	0.207999999999999963	12	602.200000000000045	77
710	2017	94	330	21	80	16	2	3	20	3	\N	22	62	532	2017-02-19 07:45:23	2017-03-15 14:34:11.650166	0.239899999999999974	15	787.100000000000023	65
720	2017	78	275	19	64	10	4	3	16	12	\N	14	79	547	2017-02-19 07:45:23	2017-03-15 14:34:11.95365	0.221899999999999986	30	396.699999999999989	64
709	2017	0	1	14	0	0	0	2	16	1	\N	0	0	540	2017-02-19 07:45:23	2017-03-15 14:34:13.651749	0.223239999999999994	7	999	27
509	2017	137	518	86	143	33	2	18	75	9	\N	59	105	77	2017-02-19 07:45:23	2017-03-15 14:34:09.017098	0.271100000000000008	29	91.9000000000000057	114
478	2017	145	531	80	138	27	2	28	87	10	\N	60	159	122	2017-02-19 07:45:23	2017-03-15 14:34:09.128296	0.253000000000000003	5	88.5999999999999943	116
493	2017	144	524	91	121	22	0	38	92	1	\N	76	200	144	2017-02-19 07:45:23	2017-03-15 14:34:09.147646	0.233100000000000002	1	75.2000000000000028	114
505	2017	139	506	74	132	30	5	17	75	3	\N	74	146	64	2017-02-19 07:45:23	2017-03-15 14:34:09.167064	0.264900000000000024	27	172.900000000000006	118
495	2017	100	374	50	109	25	1	10	56	10	\N	38	44	376	2017-02-19 07:45:23	2017-03-15 14:34:09.181396	0.28400000000000003	4	189.900000000000006	114
605	2017	64	226	32	56	10	0	14	38	1	\N	25	69	426	2017-02-19 07:45:23	2017-03-15 14:34:09.214031	0.248599999999999988	1	508.100000000000023	114
468	2017	141	540	70	151	29	3	23	81	18	\N	44	152	52	2017-02-19 07:45:23	2017-03-15 14:34:09.227348	0.278600000000000014	19	56.6000000000000014	95
529	2017	132	499	74	132	28	1	28	91	0	\N	45	111	91	2017-02-19 07:45:23	2017-03-15 14:34:09.255649	0.268500000000000016	14	161.400000000000006	112
511	2017	121	454	68	127	26	3	17	73	3	\N	47	81	38	2017-02-19 07:45:23	2017-03-15 14:34:09.277158	0.292599999999999971	13	61.5	109
472	2017	143	563	83	155	30	5	27	87	12	\N	27	109	73	2017-02-19 07:45:23	2017-03-15 14:34:09.303168	0.274299999999999988	13	41.6000000000000014	108
507	2017	129	499	62	133	23	1	25	84	2	\N	42	68	80	2017-02-19 07:45:23	2017-03-15 14:34:09.330344	0.2621	7	140.699999999999989	116
548	2017	77	279	45	72	16	1	14	47	2	\N	28	64	392	2017-02-19 07:45:23	2017-03-15 14:34:09.377746	0.259000000000000008	23	303.399999999999977	113
474	2017	131	523	85	147	31	4	15	58	27	\N	46	86	371	2017-02-19 07:45:23	2017-03-15 14:34:09.383983	0.283099999999999963	15	35.7999999999999972	103
648	2017	121	453	56	127	23	3	9	57	5	\N	52	76	482	2017-02-19 07:45:23	2017-03-15 14:34:09.423624	0.284899999999999987	25	261.199999999999989	111
497	2017	142	542	81	134	27	2	35	95	2	\N	47	156	121	2017-02-19 07:45:23	2017-03-15 14:34:09.436518	0.251199999999999979	10	95.4000000000000057	113
521	2017	128	458	62	107	19	1	22	68	3	\N	68	151	132	2017-02-19 07:45:23	2017-03-15 14:34:09.442443	0.237099999999999977	13	217.199999999999989	105
629	2017	119	430	51	114	21	1	18	68	1	\N	46	92	489	2017-02-19 07:45:23	2017-03-15 14:34:09.468673	0.260799999999999976	21	299.800000000000011	108
490	2017	138	483	83	126	29	5	19	76	9	\N	52	125	82	2017-02-19 07:45:23	2017-03-15 14:34:09.474589	0.256799999999999973	2	135.900000000000006	104
506	2017	125	471	67	133	32	6	11	68	13	\N	38	75	380	2017-02-19 07:45:23	2017-03-15 14:34:09.481749	0.290399999999999991	2	119.5	104
496	2017	145	572	77	151	31	2	28	88	2	\N	50	131	68	2017-02-19 07:45:23	2017-03-15 14:34:09.509225	0.267199999999999993	12	94.7000000000000028	111
517	2017	109	392	51	106	21	2	14	55	5	\N	36	80	384	2017-02-19 07:45:23	2017-03-15 14:34:09.522118	0.270699999999999996	17	95.2000000000000028	106
571	2017	127	454	46	122	25	2	7	39	10	\N	53	81	141	2017-02-19 07:45:23	2017-03-15 14:34:09.543882	0.258199999999999985	17	259.899999999999977	105
563	2017	133	493	61	134	20	3	18	65	1	\N	41	103	88	2017-02-19 07:45:23	2017-03-15 14:34:09.584636	0.27200000000000002	13	188.699999999999989	102
591	2017	109	394	56	101	21	1	15	58	1	\N	44	110	417	2017-02-19 07:45:23	2017-03-15 14:34:09.611435	0.252500000000000002	30	271	103
485	2017	143	587	84	159	27	1	29	86	2	\N	31	116	89	2017-02-19 07:45:23	2017-03-15 14:34:09.632263	0.270000000000000018	1	107.099999999999994	104
622	2017	122	462	65	126	24	3	10	54	2	\N	63	94	96	2017-02-19 07:45:23	2017-03-15 14:34:09.638242	0.263900000000000023	8	388	104
522	2017	144	568	87	149	29	3	20	76	3	\N	54	130	74	2017-02-19 07:45:23	2017-03-15 14:34:09.682767	0.264500000000000013	7	175.900000000000006	109
513	2017	120	451	63	123	23	4	18	69	18	\N	32	116	382	2017-02-19 07:45:23	2017-03-15 14:34:09.716671	0.274800000000000044	19	91.2000000000000028	84
711	2017	85	310	17	84	15	2	4	17	0	\N	22	77	465	2017-02-19 07:45:23	2017-03-15 14:34:09.728375	0.258799999999999975	1	516.399999999999977	101
504	2017	129	513	74	145	29	3	11	66	21	\N	38	108	379	2017-02-19 07:45:23	2017-03-15 14:34:09.737262	0.283699999999999952	30	125.5	100
652	2017	72	260	29	66	13	2	6	27	1	\N	22	64	479	2017-02-19 07:45:23	2017-03-15 14:34:09.752027	0.252299999999999969	21	523.200000000000045	102
555	2017	112	405	49	112	25	1	11	56	4	\N	28	62	395	2017-02-19 07:45:23	2017-03-15 14:34:09.77091	0.282299999999999995	6	275.100000000000023	104
554	2017	114	434	55	116	24	2	20	65	3	\N	25	112	71	2017-02-19 07:45:23	2017-03-15 14:34:09.801456	0.26529999999999998	15	160.699999999999989	95
641	2017	87	300	37	74	13	1	10	41	0	\N	41	70	555	2017-02-19 07:45:23	2017-03-15 14:34:09.820198	0.234800000000000009	11	395.300000000000011	105
685	2017	46	155	19	34	6	1	8	21	1	\N	21	65	556	2017-02-19 07:45:23	2017-03-15 14:34:09.833726	0.207199999999999995	13	384.5	97
552	2017	128	498	80	129	24	4	11	50	16	\N	58	111	95	2017-02-19 07:45:23	2017-03-15 14:34:09.853886	0.254499999999999948	9	285	100
611	2017	123	469	66	126	25	2	16	74	1	\N	39	67	429	2017-02-19 07:45:23	2017-03-15 14:34:09.873006	0.272900000000000031	26	266	102
598	2017	101	347	43	93	16	2	3	35	4	\N	44	78	421	2017-02-19 07:45:23	2017-03-15 14:34:09.933262	0.257900000000000018	25	280.300000000000011	100
573	2017	115	397	59	91	18	1	19	68	2	\N	52	115	140	2017-02-19 07:45:23	2017-03-15 14:34:09.940632	0.2374	14	185.099999999999994	97
562	2017	142	526	69	131	26	3	21	66	9	\N	50	125	135	2017-02-19 07:45:23	2017-03-15 14:34:10.042499	0.243400000000000005	10	210.199999999999989	102
462	2017	142	565	85	144	29	3	15	57	54	\N	64	163	50	2017-02-19 07:45:23	2017-03-15 14:34:10.04867	0.252900000000000014	22	26.3999999999999986	93
596	2017	144	542	68	146	29	1	10	67	1	\N	62	88	78	2017-02-19 07:45:23	2017-03-15 14:34:10.06136	0.27140000000000003	16	344.5	96
584	2017	137	536	70	140	28	5	15	51	22	\N	44	108	412	2017-02-19 07:45:23	2017-03-15 14:34:10.077588	0.257500000000000007	12	199.900000000000006	100
508	2017	139	495	68	122	26	2	19	75	5	\N	49	122	133	2017-02-19 07:45:23	2017-03-15 14:34:10.089648	0.2505	17	118.900000000000006	96
695	2017	109	373	49	97	18	3	10	40	9	\N	35	112	469	2017-02-19 07:45:23	2017-03-15 14:34:10.095375	0.260299999999999976	4	310.300000000000011	96
559	2017	126	489	73	124	27	2	17	67	23	\N	40	136	399	2017-02-19 07:45:23	2017-03-15 14:34:10.136508	0.25649999999999995	13	164.900000000000006	93
649	2017	107	373	54	97	17	3	9	42	6	\N	36	71	517	2017-02-19 07:45:23	2017-03-15 14:34:10.142387	0.255099999999999993	13	342.800000000000011	92
700	2017	111	406	47	106	22	1	12	48	1	\N	35	83	494	2017-02-19 07:45:23	2017-03-15 14:34:10.168158	0.263500000000000012	28	433.399999999999977	95
628	2017	110	409	52	110	25	1	11	53	2	\N	26	76	475	2017-02-19 07:45:23	2017-03-15 14:34:10.184846	0.268699999999999994	15	259.199999999999989	89
633	2017	120	438	52	109	23	2	14	62	2	\N	38	94	492	2017-02-19 07:45:23	2017-03-15 14:34:10.206984	0.249699999999999978	10	428.100000000000023	99
561	2017	136	495	69	123	23	2	19	67	10	\N	43	127	118	2017-02-19 07:45:23	2017-03-15 14:34:10.231277	0.24589999999999998	18	281.100000000000023	92
681	2017	117	416	44	103	20	2	14	51	7	\N	36	101	524	2017-02-19 07:45:23	2017-03-15 14:34:10.245922	0.239199999999999968	11	353.100000000000023	99
525	2017	112	418	53	114	24	2	10	50	10	\N	25	78	21	2017-02-19 07:45:23	2017-03-15 14:34:10.281258	0.27679999999999999	21	129.300000000000011	94
679	2017	111	421	48	113	20	5	8	50	12	\N	30	74	477	2017-02-19 07:45:23	2017-03-15 14:34:10.32736	0.26479999999999998	8	352.5	91
592	2017	143	560	68	151	22	8	5	41	18	\N	61	119	34	2017-02-19 07:45:23	2017-03-15 14:34:10.345174	0.274900000000000033	24	289.699999999999989	92
579	2017	120	465	60	130	28	4	7	52	16	\N	22	77	55	2017-02-19 07:45:23	2017-03-15 14:34:10.396701	0.279000000000000026	25	280.199999999999989	93
549	2017	136	562	80	157	26	5	4	39	21	\N	43	76	40	2017-02-19 07:45:23	2017-03-15 14:34:10.44589	0.279700000000000004	16	217.400000000000006	90
602	2017	88	327	34	84	13	0	12	47	0	\N	21	63	16	2017-02-19 07:45:23	2017-03-15 14:34:10.468731	0.266500000000000015	12	257.399999999999977	94
683	2017	123	431	55	121	23	1	4	35	9	\N	27	48	105	2017-02-19 07:45:23	2017-03-15 14:34:10.482623	0.272899999999999976	5	482.399999999999977	90
544	2017	122	482	67	126	21	3	10	52	20	\N	43	82	92	2017-02-19 07:45:23	2017-03-15 14:34:10.49889	0.258199999999999985	9	245	90
658	2017	0	1	8	0	0	0	2	9	0	\N	0	0	485	2017-02-19 07:45:23	2017-03-15 14:34:10.54073	0.245799999999999991	16	351.199999999999989	91
569	2017	127	471	70	115	22	5	15	54	19	\N	34	151	402	2017-02-19 07:45:23	2017-03-15 14:34:10.599263	0.237399999999999972	8	151.099999999999994	87
630	2017	129	458	50	124	23	2	5	46	7	\N	32	45	478	2017-02-19 07:45:23	2017-03-15 14:34:10.633385	0.268899999999999972	7	390.399999999999977	92
639	2017	0	1	29	0	0	0	9	30	3	\N	0	0	507	2017-02-19 07:45:23	2017-03-15 14:34:10.673097	0.247099999999999986	3	387.399999999999977	86
716	2017	113	401	49	88	17	1	20	55	3	\N	43	137	542	2017-02-19 07:45:23	2017-03-15 14:34:10.702595	0.225599999999999995	12	462.100000000000023	90
565	2017	98	379	56	103	18	1	8	54	11	\N	17	51	41	2017-02-19 07:45:23	2017-03-15 14:34:10.797594	0.278600000000000014	16	291.699999999999989	83
594	2017	69	260	53	72	14	2	2	35	17	\N	15	43	419	2017-02-19 07:45:23	2017-03-15 14:34:10.80892	0.27250000000000002	15	270.699999999999989	78
729	2017	0	1	4	0	0	0	0	2	2	\N	0	0	646	2017-03-14 14:08:09.979991	2017-03-15 14:34:10.901881	0.253599999999999992	16	999	82
642	2017	113	441	64	109	23	2	14	52	5	\N	31	78	112	2017-02-19 07:45:23	2017-03-15 14:34:10.9391	0.249799999999999994	18	378.300000000000011	80
674	2017	102	417	63	107	19	3	9	40	19	\N	31	67	488	2017-02-19 07:45:23	2017-03-15 14:34:10.967485	0.259500000000000008	23	258.600000000000023	86
696	2017	61	231	13	59	11	2	1	12	3	\N	17	55	525	2017-02-19 07:45:23	2017-03-15 14:34:11.027012	0.243099999999999983	26	512.5	84
662	2017	62	221	34	52	11	0	10	41	2	\N	12	47	523	2017-02-19 07:45:23	2017-03-15 14:34:11.048645	0.238399999999999973	22	347.300000000000011	77
666	2017	101	363	36	89	17	1	11	47	1	\N	19	69	554	2017-02-19 07:45:23	2017-03-15 14:34:11.115644	0.245400000000000007	26	305	82
672	2017	65	222	21	55	11	1	4	27	0	\N	22	42	500	2017-02-19 07:45:23	2017-03-15 14:34:11.147343	0.249399999999999983	18	394.899999999999977	77
670	2017	58	213	27	56	12	1	2	18	9	\N	13	41	473	2017-02-19 07:45:23	2017-03-15 14:34:11.159594	0.252499999999999947	30	501.399999999999977	77
640	2017	74	268	43	61	11	1	11	33	14	\N	28	91	537	2017-02-19 07:45:23	2017-03-15 14:34:11.216624	0.237099999999999977	3	248.800000000000011	78
676	2017	65	229	34	53	10	2	7	35	5	\N	20	65	472	2017-02-19 07:45:23	2017-03-15 14:34:11.312682	0.24009999999999998	15	349.199999999999989	71
585	2017	38	155	29	42	5	2	1	16	12	\N	7	17	413	2017-02-19 07:45:23	2017-03-15 14:34:11.335084	0.265199999999999991	7	356	82
644	2017	87	306	33	74	14	2	8	42	2	\N	18	81	530	2017-02-19 07:45:23	2017-03-15 14:34:11.38701	0.236699999999999994	5	332.199999999999989	75
687	2017	137	484	49	128	20	5	3	41	2	\N	31	76	137	2017-02-19 07:45:23	2017-03-15 14:34:11.410558	0.259099999999999997	21	534.100000000000023	75
477	2017	128	521	73	129	22	3	4	32	63	\N	41	110	373	2017-02-19 07:45:23	2017-03-15 14:34:11.45189	0.245599999999999985	18	80.7000000000000028	72
680	2017	30	107	14	25	5	0	3	18	1	\N	8	27	495	2017-02-19 07:45:23	2017-03-15 14:34:11.500207	0.248299999999999965	27	429.399999999999977	78
684	2017	39	144	8	33	7	1	2	9	0	\N	7	42	553	2017-02-19 07:45:23	2017-03-15 14:34:11.765149	0.230599999999999999	24	406.399999999999977	69
712	2017	0	1	16	0	0	0	1	13	0	\N	0	0	528	2017-02-19 07:45:23	2017-03-15 14:34:14.090958	0.227849999999999997	2	999	17
730	2017	13	46	5	11	2	0	2	6	1	0	4	12	647	2017-03-21 13:05:54.48499	2017-03-21 13:06:56.623368	0.236999999999999988	20	999	96
731	2017	5	19	2	5	1	0	1	2	1	0	1	4	648	2017-03-21 13:17:01.162191	2017-03-21 13:19:16.195408	0.248999999999999999	22	999	83
\.


--
-- Name: battings_id_seq; Type: SEQUENCE SET; Schema: public; Owner: Home
--

SELECT pg_catalog.setval('battings_id_seq', 731, true);


--
-- Data for Name: mlbteams; Type: TABLE DATA; Schema: public; Owner: Home
--

COPY mlbteams (id, abbr, name, created_at, updated_at) FROM stdin;
1	BAL	Baltimore Orioles	2017-02-07 21:47:54.444393	2017-02-08 20:09:19.024011
2	BOS	Boston Redsox	2017-02-07 21:48:23.494049	2017-02-08 20:10:34.492101
3	CHW	Chicago Whitesox	2017-02-07 21:48:44.981403	2017-02-08 20:11:16.93847
4	CLE	Cleveland Indians	2017-02-07 21:49:02.83696	2017-02-08 20:11:16.948863
5	DET	Detroit Tigers	2017-02-07 21:49:24.308241	2017-02-08 20:11:16.95247
6	HOU	Houston Astros	2017-02-07 21:49:55.851731	2017-02-08 20:11:16.955698
7	LAA	Los Angeles Angels	2017-02-07 21:50:20.763189	2017-02-08 20:11:16.958939
8	MIN	Minnesota Twins	2017-02-07 21:50:41.282936	2017-02-08 20:11:16.962028
9	NYY	New York Yankees	2017-02-07 21:50:59.530628	2017-02-08 20:11:16.966648
10	OAK	Oakland Athletics	2017-02-07 21:51:23.20144	2017-02-08 20:11:16.969998
11	SEA	Seattle Mariners	2017-02-07 21:51:42.304916	2017-02-08 20:11:16.97464
14	TOR	Toronto Blue Jays	2017-02-07 21:52:55.276806	2017-02-08 20:11:16.983051
15	ARI	Arizona Diamondbacks	2017-02-07 21:53:26.080885	2017-02-08 20:11:16.987493
16	ATL	Atlanta Braves	2017-02-07 21:53:43.040647	2017-02-08 20:11:16.990606
17	CHC	Chicago Cubs	2017-02-07 21:53:55.607646	2017-02-08 20:11:16.993764
18	CIN	Cincinnati Reds	2017-02-07 21:54:18.967547	2017-02-08 20:11:16.997366
19	COL	Colorado Rockies	2017-02-07 21:54:33.606688	2017-02-08 20:11:17.001662
20	LAD	Los Angeles Dodgers	2017-02-07 21:54:54.670197	2017-02-08 20:11:17.004793
21	MIA	Miami Marlins	2017-02-07 21:55:10.798269	2017-02-08 20:11:17.007857
22	MIL	Milwaukee Brewers	2017-02-07 21:55:30.71748	2017-02-08 20:11:17.010923
23	NYM	New York Mets	2017-02-07 21:55:59.037248	2017-02-08 20:11:17.014627
24	PHI	Philadelphia Phillies	2017-02-07 21:56:24.900457	2017-02-08 20:11:17.018075
25	PIT	Pittsburgh Pirates	2017-02-07 21:56:42.907911	2017-02-08 20:11:17.021271
28	STL	St Louis Cardinals	2017-02-07 21:57:46.298479	2017-02-08 20:11:17.033794
13	TEX	Texas Rangers	2017-02-07 21:52:23.400224	2017-02-08 20:11:17.041283
29	WSH	Washington Nationals	2017-02-07 21:58:04.698048	2017-02-11 18:28:08.047949
27	SF	San Francisco Giants	2017-02-07 21:57:32.098955	2017-02-11 18:29:28.939259
30	KC	Kansas City Royals	2017-02-07 22:00:32.633889	2017-02-11 18:30:35.224395
12	TB	Tampa Bay Rays	2017-02-07 21:52:06.048409	2017-02-11 18:31:03.135134
26	SD	San Diego Padres	2017-02-07 21:57:13.476004	2017-02-11 18:31:49.460776
\.


--
-- Name: mlbteams_id_seq; Type: SEQUENCE SET; Schema: public; Owner: Home
--

SELECT pg_catalog.setval('mlbteams_id_seq', 30, true);


--
-- Data for Name: notes; Type: TABLE DATA; Schema: public; Owner: Home
--

COPY notes (id, note, player_id, owner_id, created_at, updated_at, watch) FROM stdin;
103	Could be a late rounder!	388	\N	2017-03-13 13:29:26.753053	2017-03-13 13:29:34.595298	\N
104		122	5	2017-03-14 15:48:51.895981	2017-03-14 16:49:41.029349	t
105	\N	69	5	2017-03-14 17:01:56.986692	2017-03-14 17:01:56.986692	t
106	\N	383	5	2017-03-14 17:07:41.212637	2017-03-14 17:07:41.212637	t
107	\N	388	5	2017-03-14 17:08:05.305169	2017-03-14 17:08:05.305169	t
108	\N	396	5	2017-03-14 17:08:43.60123	2017-03-14 17:08:43.60123	t
109	\N	45	5	2017-03-14 17:11:46.056135	2017-03-14 17:11:46.056135	t
110	\N	48	5	2017-03-14 17:12:04.360352	2017-03-14 17:12:04.360352	t
115	\N	106	5	2017-03-16 19:46:18.568889	2017-03-16 19:46:18.568889	t
116	\N	158	5	2017-03-16 19:47:41.821138	2017-03-16 19:47:41.821138	t
118	\N	174	5	2017-03-16 19:53:37.642369	2017-03-16 19:53:37.642369	t
119	\N	439	5	2017-03-16 19:54:13.993163	2017-03-16 19:54:13.993163	t
120	\N	155	5	2017-03-16 19:55:26.893628	2017-03-16 19:55:26.893628	t
121	\N	164	5	2017-03-16 23:12:33.961048	2017-03-16 23:12:33.961048	t
122	\N	42	5	2017-03-16 23:15:43.715282	2017-03-16 23:15:43.715282	t
124	\N	445	5	2017-03-16 23:21:38.943368	2017-03-16 23:21:38.943368	t
125	\N	435	5	2017-03-16 23:22:19.482681	2017-03-16 23:22:19.482681	t
126	\N	189	5	2017-03-16 23:22:42.209397	2017-03-16 23:22:42.209397	t
127	\N	203	5	2017-03-16 23:23:18.847205	2017-03-16 23:23:18.847205	t
128	\N	443	5	2017-03-16 23:24:34.374229	2017-03-16 23:24:34.374229	t
129	\N	384	5	2017-03-16 23:30:33.013844	2017-03-16 23:30:33.013844	t
130	\N	63	5	2017-03-16 23:31:13.227459	2017-03-16 23:31:13.227459	t
131	\N	475	5	2017-03-22 11:30:41.935169	2017-03-22 11:30:41.935169	t
132	\N	569	5	2017-03-22 11:36:56.13512	2017-03-22 11:36:56.13512	t
\.


--
-- Name: notes_id_seq; Type: SEQUENCE SET; Schema: public; Owner: Home
--

SELECT pg_catalog.setval('notes_id_seq', 132, true);


--
-- Data for Name: owners; Type: TABLE DATA; Schema: public; Owner: Home
--

COPY owners (id, first_name, last_name, team_name, created_at, updated_at, abbr, active) FROM stdin;
15	James	Wailani		2016-07-13 16:27:03.163	2017-02-22 12:39:52.534467	\N	f
18	Mike	Hoendorf		2016-07-13 16:27:03.174	2017-02-22 12:40:03.612182	\N	f
19	Brian	Sweet		2016-07-13 16:27:03.177	2017-02-22 12:40:13.587919	\N	f
21	Brian	Ruth	King of da Burbs	2016-07-23 13:43:17.532612	2017-02-22 12:40:19.659398	\N	f
22	Amazing	Wondingo	The Dirty Turkey	2016-07-23 13:54:50.210776	2017-02-22 12:40:24.019513	\N	f
20	Scott	Reifschneider	Lazy Chestnuts	2016-07-13 16:27:03.18	2017-02-22 12:40:36.123381	\N	f
17	Mike	McNamara	Dolan's Dollarstore	2016-07-13 16:27:03.17	2017-02-22 12:40:41.530928	\N	f
6	Scott	Pierce	Silver Sluggers	2016-07-13 16:27:03.139	2017-02-22 12:41:07.446079	SLUG	t
11	Jay	Zadzilka	Brunswick Bulldozers	2016-07-13 16:27:03.153	2017-02-22 12:41:13.341832	ZADZ	t
13	Joe	Shaw	The Florida Dumpster Fire	2016-07-13 16:27:03.158	2017-02-22 12:41:22.837853	SHAW	t
5	Matt	Schreiber	Pink Unicorns	2016-07-13 16:27:03.121	2017-02-22 12:41:33.549459	SCHR	t
10	Mike	Kelly	Shiva Bastards	2016-07-13 16:27:03.151	2017-02-22 12:41:39.589591	SB	t
9	Pete	Tran	Rockford Peaches	2016-07-13 16:27:03.147	2017-02-22 12:41:44.926302	ROCK	t
7	Alan	Thomay	Morgantown Swingers	2016-07-13 16:27:03.142	2017-02-22 12:42:01.805615	MS	t
14	David	Thompson	Greenbriar Sycamores	2016-07-13 16:27:03.161	2017-02-22 12:42:25.116651	GS	t
12	James	Ungerer	Fluffy White Bunnies	2016-07-13 16:27:03.156	2017-02-22 12:42:29.331786	FWB	t
8	Mike	Thellman	Championship Vinyl	2016-07-13 16:27:03.144	2017-02-22 12:42:35.805313	CV	t
\.


--
-- Name: owners_id_seq; Type: SEQUENCE SET; Schema: public; Owner: Home
--

SELECT pg_catalog.setval('owners_id_seq', 10, true);


--
-- Data for Name: pitchings; Type: TABLE DATA; Schema: public; Owner: Home
--

COPY pitchings (id, year, wins, loss, games, gs, innings, cg, shutouts, sv, hits, er, hr, bb, so, ba_opp, era, whip, player_id, created_at, updated_at, mlbteam_id, adp, fip) FROM stdin;
1	2016	16	8	31	30	190	0	0	0	142	45	0	44	170	0	2.12999999999999989	0.979999999999999982	147	2017-02-12 06:05:45	2017-02-12 06:05:45	17	\N	\N
2	2016	19	5	32	32	202.199999999999989	0	0	0	154	55	0	52	197	0	2.43999999999999995	1.02000000000000002	148	2017-02-12 06:05:45	2017-02-12 06:05:45	17	\N	\N
3	2016	14	9	31	30	183.199999999999989	0	0	0	168	53	0	43	218	0	2.60000000000000009	1.14999999999999991	149	2017-02-12 06:05:45	2017-02-12 06:05:45	23	\N	\N
4	2016	15	9	34	34	226.199999999999989	0	0	0	178	69	0	54	251	0	2.74000000000000021	1.02000000000000002	150	2017-02-12 06:05:45	2017-02-12 06:05:45	27	\N	\N
5	2016	18	5	32	32	219.199999999999989	0	0	0	195	68	0	45	198	0	2.79000000000000004	1.09000000000000008	151	2017-02-12 06:05:45	2017-02-12 06:05:45	27	\N	\N
6	2016	16	10	34	33	210	0	0	0	173	66	0	73	172	0	2.83000000000000007	1.16999999999999993	152	2017-02-12 06:05:45	2017-02-12 06:05:45	29	\N	\N
7	2016	16	8	29	29	182.099999999999994	0	0	0	149	58	0	55	253	0	2.85999999999999988	1.12000000000000011	153	2017-02-12 06:05:45	2017-02-12 06:05:45	21	\N	\N
8	2016	20	7	34	34	228.099999999999994	0	0	0	165	75	0	56	284	0	2.95999999999999996	0.969999999999999973	154	2017-02-12 06:05:45	2017-02-12 06:05:45	29	\N	\N
9	2016	15	2	30	30	192	0	0	0	161	64	0	63	161	0	3	1.16999999999999993	155	2017-02-12 06:05:45	2017-02-12 06:05:45	14	\N	\N
10	2016	16	9	31	31	195.099999999999994	0	0	0	169	66	0	70	174	0	3.04000000000000004	1.21999999999999997	156	2017-02-12 06:05:45	2017-02-12 06:05:45	28	\N	\N
11	2016	16	9	34	34	227.199999999999989	0	0	0	171	77	0	57	254	0	3.04000000000000004	1	157	2017-02-12 06:05:45	2017-02-12 06:05:45	5	\N	\N
12	2016	14	4	31	31	199.199999999999989	0	0	0	179	68	0	36	165	0	3.06999999999999984	1.08000000000000007	158	2017-02-12 06:05:45	2017-02-12 06:05:45	9	\N	\N
13	2016	18	8	31	31	197.099999999999994	0	0	0	138	68	0	76	190	0	3.10000000000000009	1.08000000000000007	159	2017-02-12 06:05:45	2017-02-12 06:05:45	17	\N	\N
14	2016	18	9	32	32	215	0	0	0	170	75	0	57	227	0	3.14000000000000012	1.06000000000000005	160	2017-02-12 06:05:45	2017-02-12 06:05:45	4	\N	\N
15	2016	22	4	33	33	223	0	0	0	193	78	0	32	189	0	3.14999999999999991	1.01000000000000001	161	2017-02-12 06:05:45	2017-02-12 06:05:45	2	\N	\N
16	2016	20	4	32	32	195	0	0	0	168	69	0	60	163	0	3.18000000000000016	1.16999999999999993	162	2017-02-12 06:05:45	2017-02-12 06:05:45	14	\N	\N
17	2016	13	12	32	32	208	0	0	0	192	74	0	50	181	0	3.20000000000000018	1.15999999999999992	163	2017-02-12 06:05:45	2017-02-12 06:05:45	3	\N	\N
18	2016	7	10	30	30	188	0	0	0	157	67	0	41	167	0	3.20999999999999996	1.05000000000000004	164	2017-02-12 06:05:45	2017-02-12 06:05:45	16	\N	\N
19	2016	15	5	32	32	200.199999999999989	0	0	0	185	74	0	77	200	0	3.31999999999999984	1.31000000000000005	165	2017-02-12 06:05:45	2017-02-12 06:05:45	13	\N	\N
20	2016	11	12	31	30	170.199999999999989	0	0	0	137	63	0	65	186	0	3.31999999999999984	1.17999999999999994	166	2017-02-12 06:05:45	2017-02-12 06:05:45	2	\N	\N
21	2016	17	10	32	32	226.199999999999989	0	0	0	190	84	0	45	233	0	3.33999999999999986	1.04000000000000004	167	2017-02-12 06:05:45	2017-02-12 06:05:45	3	\N	\N
22	2016	11	8	29	29	188.099999999999994	0	0	0	146	70	0	53	180	0	3.35000000000000009	1.06000000000000005	168	2017-02-12 06:05:45	2017-02-12 06:05:45	17	\N	\N
23	2016	7	11	30	30	181.099999999999994	0	0	0	168	68	0	53	149	0	3.37999999999999989	1.21999999999999997	169	2017-02-12 06:05:45	2017-02-12 06:05:45	8	\N	\N
24	2016	15	8	34	33	191.199999999999989	0	0	0	200	73	0	32	128	0	3.43000000000000016	1.20999999999999996	170	2017-02-12 06:05:45	2017-02-12 06:05:45	23	\N	\N
25	2016	9	9	29	29	176	0	0	0	132	68	0	65	165	0	3.47999999999999998	1.12000000000000011	171	2017-02-12 06:05:45	2017-02-12 06:05:45	14	\N	\N
26	2016	16	11	32	32	175.199999999999989	0	0	0	150	68	0	50	179	0	3.47999999999999998	1.1399999999999999	172	2017-02-12 06:05:45	2017-02-12 06:05:45	20	\N	\N
27	2016	12	3	42	26	179.199999999999989	0	0	0	163	70	0	42	188	0	3.50999999999999979	1.1399999999999999	173	2017-02-12 06:05:45	2017-02-12 06:05:45	30	\N	\N
28	2016	9	12	30	30	179.199999999999989	0	0	0	183	72	0	47	174	0	3.60999999999999988	1.28000000000000003	174	2017-02-12 06:05:45	2017-02-12 06:05:45	1	\N	\N
29	2016	11	14	33	33	197.099999999999994	0	0	0	187	80	0	42	167	0	3.64999999999999991	1.15999999999999992	175	2017-02-12 06:05:45	2017-02-12 06:05:45	24	\N	\N
30	2016	11	11	33	33	195.199999999999989	0	0	0	173	80	0	66	184	0	3.68000000000000016	1.21999999999999997	176	2017-02-12 06:05:45	2017-02-12 06:05:45	30	\N	\N
31	2016	10	6	33	33	187.199999999999989	0	0	0	170	77	0	54	166	0	3.68999999999999995	1.18999999999999995	177	2017-02-12 06:05:45	2017-02-12 06:05:45	12	\N	\N
32	2016	12	10	32	32	189	0	0	0	173	78	0	45	154	0	3.70999999999999996	1.14999999999999991	178	2017-02-12 06:05:45	2017-02-12 06:05:45	24	\N	\N
33	2016	14	8	34	31	191.099999999999994	0	0	0	154	80	0	73	162	0	3.75999999999999979	1.18999999999999995	179	2017-02-12 06:05:45	2017-02-12 06:05:45	18	\N	\N
34	2016	16	6	30	30	172	0	0	0	155	72	0	66	140	0	3.77000000000000002	1.28000000000000003	180	2017-02-12 06:05:45	2017-02-12 06:05:45	1	\N	\N
35	2016	12	11	32	32	203.099999999999994	0	0	0	190	86	0	54	167	0	3.81000000000000005	1.19999999999999996	181	2017-02-12 06:05:45	2017-02-12 06:05:45	27	\N	\N
36	2016	15	10	30	30	166.199999999999989	0	0	0	148	71	0	53	144	0	3.83000000000000007	1.20999999999999996	182	2017-02-12 06:05:45	2017-02-12 06:05:45	17	\N	\N
37	2016	9	12	30	30	179.199999999999989	0	0	0	172	78	0	65	152	0	3.91000000000000014	1.32000000000000006	183	2017-02-12 06:05:45	2017-02-12 06:05:45	9	\N	\N
38	2016	11	7	28	28	163.099999999999994	0	0	0	166	72	0	38	135	0	3.9700000000000002	1.25	184	2017-02-12 06:05:45	2017-02-12 06:05:45	22	\N	\N
39	2016	10	11	31	31	172	0	0	0	150	76	0	84	145	0	3.97999999999999998	1.3600000000000001	185	2017-02-12 06:05:45	2017-02-12 06:05:45	18	\N	\N
40	2016	17	9	35	35	230	0	0	0	227	102	0	50	228	0	3.99000000000000021	1.19999999999999996	186	2017-02-12 06:05:45	2017-02-12 06:05:45	2	\N	\N
41	2016	9	19	33	33	201.099999999999994	0	0	0	183	90	0	67	233	0	4.01999999999999957	1.23999999999999999	187	2017-02-12 06:05:45	2017-02-12 06:05:45	12	\N	\N
42	2016	9	10	28	28	165	0	0	0	176	74	0	54	168	0	4.04000000000000004	1.3899999999999999	188	2017-02-12 06:05:45	2017-02-12 06:05:45	3	\N	\N
43	2016	13	12	33	33	198.099999999999994	0	0	0	184	90	0	72	178	0	4.08000000000000007	1.29000000000000004	189	2017-02-12 06:05:45	2017-02-12 06:05:45	27	\N	\N
44	2016	10	11	31	31	186	0	0	0	196	85	0	47	108	0	4.11000000000000032	1.31000000000000005	190	2017-02-12 06:05:45	2017-02-12 06:05:45	10	\N	\N
45	2016	16	12	33	33	199	0	0	0	218	91	0	46	147	0	4.12000000000000011	1.33000000000000007	191	2017-02-12 06:05:45	2017-02-12 06:05:45	11	\N	\N
46	2016	12	8	32	26	162	0	0	1	175	75	0	28	127	0	4.16999999999999993	1.25	192	2017-02-12 06:05:45	2017-02-12 06:05:45	9	\N	\N
47	2016	12	8	35	28	190	0	0	0	179	90	0	70	168	0	4.25999999999999979	1.31000000000000005	193	2017-02-12 06:05:45	2017-02-12 06:05:45	4	\N	\N
48	2016	9	13	33	33	176.199999999999989	0	0	0	176	85	0	83	147	0	4.33000000000000007	1.46999999999999997	194	2017-02-12 06:05:45	2017-02-12 06:05:45	21	\N	\N
49	2016	13	10	33	33	184.199999999999989	0	0	0	206	89	0	54	177	0	4.33999999999999986	1.40999999999999992	195	2017-02-12 06:05:45	2017-02-12 06:05:45	6	\N	\N
50	2016	9	10	32	32	204	0	0	0	209	99	0	54	166	0	4.37000000000000011	1.29000000000000004	196	2017-02-12 06:05:45	2017-02-12 06:05:45	14	\N	\N
51	2016	10	11	33	33	198.199999999999989	0	0	0	205	97	0	76	103	0	4.38999999999999968	1.40999999999999992	197	2017-02-12 06:05:45	2017-02-12 06:05:45	13	\N	\N
52	2016	13	9	30	29	174	0	0	0	187	85	0	20	118	0	4.40000000000000036	1.18999999999999995	198	2017-02-12 06:05:45	2017-02-12 06:05:45	4	\N	\N
53	2016	8	14	32	32	197.199999999999989	0	0	0	202	97	0	44	144	0	4.41999999999999993	1.23999999999999999	199	2017-02-12 06:05:45	2017-02-12 06:05:45	7	\N	\N
54	2016	11	12	32	32	186	0	0	0	190	92	0	78	144	0	4.45000000000000018	1.43999999999999995	200	2017-02-12 06:05:45	2017-02-12 06:05:45	30	\N	\N
55	2016	10	15	30	29	169.199999999999989	0	0	0	169	84	0	63	126	0	4.45999999999999996	1.37000000000000011	201	2017-02-12 06:05:45	2017-02-12 06:05:45	14	\N	\N
56	2016	11	8	31	30	168.199999999999989	0	0	0	187	84	0	42	134	0	4.48000000000000043	1.3600000000000001	202	2017-02-12 06:05:45	2017-02-12 06:05:45	6	\N	\N
57	2016	9	12	26	26	168	0	0	0	168	85	0	48	144	0	4.54999999999999982	1.29000000000000004	203	2017-02-12 06:05:45	2017-02-12 06:05:45	6	\N	\N
58	2016	11	11	32	32	177.099999999999994	0	0	0	179	90	0	59	171	0	4.57000000000000028	1.34000000000000008	204	2017-02-12 06:05:45	2017-02-12 06:05:45	29	\N	\N
59	2016	10	10	29	29	168	0	0	0	153	86	0	59	185	0	4.61000000000000032	1.26000000000000001	205	2017-02-12 06:05:45	2017-02-12 06:05:45	19	\N	\N
60	2016	8	16	32	32	179.099999999999994	0	0	0	186	92	0	86	140	0	4.62000000000000011	1.52000000000000002	206	2017-02-12 06:05:45	2017-02-12 06:05:45	22	\N	\N
61	2016	13	9	33	33	198.199999999999989	0	0	0	220	102	0	59	161	0	4.62000000000000011	1.39999999999999991	207	2017-02-12 06:05:45	2017-02-12 06:05:45	28	\N	\N
62	2016	12	13	32	32	180.099999999999994	0	0	0	195	93	0	62	115	0	4.63999999999999968	1.42999999999999994	208	2017-02-12 06:05:45	2017-02-12 06:05:45	6	\N	\N
63	2016	10	13	32	30	171.199999999999989	0	0	0	179	89	0	57	150	0	4.66999999999999993	1.37000000000000011	209	2017-02-12 06:05:45	2017-02-12 06:05:45	28	\N	\N
64	2016	9	12	30	30	176.199999999999989	0	0	0	203	92	0	30	125	0	4.69000000000000039	1.32000000000000006	210	2017-02-12 06:05:45	2017-02-12 06:05:45	28	\N	\N
65	2016	8	13	31	29	163	0	0	0	157	85	0	85	168	0	4.69000000000000039	1.47999999999999998	211	2017-02-12 06:05:45	2017-02-12 06:05:45	14	\N	\N
66	2016	13	10	33	33	182	0	0	0	169	95	0	79	144	0	4.70000000000000018	1.3600000000000001	212	2017-02-12 06:05:45	2017-02-12 06:05:45	7	\N	\N
67	2016	14	8	32	32	186	0	0	0	204	99	0	59	138	0	4.79000000000000004	1.40999999999999992	213	2017-02-12 06:05:45	2017-02-12 06:05:45	19	\N	\N
68	2016	6	12	32	32	175.199999999999989	0	0	0	184	94	0	53	207	0	4.82000000000000028	1.35000000000000009	214	2017-02-12 06:05:45	2017-02-12 06:05:45	9	\N	\N
69	2016	7	12	30	30	175.099999999999994	0	0	0	174	95	0	49	167	0	4.87999999999999989	1.27000000000000002	215	2017-02-12 06:05:45	2017-02-12 06:05:45	12	\N	\N
70	2016	8	15	32	32	174.099999999999994	0	0	0	185	95	0	71	218	0	4.90000000000000036	1.46999999999999997	216	2017-02-12 06:05:45	2017-02-12 06:05:45	15	\N	\N
71	2016	12	12	31	31	178	0	0	0	209	100	0	51	103	0	5.05999999999999961	1.45999999999999996	217	2017-02-12 06:05:45	2017-02-12 06:05:45	7	\N	\N
72	2016	9	13	30	30	166	0	0	0	187	99	0	49	137	0	5.37000000000000011	1.41999999999999993	218	2017-02-12 06:05:45	2017-02-12 06:05:45	1	\N	\N
73	2016	10	11	34	34	189.099999999999994	0	0	0	217	113	0	76	139	0	5.37000000000000011	1.55000000000000004	219	2017-02-12 06:05:45	2017-02-12 06:05:45	30	\N	\N
74	2016	6	19	33	33	181.199999999999989	0	0	0	208	118	0	82	135	0	5.84999999999999964	1.60000000000000009	220	2017-02-12 06:05:45	2017-02-12 06:05:45	3	\N	\N
75	2016	3	4	78	0	77.2000000000000028	0	0	51	63	22	0	31	84	0	2.54999999999999982	1.20999999999999996	221	2017-02-14 10:02:44	2017-02-14 10:02:44	23	\N	\N
76	2016	2	1	69	0	67	0	0	47	38	4	0	18	74	0	0.540000000000000036	0.839999999999999969	222	2017-02-14 10:02:44	2017-02-14 10:02:44	1	\N	\N
77	2016	2	2	75	0	71.0999999999999943	0	0	47	52	13	0	12	65	0	1.6399999999999999	0.900000000000000022	223	2017-02-14 10:02:44	2017-02-14 10:02:44	29	\N	\N
78	2016	3	2	71	0	68.2000000000000028	0	0	47	35	14	0	11	104	0	1.83000000000000007	0.67000000000000004	224	2017-02-14 10:02:44	2017-02-14 10:02:44	20	\N	\N
79	2016	3	4	61	0	58.1000000000000014	0	0	44	45	21	0	21	52	0	3.24000000000000021	1.12999999999999989	225	2017-02-14 10:02:44	2017-02-14 10:02:44	5	\N	\N
80	2016	1	4	67	0	64	0	0	40	52	20	0	35	73	0	2.81000000000000005	1.3600000000000001	226	2017-02-14 10:02:44	2017-02-14 10:02:44	21	\N	\N
81	2016	3	2	73	0	70.0999999999999943	0	0	38	63	19	0	23	55	0	2.43000000000000016	1.21999999999999997	227	2017-02-14 10:02:44	2017-02-14 10:02:44	13	\N	\N
82	2016	2	4	57	0	56.2000000000000028	0	0	37	43	12	0	15	71	0	1.90999999999999992	1.02000000000000002	228	2017-02-14 10:02:44	2017-02-14 10:02:44	12	\N	\N
83	2016	5	3	62	0	62.1000000000000014	0	0	37	53	24	0	32	75	0	3.4700000000000002	1.3600000000000001	229	2017-02-14 10:02:44	2017-02-14 10:02:44	3	\N	\N
84	2016	3	5	70	0	68.2000000000000028	0	0	37	78	37	0	22	47	0	4.84999999999999964	1.45999999999999996	230	2017-02-14 10:02:44	2017-02-14 10:02:44	24	\N	\N
85	2016	4	1	59	0	58	0	0	36	32	10	0	18	90	0	1.55000000000000004	0.859999999999999987	231	2017-02-14 10:02:44	2017-02-14 10:02:44	9	\N	\N
86	2016	4	3	72	0	74	0	0	36	55	22	0	14	82	0	2.68000000000000016	0.930000000000000049	232	2017-02-14 10:02:44	2017-02-14 10:02:44	14	\N	\N
87	2016	3	5	67	0	68	0	0	32	41	19	0	27	87	0	2.50999999999999979	1	233	2017-02-14 10:02:44	2017-02-14 10:02:44	4	\N	\N
88	2016	2	6	57	0	53	0	0	31	28	20	0	30	83	0	3.39999999999999991	1.09000000000000008	234	2017-02-14 10:02:44	2017-02-14 10:02:44	2	\N	\N
89	2016	2	5	62	0	58	0	0	31	50	23	0	19	65	0	3.56999999999999984	1.18999999999999995	235	2017-02-14 10:02:44	2017-02-14 10:02:44	27	\N	\N
90	2016	6	7	63	0	64.2000000000000028	0	0	30	63	26	0	20	49	0	3.62000000000000011	1.28000000000000003	236	2017-02-14 10:02:44	2017-02-14 10:02:44	10	\N	\N
91	2016	2	1	45	0	43.1000000000000014	0	0	27	33	9	0	16	47	0	1.87000000000000011	1.12999999999999989	237	2017-02-14 10:02:44	2017-02-14 10:02:44	30	\N	\N
92	2016	3	2	59	0	58	0	0	27	55	15	0	18	42	0	2.33000000000000007	1.26000000000000001	238	2017-02-14 10:02:44	2017-02-14 10:02:44	22	\N	\N
93	2016	4	6	62	0	64	0	0	25	44	20	0	21	76	0	2.81000000000000005	1.02000000000000002	239	2017-02-14 10:02:44	2017-02-14 10:02:44	11	\N	\N
94	2016	2	4	67	0	65.0999999999999943	0	0	25	54	25	0	37	74	0	3.43999999999999995	1.3899999999999999	240	2017-02-14 10:02:44	2017-02-14 10:02:44	26	\N	\N
95	2016	4	7	69	0	68	0	0	22	67	17	0	26	58	0	2.25	1.37000000000000011	241	2017-02-14 10:02:44	2017-02-14 10:02:44	2	\N	\N
96	2016	2	6	65	0	64.2000000000000028	0	0	20	57	22	0	20	68	0	3.06000000000000005	1.18999999999999995	242	2017-02-14 10:02:44	2017-02-14 10:02:44	16	\N	\N
97	2016	6	3	76	0	79.2000000000000028	0	0	19	55	17	0	18	103	0	1.91999999999999993	0.92000000000000004	243	2017-02-14 10:02:44	2017-02-14 10:02:44	28	\N	\N
98	2016	2	4	37	0	35	0	0	19	37	17	0	14	31	0	4.37000000000000011	1.45999999999999996	244	2017-02-14 10:02:44	2017-02-14 10:02:44	29	\N	\N
99	2016	0	4	49	0	51.2000000000000028	0	0	18	45	16	0	15	88	0	2.79000000000000004	1.15999999999999992	245	2017-02-14 10:02:44	2017-02-14 10:02:44	11	\N	\N
100	2016	2	3	54	0	51	0	0	18	42	20	0	8	58	0	3.5299999999999998	0.979999999999999982	246	2017-02-14 10:02:44	2017-02-14 10:02:44	17	\N	\N
101	2016	0	2	54	0	54.1000000000000014	0	0	17	59	19	0	8	35	0	3.14999999999999991	1.22999999999999998	247	2017-02-14 10:02:44	2017-02-14 10:02:44	8	\N	\N
102	2016	2	5	65	0	63	0	0	17	54	29	0	37	49	0	4.13999999999999968	1.43999999999999995	248	2017-02-14 10:02:44	2017-02-14 10:02:44	18	\N	\N
103	2016	2	5	70	0	67.2000000000000028	0	0	15	52	23	0	20	58	0	3.06000000000000005	1.06000000000000005	249	2017-02-14 10:02:44	2017-02-14 10:02:44	25	\N	\N
104	2016	4	3	59	0	57.2000000000000028	0	0	15	38	21	0	18	67	0	3.2799999999999998	0.969999999999999973	250	2017-02-14 10:02:44	2017-02-14 10:02:44	6	\N	\N
105	2016	2	5	69	0	65.2000000000000028	0	0	15	60	30	0	25	102	0	4.11000000000000032	1.29000000000000004	251	2017-02-14 10:02:44	2017-02-14 10:02:44	6	\N	\N
106	2016	2	3	57	0	45.2000000000000028	0	0	15	56	24	0	16	38	0	4.73000000000000043	1.58000000000000007	252	2017-02-14 10:02:44	2017-02-14 10:02:44	19	\N	\N
107	2016	2	4	45	0	40.1000000000000014	0	0	14	48	20	0	29	56	0	4.45999999999999996	1.90999999999999992	253	2017-02-14 10:02:44	2017-02-14 10:02:44	28	\N	\N
108	2016	8	5	67	0	67	0	0	13	38	16	0	25	90	0	2.14999999999999991	0.939999999999999947	254	2017-02-14 10:02:44	2017-02-14 10:02:44	22	\N	\N
109	2016	0	5	71	0	69.2000000000000028	0	0	13	65	35	0	23	72	0	4.51999999999999957	1.26000000000000001	255	2017-02-14 10:02:44	2017-02-14 10:02:44	26	\N	\N
110	2016	10	1	70	0	74.0999999999999943	0	0	12	42	12	0	9	123	0	1.44999999999999996	0.689999999999999947	256	2017-02-14 10:02:44	2017-02-14 10:02:44	4	\N	\N
111	2016	1	2	66	0	64	0	0	12	52	16	0	15	69	0	2.25	1.05000000000000004	257	2017-02-14 10:02:44	2017-02-14 10:02:44	6	\N	\N
112	2016	2	6	72	0	72	0	0	12	57	22	0	12	86	0	2.75	0.959999999999999964	258	2017-02-14 10:02:44	2017-02-14 10:02:44	30	\N	\N
113	2016	3	6	73	0	73	0	0	12	54	25	0	28	126	0	3.08000000000000007	1.12000000000000011	259	2017-02-14 10:02:44	2017-02-14 10:02:44	9	\N	\N
114	2016	3	7	63	0	55	0	0	11	50	32	0	28	59	0	5.24000000000000021	1.41999999999999993	260	2017-02-14 10:02:44	2017-02-14 10:02:44	19	\N	\N
115	2016	2	2	37	0	36.1000000000000014	0	0	11	53	31	0	10	29	0	7.67999999999999972	1.72999999999999998	261	2017-02-14 10:02:44	2017-02-14 10:02:44	13	\N	\N
116	2016	1	4	43	0	38.2000000000000028	0	0	10	37	19	0	26	50	0	4.41999999999999993	1.62999999999999989	262	2017-02-14 10:02:44	2017-02-14 10:02:44	16	\N	\N
117	2016	3	2	26	0	22.1000000000000014	0	0	9	31	16	0	12	14	0	6.45000000000000018	1.92999999999999994	263	2017-02-14 10:02:44	2017-02-14 10:02:44	7	\N	\N
118	2016	3	2	67	0	58	0	0	7	41	17	0	11	80	0	2.64000000000000012	0.900000000000000022	264	2017-02-14 10:02:44	2017-02-14 10:02:44	29	\N	\N
119	2016	1	3	34	0	27	0	0	7	18	8	0	7	35	0	2.66999999999999993	0.930000000000000049	265	2017-02-14 10:02:44	2017-02-14 10:02:44	19	\N	\N
120	2016	2	3	50	0	47	0	0	7	34	18	0	11	63	0	3.45000000000000018	0.959999999999999964	266	2017-02-14 10:02:44	2017-02-14 10:02:44	2	\N	\N
121	2016	2	6	58	0	49.2000000000000028	0	0	7	62	33	0	21	35	0	5.98000000000000043	1.66999999999999993	267	2017-02-14 10:02:44	2017-02-14 10:02:44	8	\N	\N
122	2016	3	2	37	5	78.0999999999999943	0	0	6	63	22	0	26	83	0	2.5299999999999998	1.1399999999999999	268	2017-02-14 10:02:44	2017-02-14 10:02:44	18	\N	\N
123	2016	5	1	41	0	38.1000000000000014	0	0	6	31	12	0	19	32	0	2.81999999999999984	1.30000000000000004	269	2017-02-14 10:02:44	2017-02-14 10:02:44	16	\N	\N
124	2016	2	5	54	0	52	0	0	6	47	20	0	18	40	0	3.45999999999999996	1.25	270	2017-02-14 10:02:44	2017-02-14 10:02:44	7	\N	\N
125	2016	3	7	75	0	73.2000000000000028	0	0	6	63	32	0	19	64	0	3.91000000000000014	1.1100000000000001	271	2017-02-14 10:02:44	2017-02-14 10:02:44	7	\N	\N
126	2016	3	1	45	0	43.2000000000000028	0	0	6	41	26	0	17	41	0	5.36000000000000032	1.33000000000000007	272	2017-02-14 10:02:44	2017-02-14 10:02:44	7	\N	\N
127	2016	3	2	70	0	60.1000000000000014	0	0	5	65	35	0	22	58	0	5.21999999999999975	1.43999999999999995	273	2017-02-14 10:02:44	2017-02-14 10:02:44	15	\N	\N
128	2016	7	6	64	5	86.2000000000000028	0	0	4	61	22	0	38	114	0	2.2799999999999998	1.1399999999999999	274	2017-02-14 10:02:44	2017-02-14 10:02:44	21	\N	\N
129	2016	1	0	40	0	30.1999999999999993	0	0	4	26	9	0	7	33	0	2.64000000000000012	1.08000000000000007	275	2017-02-14 10:02:44	2017-02-14 10:02:44	27	\N	\N
130	2016	2	3	44	0	39	0	0	4	33	14	0	8	45	0	3.22999999999999998	1.05000000000000004	276	2017-02-14 10:02:44	2017-02-14 10:02:44	10	\N	\N
131	2016	4	2	66	0	53	0	0	4	36	20	0	26	59	0	3.39999999999999991	1.16999999999999993	277	2017-02-14 10:02:44	2017-02-14 10:02:44	13	\N	\N
132	2016	1	2	68	0	59.1000000000000014	0	0	4	47	23	0	28	56	0	3.49000000000000021	1.26000000000000001	278	2017-02-14 10:02:44	2017-02-14 10:02:44	15	\N	\N
133	2016	7	6	67	0	59	0	0	4	44	27	0	32	81	0	4.12000000000000011	1.29000000000000004	279	2017-02-14 10:02:44	2017-02-14 10:02:44	14	\N	\N
134	2016	5	3	71	0	70.2000000000000028	0	0	3	48	18	0	15	80	0	2.29000000000000004	0.890000000000000013	280	2017-02-14 10:02:44	2017-02-14 10:02:44	3	\N	\N
135	2016	5	5	70	0	74.0999999999999943	0	0	3	50	20	0	15	73	0	2.41999999999999993	0.869999999999999996	281	2017-02-14 10:02:44	2017-02-14 10:02:44	10	\N	\N
136	2016	6	3	67	0	61.2000000000000028	0	0	3	42	19	0	26	66	0	2.77000000000000002	1.10000000000000009	282	2017-02-14 10:02:44	2017-02-14 10:02:44	28	\N	\N
137	2016	3	3	72	0	61	0	0	3	50	21	0	19	57	0	3.10000000000000009	1.12999999999999989	283	2017-02-14 10:02:44	2017-02-14 10:02:44	27	\N	\N
138	2016	4	6	69	0	63	0	0	3	54	25	0	26	72	0	3.56999999999999984	1.27000000000000002	284	2017-02-14 10:02:44	2017-02-14 10:02:44	9	\N	\N
139	2016	4	4	60	0	60.1000000000000014	0	0	3	53	25	0	15	65	0	3.72999999999999998	1.12999999999999989	285	2017-02-14 10:02:44	2017-02-14 10:02:44	11	\N	\N
140	2016	3	1	34	0	31	0	0	3	25	13	0	13	38	0	3.77000000000000002	1.22999999999999998	286	2017-02-14 10:02:44	2017-02-14 10:02:44	1	\N	\N
141	2016	6	4	68	0	65.2000000000000028	0	0	3	65	29	0	30	60	0	3.9700000000000002	1.44999999999999996	287	2017-02-14 10:02:44	2017-02-14 10:02:44	10	\N	\N
142	2016	3	2	56	0	48.1000000000000014	0	0	3	42	23	0	14	45	0	4.28000000000000025	1.15999999999999992	288	2017-02-14 10:02:44	2017-02-14 10:02:44	27	\N	\N
143	2016	4	3	57	0	51.2000000000000028	0	0	3	56	30	0	13	48	0	5.23000000000000043	1.34000000000000008	289	2017-02-14 10:02:44	2017-02-14 10:02:44	11	\N	\N
144	2016	10	4	71	0	79	0	0	2	57	18	0	25	92	0	2.04999999999999982	1.04000000000000004	290	2017-02-14 10:02:44	2017-02-14 10:02:44	1	\N	\N
145	2016	2	1	81	0	61	0	0	2	48	16	0	29	68	0	2.35999999999999988	1.26000000000000001	291	2017-02-14 10:02:44	2017-02-14 10:02:44	3	\N	\N
146	2016	4	4	79	0	80.0999999999999943	0	0	2	59	23	0	30	102	0	2.58000000000000007	1.1100000000000001	292	2017-02-14 10:02:44	2017-02-14 10:02:44	24	\N	\N
147	2016	3	3	72	0	82.0999999999999943	0	0	2	65	25	0	30	78	0	2.72999999999999998	1.14999999999999991	293	2017-02-14 10:02:44	2017-02-14 10:02:44	22	\N	\N
148	2016	4	2	73	0	42	0	0	2	36	13	0	15	52	0	2.79000000000000004	1.20999999999999996	294	2017-02-14 10:02:44	2017-02-14 10:02:44	23	\N	\N
149	2016	4	2	62	0	53.2000000000000028	0	0	2	40	21	0	21	61	0	3.52000000000000002	1.1399999999999999	295	2017-02-14 10:02:44	2017-02-14 10:02:44	25	\N	\N
150	2016	0	1	36	0	36	0	0	2	15	15	0	14	52	0	3.75	0.810000000000000053	296	2017-02-14 10:02:44	2017-02-14 10:02:44	17	\N	\N
151	2016	7	11	64	1	90.2000000000000028	0	0	2	90	38	0	26	63	0	3.77000000000000002	1.28000000000000003	297	2017-02-14 10:02:44	2017-02-14 10:02:44	12	\N	\N
152	2016	4	0	19	8	62	0	0	2	59	26	0	11	51	0	3.77000000000000002	1.12999999999999989	298	2017-02-14 10:02:44	2017-02-14 10:02:44	11	\N	\N
153	2016	7	7	60	0	59.2000000000000028	0	0	2	55	26	0	22	42	0	3.91999999999999993	1.29000000000000004	299	2017-02-14 10:02:44	2017-02-14 10:02:44	26	\N	\N
154	2016	2	4	24	6	70	0	0	2	72	33	0	6	27	0	4.24000000000000021	1.1100000000000001	300	2017-02-14 10:02:44	2017-02-14 10:02:44	10	\N	\N
155	2016	3	4	70	0	78.2000000000000028	0	0	2	77	38	0	22	59	0	4.34999999999999964	1.26000000000000001	301	2017-02-14 10:02:44	2017-02-14 10:02:44	7	\N	\N
156	2016	5	7	64	0	65.2000000000000028	0	0	2	59	34	0	32	68	0	4.66000000000000014	1.3899999999999999	302	2017-02-14 10:02:44	2017-02-14 10:02:44	18	\N	\N
157	2016	1	4	35	0	32.2000000000000028	0	0	2	32	17	0	16	38	0	4.67999999999999972	1.46999999999999997	303	2017-02-14 10:02:44	2017-02-14 10:02:44	22	\N	\N
158	2016	1	0	25	0	21.1999999999999993	0	0	2	18	14	0	14	23	0	5.82000000000000028	1.47999999999999998	304	2017-02-14 10:02:44	2017-02-14 10:02:44	24	\N	\N
159	2016	5	4	50	3	60.1000000000000014	0	0	2	58	39	0	22	59	0	5.82000000000000028	1.33000000000000007	305	2017-02-14 10:02:44	2017-02-14 10:02:44	5	\N	\N
160	2016	2	0	45	0	40.1000000000000014	0	0	1	30	5	0	14	51	0	1.12000000000000011	1.09000000000000008	306	2017-02-14 10:02:44	2017-02-14 10:02:44	7	\N	\N
161	2016	5	1	62	0	70.2000000000000028	0	0	1	54	12	0	10	57	0	1.53000000000000003	0.910000000000000031	307	2017-02-14 10:02:44	2017-02-14 10:02:44	4	\N	\N
162	2016	4	1	12	5	46	0	0	1	33	8	0	23	52	0	1.57000000000000006	1.21999999999999997	308	2017-02-14 10:02:44	2017-02-14 10:02:44	28	\N	\N
163	2016	4	2	80	0	77.2000000000000028	0	0	1	60	17	0	13	91	0	1.96999999999999997	0.939999999999999947	309	2017-02-14 10:02:44	2017-02-14 10:02:44	23	\N	\N
164	2016	1	1	7	2	18	0	0	1	9	4	0	4	10	0	2	0.719999999999999973	310	2017-02-14 10:02:44	2017-02-14 10:02:44	15	\N	\N
165	2016	4	3	64	0	60.2000000000000028	0	0	1	57	14	0	28	46	0	2.08000000000000007	1.39999999999999991	311	2017-02-14 10:02:44	2017-02-14 10:02:44	3	\N	\N
166	2016	4	2	61	0	55	0	0	1	44	13	0	9	50	0	2.12999999999999989	0.959999999999999964	312	2017-02-14 10:02:44	2017-02-14 10:02:44	27	\N	\N
167	2016	4	4	48	5	108.099999999999994	0	0	1	79	26	0	20	104	0	2.16000000000000014	0.910000000000000031	313	2017-02-14 10:02:44	2017-02-14 10:02:44	6	\N	\N
168	2016	4	1	73	0	67	0	0	1	51	17	0	31	63	0	2.2799999999999998	1.21999999999999997	314	2017-02-14 10:02:44	2017-02-14 10:02:44	29	\N	\N
169	2016	7	2	58	0	61.2000000000000028	0	0	1	44	17	0	14	61	0	2.47999999999999998	0.939999999999999947	315	2017-02-14 10:02:44	2017-02-14 10:02:44	13	\N	\N
170	2016	0	1	29	0	27.1000000000000014	0	0	1	21	8	0	20	25	0	2.62999999999999989	1.5	316	2017-02-14 10:02:44	2017-02-14 10:02:44	3	\N	\N
171	2016	0	1	27	0	26.1999999999999993	0	0	1	24	8	0	6	26	0	2.70000000000000018	1.12999999999999989	317	2017-02-14 10:02:44	2017-02-14 10:02:44	22	\N	\N
172	2016	3	1	51	0	48	0	0	1	37	15	0	24	52	0	2.81000000000000005	1.27000000000000002	318	2017-02-14 10:02:44	2017-02-14 10:02:44	11	\N	\N
173	2016	1	3	55	0	67	0	0	1	49	21	0	33	63	0	2.81999999999999984	1.21999999999999997	319	2017-02-14 10:02:44	2017-02-14 10:02:44	21	\N	\N
174	2016	3	0	67	0	63	0	0	1	34	20	0	31	78	0	2.85999999999999988	1.03000000000000003	320	2017-02-14 10:02:44	2017-02-14 10:02:44	26	\N	\N
175	2016	4	4	82	0	89.0999999999999943	0	0	1	63	29	0	36	111	0	2.91999999999999993	1.1100000000000001	321	2017-02-14 10:02:44	2017-02-14 10:02:44	26	\N	\N
176	2016	1	1	67	0	59.1000000000000014	0	0	1	62	20	0	22	34	0	3.0299999999999998	1.41999999999999993	322	2017-02-14 10:02:44	2017-02-14 10:02:44	25	\N	\N
177	2016	0	0	24	0	17.1999999999999993	0	0	1	15	6	0	10	13	0	3.06000000000000005	1.41999999999999993	323	2017-02-14 10:02:44	2017-02-14 10:02:44	21	\N	\N
178	2016	4	3	60	0	67.2000000000000028	0	0	1	69	23	0	19	62	0	3.06000000000000005	1.30000000000000004	324	2017-02-14 10:02:44	2017-02-14 10:02:44	14	\N	\N
179	2016	2	5	75	0	66.2000000000000028	0	0	1	56	24	0	28	69	0	3.24000000000000021	1.26000000000000001	325	2017-02-14 10:02:44	2017-02-14 10:02:44	4	\N	\N
180	2016	3	4	36	9	67.2000000000000028	0	0	1	81	25	0	31	41	0	3.33000000000000007	1.65999999999999992	326	2017-02-14 10:02:44	2017-02-14 10:02:44	17	\N	\N
181	2016	6	4	68	0	77.2000000000000028	0	0	1	69	30	0	36	85	0	3.47999999999999998	1.35000000000000009	327	2017-02-14 10:02:44	2017-02-14 10:02:44	23	\N	\N
182	2016	2	2	35	4	86.2000000000000028	0	0	1	84	34	0	35	56	0	3.5299999999999998	1.37000000000000011	328	2017-02-14 10:02:44	2017-02-14 10:02:44	1	\N	\N
183	2016	2	3	57	0	60.2000000000000028	0	0	1	67	24	0	33	50	0	3.56000000000000005	1.64999999999999991	329	2017-02-14 10:02:44	2017-02-14 10:02:44	11	\N	\N
184	2016	2	1	63	0	44.2000000000000028	0	0	1	37	18	0	21	38	0	3.62999999999999989	1.30000000000000004	330	2017-02-14 10:02:44	2017-02-14 10:02:44	2	\N	\N
185	2016	2	2	36	0	52	0	0	1	41	21	0	13	46	0	3.62999999999999989	1.04000000000000004	331	2017-02-14 10:02:44	2017-02-14 10:02:44	25	\N	\N
186	2016	1	6	57	0	46.2000000000000028	0	0	1	40	19	0	22	41	0	3.66000000000000014	1.33000000000000007	332	2017-02-14 10:02:44	2017-02-14 10:02:44	2	\N	\N
187	2016	2	5	66	0	46.1000000000000014	0	0	1	27	19	0	20	57	0	3.68999999999999995	1.01000000000000001	333	2017-02-14 10:02:44	2017-02-14 10:02:44	19	\N	\N
188	2016	6	7	72	0	75.0999999999999943	0	0	1	79	31	0	23	67	0	3.70000000000000018	1.35000000000000009	334	2017-02-14 10:02:44	2017-02-14 10:02:44	8	\N	\N
189	2016	3	4	70	0	72.2000000000000028	0	0	1	77	31	0	32	80	0	3.83999999999999986	1.5	335	2017-02-14 10:02:44	2017-02-14 10:02:44	24	\N	\N
190	2016	2	4	61	0	66	0	0	1	80	29	0	17	26	0	3.95000000000000018	1.46999999999999997	336	2017-02-14 10:02:44	2017-02-14 10:02:44	22	\N	\N
191	2016	6	5	70	0	76.2000000000000028	0	0	1	72	34	0	38	81	0	3.99000000000000021	1.42999999999999994	337	2017-02-14 10:02:44	2017-02-14 10:02:44	18	\N	\N
192	2016	0	0	11	0	9	0	0	1	5	4	0	3	13	0	4	0.890000000000000013	338	2017-02-14 10:02:44	2017-02-14 10:02:44	17	\N	\N
193	2016	1	3	68	0	26.1999999999999993	0	0	1	24	12	0	15	15	0	4.04999999999999982	1.45999999999999996	339	2017-02-14 10:02:44	2017-02-14 10:02:44	27	\N	\N
194	2016	5	8	70	0	66.2000000000000028	0	0	1	70	30	0	27	68	0	4.04999999999999982	1.45999999999999996	340	2017-02-14 10:02:44	2017-02-14 10:02:44	30	\N	\N
195	2016	4	3	62	0	66.2000000000000028	0	0	1	62	30	0	31	71	0	4.04999999999999982	1.39999999999999991	341	2017-02-14 10:02:44	2017-02-14 10:02:44	2	\N	\N
196	2016	1	6	75	0	77	0	0	1	66	35	0	33	92	0	4.08999999999999986	1.29000000000000004	342	2017-02-14 10:02:44	2017-02-14 10:02:44	29	\N	\N
197	2016	4	5	66	0	58.2000000000000028	0	0	1	61	27	0	17	65	0	4.13999999999999968	1.33000000000000007	343	2017-02-14 10:02:44	2017-02-14 10:02:44	5	\N	\N
198	2016	1	1	10	0	8.19999999999999929	0	0	1	6	4	0	3	5	0	4.15000000000000036	1.04000000000000004	344	2017-02-14 10:02:44	2017-02-14 10:02:44	13	\N	\N
200	2016	1	2	37	0	39.1000000000000014	0	0	1	44	19	0	11	33	0	4.34999999999999964	1.39999999999999991	346	2017-02-14 10:02:44	2017-02-14 10:02:44	12	\N	\N
201	2016	8	8	29	19	127.200000000000003	0	0	1	131	62	0	25	109	0	4.37000000000000011	1.21999999999999997	347	2017-02-14 10:02:44	2017-02-14 10:02:44	12	\N	\N
202	2016	3	5	36	1	62	0	0	1	67	31	0	15	49	0	4.5	1.32000000000000006	348	2017-02-14 10:02:44	2017-02-14 10:02:44	29	\N	\N
203	2016	1	0	17	0	17.1000000000000014	0	0	1	17	9	0	9	15	0	4.66999999999999993	1.5	349	2017-02-14 10:02:44	2017-02-14 10:02:44	9	\N	\N
204	2016	2	4	12	8	45.2000000000000028	0	0	1	49	24	0	15	52	0	4.73000000000000043	1.39999999999999991	350	2017-02-14 10:02:44	2017-02-14 10:02:44	9	\N	\N
205	2016	1	2	60	0	43.2000000000000028	0	0	1	52	24	0	18	40	0	4.95000000000000018	1.60000000000000009	351	2017-02-14 10:02:44	2017-02-14 10:02:44	6	\N	\N
206	2016	7	13	27	26	156.199999999999989	0	0	1	159	87	0	49	115	0	5	1.33000000000000007	352	2017-02-14 10:02:44	2017-02-14 10:02:44	16	\N	\N
207	2016	5	13	36	24	155.199999999999989	0	0	1	177	89	0	66	131	0	5.15000000000000036	1.56000000000000005	353	2017-02-14 10:02:44	2017-02-14 10:02:44	15	\N	\N
208	2016	6	2	22	15	94.0999999999999943	0	0	1	95	54	0	45	101	0	5.15000000000000036	1.47999999999999998	354	2017-02-14 10:02:44	2017-02-14 10:02:44	11	\N	\N
209	2016	2	1	37	0	33	0	0	1	29	19	0	13	33	0	5.17999999999999972	1.27000000000000002	355	2017-02-14 10:02:44	2017-02-14 10:02:44	9	\N	\N
210	2016	1	1	24	0	26	0	0	1	26	15	0	11	20	0	5.19000000000000039	1.41999999999999993	356	2017-02-14 10:02:44	2017-02-14 10:02:44	19	\N	\N
211	2016	2	1	40	0	40.2000000000000028	0	0	1	41	24	0	25	32	0	5.30999999999999961	1.62000000000000011	357	2017-02-14 10:02:44	2017-02-14 10:02:44	19	\N	\N
212	2016	8	12	29	25	142.099999999999994	0	0	1	150	86	0	72	125	0	5.44000000000000039	1.56000000000000005	358	2017-02-14 10:02:44	2017-02-14 10:02:44	1	\N	\N
213	2016	1	2	43	0	41.1000000000000014	0	0	1	38	26	0	23	43	0	5.66000000000000014	1.47999999999999998	359	2017-02-14 10:02:44	2017-02-14 10:02:44	15	\N	\N
214	2016	4	5	40	5	58.2000000000000028	0	0	1	69	38	0	28	32	0	5.83000000000000007	1.64999999999999991	360	2017-02-14 10:02:44	2017-02-14 10:02:44	19	\N	\N
215	2016	3	3	37	2	70.0999999999999943	0	0	1	85	46	0	29	54	0	5.88999999999999968	1.62000000000000011	361	2017-02-14 10:02:44	2017-02-14 10:02:44	7	\N	\N
216	2016	2	0	52	0	45.2000000000000028	0	0	1	42	30	0	28	50	0	5.91000000000000014	1.53000000000000003	362	2017-02-14 10:02:44	2017-02-14 10:02:44	12	\N	\N
217	2016	2	2	51	0	74	0	0	1	89	49	0	14	61	0	5.95999999999999996	1.3899999999999999	363	2017-02-14 10:02:44	2017-02-14 10:02:44	26	\N	\N
218	2016	3	3	16	4	47.2000000000000028	0	0	1	60	32	0	20	27	0	6.04000000000000004	1.67999999999999994	364	2017-02-14 10:02:44	2017-02-14 10:02:44	13	\N	\N
219	2016	4	9	28	12	83.2000000000000028	0	0	1	91	57	0	29	58	0	6.12999999999999989	1.42999999999999994	365	2017-02-14 10:02:44	2017-02-14 10:02:44	21	\N	\N
220	2016	3	9	34	13	88.2000000000000028	0	0	1	104	61	0	43	94	0	6.19000000000000039	1.65999999999999992	366	2017-02-14 10:02:44	2017-02-14 10:02:44	30	\N	\N
221	2016	2	4	50	0	46.1000000000000014	0	0	1	60	35	0	19	28	0	6.79999999999999982	1.70999999999999996	367	2017-02-14 10:02:44	2017-02-14 10:02:44	11	\N	\N
222	2016	12	4	21	21	149	0	0	0	97	28	0	11	172	0	1.68999999999999995	0.719999999999999973	430	2017-02-14 16:54:39	2017-02-14 16:54:39	20	\N	\N
223	2016	11	8	25	25	146.099999999999994	0	0	0	134	54	0	34	150	0	3.31999999999999984	1.14999999999999991	431	2017-02-14 16:54:39	2017-02-14 16:54:39	4	\N	\N
224	2016	13	7	26	26	158.199999999999989	0	0	0	161	77	0	41	134	0	4.37000000000000011	1.27000000000000002	432	2017-02-14 16:54:39	2017-02-14 16:54:39	15	\N	\N
225	2016	7	10	21	21	116	0	0	0	131	50	0	36	98	0	3.87999999999999989	1.43999999999999995	433	2017-02-14 16:54:39	2017-02-14 16:54:39	25	\N	\N
226	2016	11	8	25	25	153.099999999999994	0	0	0	138	65	0	65	122	0	3.81999999999999984	1.32000000000000006	434	2017-02-14 16:54:39	2017-02-14 16:54:39	11	\N	\N
227	2016	11	6	25	25	137.099999999999994	0	0	0	121	59	0	63	161	0	3.87000000000000011	1.34000000000000008	435	2017-02-14 16:54:39	2017-02-14 16:54:39	4	\N	\N
228	2016	4	10	17	17	92.2000000000000028	0	0	0	111	50	0	25	76	0	4.86000000000000032	1.46999999999999997	436	2017-02-14 16:54:39	2017-02-14 16:54:39	23	\N	\N
229	2016	9	5	20	20	123.099999999999994	0	0	0	120	45	0	30	105	0	3.2799999999999998	1.21999999999999997	437	2017-02-14 16:54:39	2017-02-14 16:54:39	18	\N	\N
230	2016	11	7	26	26	159	0	0	0	136	54	0	42	132	0	3.06000000000000005	1.12000000000000011	438	2017-02-14 16:54:39	2017-02-14 16:54:39	5	\N	\N
231	2016	12	5	20	20	110.099999999999994	0	0	0	77	26	0	33	129	0	2.12000000000000011	1	439	2017-02-14 16:54:40	2017-02-14 16:54:40	20	\N	\N
232	2016	5	11	22	22	117	0	0	0	133	74	0	42	94	0	5.69000000000000039	1.5	440	2017-02-14 16:54:40	2017-02-14 16:54:40	10	\N	\N
233	2016	6	9	20	20	111	0	0	0	116	59	0	29	121	0	4.78000000000000025	1.31000000000000005	441	2017-02-14 16:54:40	2017-02-14 16:54:40	24	\N	\N
234	2016	9	8	22	22	132.099999999999994	0	0	0	129	50	0	31	129	0	3.39999999999999991	1.20999999999999996	442	2017-02-14 16:54:40	2017-02-14 16:54:40	23	\N	\N
235	2016	7	9	25	24	144.199999999999989	0	0	0	135	62	0	37	124	0	3.85999999999999988	1.18999999999999995	443	2017-02-14 16:54:40	2017-02-14 16:54:40	10	\N	\N
236	2016	8	11	25	25	134.099999999999994	0	0	0	129	63	0	37	119	0	4.21999999999999975	1.23999999999999999	444	2017-02-14 16:54:40	2017-02-14 16:54:40	11	\N	\N
237	2016	8	6	24	24	131	0	0	0	129	60	0	45	152	0	4.12000000000000011	1.33000000000000007	445	2017-02-14 16:54:40	2017-02-14 16:54:40	24	\N	\N
238	2016	5	4	18	18	104	0	0	0	99	39	0	17	85	0	3.37999999999999989	1.12000000000000011	446	2017-02-14 16:54:40	2017-02-14 16:54:40	25	\N	\N
239	2016	9	13	27	27	160	0	0	0	166	69	0	30	143	0	3.87999999999999989	1.22999999999999998	447	2017-02-14 16:54:40	2017-02-14 16:54:40	7	\N	\N
240	2016	3	7	20	20	107	0	0	0	99	56	0	40	100	0	4.70999999999999996	1.30000000000000004	448	2017-02-14 16:54:40	2017-02-14 16:54:40	2	\N	\N
241	2016	7	5	19	19	105	0	0	0	108	40	0	29	93	0	3.43000000000000016	1.30000000000000004	449	2017-02-14 16:54:40	2017-02-14 16:54:40	29	\N	\N
242	2016	6	5	14	14	81	0	0	0	80	29	0	45	106	0	3.2200000000000002	1.54000000000000004	450	2017-02-14 16:54:40	2017-02-14 16:54:40	6	\N	\N
243	2016	5	2	18	15	77	0	0	0	81	29	0	31	84	0	3.39000000000000012	1.44999999999999996	451	2017-02-14 16:54:40	2017-02-14 16:54:40	20	\N	\N
244	2016	6	7	20	20	121	0	0	0	134	51	0	24	117	0	3.79000000000000004	1.31000000000000005	452	2017-02-14 16:54:40	2017-02-14 16:54:40	11	\N	\N
245	2016	6	8	19	19	89	0	0	0	93	35	0	51	98	0	3.54000000000000004	1.62000000000000011	453	2017-02-14 16:54:40	2017-02-14 16:54:40	12	\N	\N
246	2016	2	1	35	0	50	0	0	0	41	16	0	13	48	0	2.87999999999999989	1.08000000000000007	454	2017-02-14 16:54:40	2017-02-14 16:54:40	18	\N	\N
247	2016	13	6	24	24	156.199999999999989	0	0	0	138	58	0	57	127	0	3.33000000000000007	1.23999999999999999	455	2017-02-14 16:54:40	2017-02-14 16:54:40	2	\N	\N
248	2016	7	7	27	24	138	0	0	0	159	78	0	45	114	0	5.08999999999999986	1.47999999999999998	456	2017-02-14 16:54:40	2017-02-14 16:54:40	28	\N	\N
249	2016	9	7	19	18	105.099999999999994	0	0	0	118	57	0	26	66	0	4.87000000000000011	1.37000000000000011	457	2017-02-14 16:54:40	2017-02-14 16:54:40	5	\N	\N
250	2016	0	2	7	4	23.1000000000000014	0	0	0	22	11	0	13	24	0	4.24000000000000021	1.5	458	2017-02-14 16:54:40	2017-02-14 16:54:40	25	\N	\N
251	2016	1	3	6	6	34.2000000000000028	0	0	0	31	9	0	15	34	0	2.33999999999999986	1.33000000000000007	459	2017-02-14 16:54:40	2017-02-14 16:54:40	7	\N	\N
252	2016	10	6	36	14	109.200000000000003	0	0	0	109	49	0	42	104	0	4.01999999999999957	1.37999999999999989	460	2017-02-14 16:54:40	2017-02-14 16:54:40	1	\N	\N
253	2016	10	6	26	26	136.099999999999994	0	0	0	133	69	0	52	134	0	4.55999999999999961	1.3600000000000001	461	2017-02-14 16:54:40	2017-02-14 16:54:40	20	\N	\N
254	2016	7	8	24	24	148	0	0	0	142	50	0	36	143	0	3.04000000000000004	1.19999999999999996	462	2017-02-14 17:16:44	2017-02-14 17:16:44	23	\N	\N
255	2016	15	4	24	24	147.199999999999989	0	0	0	119	59	0	44	183	0	3.60000000000000009	1.10000000000000009	463	2017-02-14 17:16:44	2017-02-14 17:16:44	29	\N	\N
256	2016	7	5	17	17	100.099999999999994	0	0	0	81	38	0	31	132	0	3.41000000000000014	1.12000000000000011	464	2017-02-14 17:16:44	2017-02-14 17:16:44	13	\N	\N
259	2017	13	\N	32	32	199	\N	\N	0	168	68	\N	51	228	\N	2.96699999999999964	1.10699999999999998	149	2017-02-20 05:17:19	2017-03-20 19:09:36.811478	23	19.1000000000000014	2.81000000000000005
276	2017	15	\N	32	32	213	\N	\N	0	194	83	\N	46	226	\N	3.54299999999999971	1.11299999999999999	167	2017-02-20 05:17:19	2017-03-20 19:09:36.81787	2	21.1000000000000014	3.39999999999999991
268	2017	14	\N	31	31	195	\N	\N	0	175	74	\N	64	193	\N	3.11699999999999955	1.10099999999999998	159	2017-02-20 05:17:19	2017-03-20 19:09:36.832748	17	30.3000000000000007	3.41000000000000014
258	2017	15	\N	32	32	204	\N	\N	0	184	78	\N	55	195	\N	3.07699999999999996	1.10699999999999998	148	2017-02-20 05:17:19	2017-03-20 19:09:36.838743	17	37	3.41999999999999993
266	2017	15	\N	32	32	208	\N	\N	0	186	84	\N	58	213	\N	3.34199999999999964	1.12400000000000011	157	2017-02-20 05:17:19	2017-03-20 19:09:36.857457	5	46.3999999999999986	3.64000000000000012
265	2017	13	\N	32	32	199	\N	\N	0	189	79	\N	72	183	\N	3.2889999999999997	1.254	156	2017-02-20 05:17:19	2017-03-20 19:09:36.903198	28	65	3.54000000000000004
264	2017	13	\N	32	32	202	\N	\N	0	200	91	\N	79	166	\N	3.54999999999999982	1.30299999999999994	155	2017-02-20 05:17:19	2017-03-20 19:09:36.924727	14	81	4.01999999999999957
274	2017	13	\N	32	32	204	\N	\N	0	195	90	\N	70	199	\N	3.68099999999999961	1.29000000000000004	165	2017-02-20 05:17:19	2017-03-20 19:09:36.93773	13	82.2000000000000028	3.89000000000000012
273	2017	11	\N	29	29	183	\N	\N	0	181	84	\N	52	176	\N	3.72199999999999953	1.20699999999999985	164	2017-02-20 05:17:19	2017-03-20 19:09:36.997373	16	99.5	4.04000000000000004
272	2017	12	\N	32	32	204	\N	\N	0	202	86	\N	54	178	\N	3.56899999999999995	1.22900000000000009	163	2017-02-20 05:17:19	2017-03-20 19:09:37.003291	3	101.700000000000003	3.83000000000000007
282	2017	13	\N	31	31	187	\N	\N	0	173	79	\N	58	193	\N	3.43599999999999994	1.18399999999999994	173	2017-02-20 05:17:19	2017-03-20 19:09:37.014988	30	102.700000000000003	3.93000000000000016
281	2017	10	\N	26	26	148	\N	\N	0	140	61	\N	39	156	\N	3.58099999999999952	1.17199999999999993	172	2017-02-20 05:17:19	2017-03-20 19:09:37.020749	20	109.099999999999994	3.74000000000000021
277	2017	12	\N	29	29	180	\N	\N	0	173	79	\N	50	169	\N	3.7110000000000003	1.21899999999999986	168	2017-02-20 05:17:19	2017-03-20 19:09:37.212166	17	163.800000000000011	3.89999999999999991
271	2017	11	\N	31	31	184	\N	\N	0	183	87	\N	60	156	\N	3.87199999999999989	1.29199999999999982	162	2017-02-20 05:17:19	2017-03-20 19:09:37.274643	14	190.699999999999989	4.28000000000000025
275	2017	11	\N	33	23	137	\N	\N	0	127	60	\N	53	149	\N	3.69200000000000017	1.26500000000000012	166	2017-02-20 05:17:19	2017-03-20 19:09:37.365898	2	229.199999999999989	3.93999999999999995
278	2017	11	\N	32	32	199	\N	\N	0	209	100	\N	63	154	\N	4.00099999999999945	1.31800000000000006	169	2017-02-20 05:17:19	2017-03-20 19:09:37.581758	8	290.399999999999977	4.37000000000000011
329	2017	4	\N	65	0	65	\N	\N	43	45	19	\N	16	92	\N	2.37299999999999978	0.851999999999999869	224	2017-02-20 05:17:19	2017-03-20 19:09:36.87153	20	54.8999999999999986	2.43000000000000016
327	2017	4	\N	65	0	65	\N	\N	43	54	18	\N	21	74	\N	1.95699999999999985	0.998999999999999999	222	2017-02-20 05:17:19	2017-03-20 19:09:36.897265	1	64.2999999999999972	2.64000000000000012
347	2017	4	\N	65	0	65	\N	\N	41	56	23	\N	18	88	\N	2.59799999999999986	1.02099999999999991	243	2017-02-20 05:17:19	2017-03-20 19:09:36.93196	28	81.2000000000000028	3.14000000000000012
339	2017	4	\N	65	0	65	\N	\N	39	48	22	\N	28	82	\N	2.98299999999999965	1.1419999999999999	234	2017-02-20 05:17:19	2017-03-20 19:09:36.950825	2	83.7999999999999972	3
348	2017	4	\N	65	0	65	\N	\N	42	50	20	\N	20	85	\N	2.9399999999999995	1.1080000000000001	245	2017-02-20 05:17:19	2017-03-20 19:09:36.976128	11	93.0999999999999943	2.83000000000000007
337	2017	3	\N	65	0	65	\N	\N	37	54	25	\N	20	78	\N	3.17799999999999994	1.02099999999999991	232	2017-02-20 05:17:19	2017-03-20 19:09:36.981818	14	95.2999999999999972	3.5
333	2017	3	\N	65	0	65	\N	\N	41	57	24	\N	20	72	\N	2.76999999999999957	1.11299999999999999	228	2017-02-20 05:17:19	2017-03-20 19:09:37.047273	12	123.299999999999997	3.45999999999999996
338	2017	4	\N	65	0	65	\N	\N	33	52	24	\N	25	82	\N	2.8019999999999996	1.1379999999999999	233	2017-02-20 05:17:19	2017-03-20 19:09:37.09492	4	126.400000000000006	3.29000000000000004
305	2017	12	\N	28	28	166	\N	\N	0	167	69	\N	46	163	\N	3.76499999999999968	1.248	196	2017-02-20 05:17:19	2017-03-20 19:09:37.127329	14	137.400000000000006	3.62999999999999989
331	2017	3	\N	65	0	65	\N	\N	41	56	26	\N	31	72	\N	3.00599999999999978	1.31199999999999983	226	2017-02-20 05:17:19	2017-03-20 19:09:37.134423	21	140.800000000000011	3.74000000000000021
352	2017	3	\N	65	0	65	\N	\N	41	62	26	\N	19	64	\N	3.32399999999999984	1.127	249	2017-02-20 05:17:19	2017-03-20 19:09:37.146349	25	145.900000000000006	3.64000000000000012
311	2017	13	\N	32	32	209	\N	\N	0	207	82	\N	58	171	\N	3.62800000000000011	1.22100000000000009	203	2017-02-20 05:17:19	2017-03-20 19:09:37.152357	6	146.300000000000011	3.62000000000000011
330	2017	2	\N	65	0	65	\N	\N	38	64	29	\N	22	55	\N	3.32099999999999973	1.17300000000000004	225	2017-02-20 05:17:19	2017-03-20 19:09:37.186214	5	156.099999999999994	4.07000000000000028
332	2017	3	\N	65	0	65	\N	\N	33	64	26	\N	23	55	\N	3.36699999999999999	1.28000000000000003	227	2017-02-20 05:17:19	2017-03-20 19:09:37.197633	13	163.5	3.66000000000000014
313	2017	11	\N	31	31	184	\N	\N	0	178	85	\N	66	187	\N	3.96899999999999986	1.33400000000000007	205	2017-02-20 05:17:19	2017-03-20 19:09:37.235915	19	176.400000000000006	3.87999999999999989
297	2017	9	\N	28	28	162	\N	\N	0	150	71	\N	63	174	\N	3.83399999999999963	1.32699999999999996	188	2017-02-20 05:17:19	2017-03-20 19:09:37.249543	3	186.599999999999994	3.95999999999999996
323	2017	10	\N	29	29	168	\N	\N	0	145	66	\N	65	186	\N	3.97599999999999998	1.33699999999999997	216	2017-02-20 05:17:19	2017-03-20 19:09:37.302541	15	201.5	3.54000000000000004
290	2017	11	\N	31	31	192	\N	\N	0	188	80	\N	49	163	\N	3.81999999999999984	1.21599999999999997	181	2017-02-20 05:17:19	2017-03-20 19:09:37.31418	27	203.099999999999994	3.68000000000000016
284	2017	9	\N	26	26	152	\N	\N	0	152	72	\N	43	162	\N	4.01100000000000012	1.23799999999999999	175	2017-02-20 05:17:19	2017-03-20 19:09:37.327998	24	205	4.28000000000000025
321	2017	10	\N	26	26	152	\N	\N	0	139	59	\N	36	191	\N	3.75499999999999989	1.20199999999999996	214	2017-02-20 05:17:19	2017-03-20 19:09:37.333908	9	215.300000000000011	3.43999999999999995
357	2017	2	\N	65	0	65	\N	\N	31	60	26	\N	21	69	\N	3.46799999999999997	1.16299999999999981	255	2017-02-20 05:17:19	2017-03-20 19:09:37.386185	26	234.400000000000006	3.64999999999999991
315	2017	10	\N	28	28	170	\N	\N	0	175	74	\N	46	147	\N	4.01900000000000013	1.31400000000000006	207	2017-02-20 05:17:19	2017-03-20 19:09:37.392194	28	236.199999999999989	3.81000000000000005
300	2017	10	\N	29	29	179	\N	\N	0	188	83	\N	39	143	\N	4.01999999999999957	1.24199999999999999	191	2017-02-20 05:17:19	2017-03-20 19:09:37.43923	11	255.199999999999989	4.20000000000000018
341	2017	2	\N	65	0	65	\N	\N	30	65	28	\N	21	56	\N	3.82099999999999973	1.26000000000000001	236	2017-02-20 05:17:19	2017-03-20 19:09:37.453527	10	256.5	3.87000000000000011
304	2017	11	\N	31	31	181	\N	\N	0	180	83	\N	51	170	\N	4.13999999999999968	1.28399999999999981	195	2017-02-20 05:17:19	2017-03-20 19:09:37.493779	6	275.800000000000011	4.13999999999999968
287	2017	9	\N	29	29	171	\N	\N	0	176	84	\N	47	163	\N	4.08499999999999996	1.2370000000000001	178	2017-02-20 05:17:19	2017-03-20 19:09:37.501167	24	276.5	4.40000000000000036
302	2017	10	\N	23	23	134	\N	\N	0	130	64	\N	52	153	\N	4.17799999999999905	1.35299999999999998	193	2017-02-20 05:17:19	2017-03-20 19:09:37.534044	4	280.699999999999989	4.32000000000000028
312	2017	10	\N	29	29	165	\N	\N	0	160	69	\N	58	153	\N	3.95999999999999952	1.33400000000000007	204	2017-02-20 05:17:19	2017-03-20 19:09:37.547647	29	284.300000000000011	3.70000000000000018
344	2017	2	\N	65	0	65	\N	\N	27	58	26	\N	30	66	\N	4.1379999999999999	1.44100000000000006	240	2017-02-20 05:17:19	2017-03-20 19:09:37.587885	15	291	3.68000000000000016
291	2017	9	\N	28	28	158	\N	\N	0	163	80	\N	47	144	\N	4.21400000000000041	1.246	182	2017-02-20 05:17:19	2017-03-20 19:09:37.600191	30	296.600000000000023	4.46999999999999975
356	2017	2	\N	65	0	65	\N	\N	28	60	30	\N	25	67	\N	3.53600000000000003	1.26100000000000012	254	2017-02-20 05:17:19	2017-03-20 19:09:37.632934	2	304.399999999999977	4.07000000000000028
318	2017	9	\N	24	24	138	\N	\N	0	126	61	\N	63	159	\N	4.0909999999999993	1.33499999999999996	211	2017-02-20 05:17:19	2017-03-20 19:09:37.638669	14	305.199999999999989	4.04999999999999982
288	2017	9	\N	24	24	140	\N	\N	0	141	71	\N	51	149	\N	4.13999999999999968	1.30399999999999983	179	2017-02-20 05:17:19	2017-03-20 19:09:37.651386	21	308.100000000000023	4.50999999999999979
307	2017	9	\N	23	23	133	\N	\N	0	147	67	\N	22	122	\N	4.41599999999999948	1.22100000000000009	198	2017-02-20 05:17:19	2017-03-20 19:09:37.751725	4	338.699999999999989	4.49000000000000021
317	2017	10	\N	31	31	186	\N	\N	0	205	86	\N	43	122	\N	4.19899999999999984	1.29099999999999993	210	2017-02-20 05:17:19	2017-03-20 19:09:37.78845	28	351.600000000000023	4.04999999999999982
349	2017	2	\N	55	0	55	\N	\N	24	48	19	\N	16	57	\N	3.01900000000000013	1.05899999999999994	246	2017-02-20 05:17:19	2017-03-20 19:09:37.801332	17	360.100000000000023	3.20999999999999996
316	2017	8	\N	23	23	130	\N	\N	0	129	52	\N	40	124	\N	3.87999999999999989	1.29299999999999993	209	2017-02-20 05:17:19	2017-03-20 19:09:37.841571	16	374	3.56000000000000005
299	2017	10	\N	29	29	175	\N	\N	0	199	89	\N	51	115	\N	4.0909999999999993	1.38100000000000001	190	2017-02-20 05:17:19	2017-03-20 19:09:37.853804	10	379.899999999999977	4.34999999999999964
343	2017	2	\N	55	0	55	\N	\N	19	56	24	\N	20	47	\N	3.3019999999999996	1.34099999999999997	238	2017-02-20 05:17:19	2017-03-20 19:09:37.936095	13	404.600000000000023	3.93999999999999995
309	2017	9	\N	28	28	164	\N	\N	0	166	77	\N	56	141	\N	4.16899999999999959	1.34600000000000009	201	2017-02-20 05:17:19	2017-03-20 19:09:37.957134	16	412.399999999999977	4.33000000000000007
325	2017	7	\N	28	28	164	\N	\N	0	178	94	\N	66	159	\N	4.83099999999999952	1.45500000000000007	220	2017-02-20 05:17:19	2017-03-20 19:09:37.968989	3	419.800000000000011	5.12999999999999989
308	2017	10	\N	29	29	176	\N	\N	0	183	82	\N	44	153	\N	4.27699999999999925	1.2759999999999998	199	2017-02-20 05:17:19	2017-03-20 19:09:37.974603	7	422.100000000000023	4.23000000000000043
355	2017	2	\N	55	0	55	\N	\N	0	44	19	\N	25	60	\N	3.70999999999999996	1.36899999999999977	253	2017-02-20 05:17:19	2017-03-20 19:09:38.007131	28	436.300000000000011	3.2200000000000002
340	2017	2	\N	55	0	55	\N	\N	11	53	24	\N	21	53	\N	3.35499999999999998	1.21700000000000008	235	2017-02-20 05:17:19	2017-03-20 19:09:38.020215	10	444.100000000000023	3.93000000000000016
314	2017	6	\N	23	23	129	\N	\N	0	137	69	\N	52	108	\N	4.38699999999999957	1.40399999999999991	206	2017-02-20 05:17:19	2017-03-20 19:09:38.092628	22	474.899999999999977	4.57000000000000028
306	2017	10	\N	28	28	164	\N	\N	0	183	82	\N	59	124	\N	4.30399999999999938	1.41699999999999982	197	2017-02-20 05:17:19	2017-03-20 19:09:38.098761	13	475.899999999999977	4.49000000000000021
320	2017	7	\N	2	2	9	\N	\N	0	10	5	\N	3	108	\N	4.62999999999999989	1.40799999999999992	213	2017-02-20 05:17:19	2017-03-20 19:09:38.136317	19	502.5	4.41999999999999993
303	2017	8	\N	24	24	139	\N	\N	0	144	70	\N	58	135	\N	4.36299999999999955	1.42899999999999983	194	2017-02-20 05:17:19	2017-03-20 19:09:38.220018	21	555.600000000000023	4.46999999999999975
295	2017	11	\N	21	21	138.277999999999992	\N	\N	0	129	54	\N	30	169	\N	3.50899999999999945	1.16699999999999982	186	2017-02-20 05:17:19	2017-03-24 20:16:19.241674	2	92.2999999999999972	3.47999999999999998
389	2017	4	\N	\N	\N	\N	\N	\N	9	\N	\N	\N	\N	83	\N	3.47999999999999998	1.18999999999999995	313	2017-02-20 05:17:19	2017-02-20 05:17:19	6	\N	\N
402	2017	8	\N	\N	\N	\N	\N	\N	0	\N	\N	\N	\N	141	\N	4.12000000000000011	1.3600000000000001	354	2017-02-20 05:17:19	2017-02-20 05:17:19	30	\N	\N
404	2017	3	\N	\N	\N	\N	\N	\N	0	\N	\N	\N	\N	51	\N	4.98000000000000043	1.45999999999999996	366	2017-02-20 05:17:19	2017-02-20 05:17:19	30	\N	\N
406	2017	13	\N	32	32	193	\N	\N	0	177	72	\N	49	199	\N	3.26499999999999968	1.121	431	2017-02-20 05:17:19	2017-03-20 19:09:36.884892	4	57.7000000000000028	3.31999999999999984
408	2017	11	\N	31	31	189	\N	\N	0	184	77	\N	51	160	\N	3.52899999999999991	1.24699999999999989	433	2017-02-20 05:17:19	2017-03-20 19:09:37.034032	25	110.900000000000006	3.45999999999999996
358	2017	4	\N	65	0	65	\N	\N	31	43	16	\N	18	96	\N	2.03600000000000003	0.872999999999999998	256	2017-02-20 05:17:19	2017-03-20 19:09:37.040112	4	118.400000000000006	2.04999999999999982
410	2017	10	\N	29	29	169	\N	\N	0	149	69	\N	61	182	\N	3.79699999999999971	1.29599999999999982	435	2017-02-20 05:17:19	2017-03-20 19:09:37.087188	4	123.900000000000006	3.68000000000000016
414	2017	10	\N	24	24	145	\N	\N	0	120	51	\N	52	144	\N	2.96199999999999974	1.1549999999999998	439	2017-02-20 05:17:19	2017-03-20 19:09:37.100846	20	126.900000000000006	3.35000000000000009
409	2017	11	\N	32	32	203	\N	\N	0	202	88	\N	66	172	\N	3.73499999999999988	1.26400000000000001	434	2017-02-20 05:17:19	2017-03-20 19:09:37.120055	11	132.400000000000006	3.91999999999999993
421	2017	11	\N	29	29	175	\N	\N	0	176	70	\N	36	149	\N	3.59699999999999998	1.20999999999999996	446	2017-02-20 05:17:19	2017-03-20 19:09:37.173066	25	151.400000000000006	3.35999999999999988
411	2017	6	\N	24	24	141	\N	\N	0	137	59	\N	35	111	\N	3.85899999999999999	1.24499999999999988	436	2017-02-20 05:17:19	2017-03-20 19:09:37.191901	23	157.5	3.62999999999999989
427	2017	11	\N	29	29	171	\N	\N	0	159	66	\N	51	168	\N	3.62699999999999978	1.2370000000000001	452	2017-02-20 05:17:19	2017-03-20 19:09:37.205451	11	163.599999999999994	3.52000000000000002
417	2017	10	\N	28	28	164	\N	\N	0	154	65	\N	48	151	\N	3.35399999999999965	1.20900000000000007	442	2017-02-20 05:17:19	2017-03-20 19:09:37.224386	23	168.900000000000006	3.49000000000000021
367	2017	3	\N	65	0	65	\N	\N	27	56	25	\N	20	83	\N	3.15399999999999991	1.14900000000000002	268	2017-02-20 05:17:19	2017-03-20 19:09:37.242362	18	181.199999999999989	3.45000000000000018
418	2017	10	\N	28	28	162	\N	\N	0	162	74	\N	55	167	\N	3.77099999999999991	1.24900000000000011	443	2017-02-20 05:17:19	2017-03-20 19:09:37.268793	10	189.800000000000011	4.04000000000000004
365	2017	2	\N	65	0	65	\N	\N	32	59	26	\N	23	61	\N	3.18899999999999961	1.17599999999999993	265	2017-02-20 05:17:19	2017-03-20 19:09:37.281455	19	192.900000000000006	3.43999999999999995
361	2017	4	\N	65	0	65	\N	\N	37	43	18	\N	25	106	\N	2.28900000000000015	1.04699999999999993	259	2017-02-20 05:17:19	2017-03-20 19:09:37.296683	9	201.300000000000011	2.29999999999999982
379	2017	3	\N	65	0	65	\N	\N	35	56	27	\N	26	80	\N	3.4910000000000001	1.23199999999999998	292	2017-02-20 05:17:19	2017-03-20 19:09:37.340065	24	221.300000000000011	3.72999999999999998
428	2017	9	\N	24	24	134	\N	\N	0	113	55	\N	65	157	\N	3.69099999999999984	1.36499999999999977	453	2017-02-20 05:17:19	2017-03-20 19:09:37.353396	12	224.400000000000006	3.89999999999999991
424	2017	10	\N	26	26	146	\N	\N	0	147	65	\N	42	133	\N	3.64999999999999947	1.2410000000000001	449	2017-02-20 05:17:19	2017-03-20 19:09:37.372984	29	230.900000000000006	3.87000000000000011
364	2017	3	\N	65	0	65	\N	\N	30	54	23	\N	21	74	\N	3.03399999999999981	1.05899999999999994	264	2017-02-20 05:17:19	2017-03-20 19:09:37.433175	29	248.099999999999994	3.16999999999999993
415	2017	9	\N	26	26	160	\N	\N	0	165	72	\N	53	133	\N	3.96899999999999942	1.28600000000000003	440	2017-02-20 05:17:19	2017-03-20 19:09:37.446127	10	255.699999999999989	3.91000000000000014
388	2017	3	\N	65	0	65	\N	\N	35	59	26	\N	19	79	\N	2.9870000000000001	1.1160000000000001	309	2017-02-20 05:17:19	2017-03-20 19:09:37.478819	23	263.899999999999977	3.49000000000000021
412	2017	9	\N	23	23	138	\N	\N	0	139	65	\N	39	148	\N	3.95000000000000018	1.248	437	2017-02-20 05:17:19	2017-03-20 19:09:37.507843	18	277	4.20999999999999996
381	2017	2	\N	65	0	65	\N	\N	36	58	28	\N	26	63	\N	3.97199999999999953	1.22699999999999987	295	2017-02-20 05:17:19	2017-03-20 19:09:37.540232	22	283.5	3.83999999999999986
423	2017	9	\N	24	24	136	\N	\N	0	137	66	\N	45	121	\N	4.08699999999999974	1.27400000000000002	448	2017-02-20 05:17:19	2017-03-20 19:09:37.614033	2	299.699999999999989	4.34999999999999964
430	2017	7	\N	21	21	126	\N	\N	0	131	63	\N	44	88	\N	3.86499999999999977	1.30599999999999983	455	2017-02-20 05:17:19	2017-03-20 19:09:37.698838	2	326.600000000000023	4.49000000000000021
431	2017	5	\N	23	23	129	\N	\N	0	131	58	\N	42	82	\N	3.92100000000000026	1.30200000000000005	456	2017-02-20 05:17:19	2017-03-20 19:09:37.723093	28	331.5	4.00999999999999979
363	2017	2	\N	55	0	55	\N	\N	20	55	27	\N	20	44	\N	4.29800000000000004	1.34600000000000009	263	2017-02-20 05:17:19	2017-03-20 19:09:37.757603	7	342	4.59999999999999964
370	2017	4	\N	48	3	63	\N	\N	19	55	23	\N	22	71	\N	3.54400000000000004	1.29400000000000004	274	2017-02-20 05:17:19	2017-03-20 19:09:37.763334	21	345.899999999999977	3.25999999999999979
373	2017	3	\N	40	0	40	\N	\N	19	38	18	\N	13	60	\N	3.22500000000000009	1.10899999999999999	281	2017-02-20 05:17:19	2017-03-20 19:09:37.835825	10	372.899999999999977	3.97999999999999998
384	2017	2	\N	65	0	65	\N	\N	21	56	26	\N	27	60	\N	3.43399999999999972	1.2589999999999999	303	2017-02-20 05:17:19	2017-03-20 19:09:37.880505	22	387.300000000000011	3.49000000000000021
377	2017	2	\N	65	0	65	\N	\N	12	61	27	\N	20	64	\N	3.74000000000000021	1.21099999999999985	289	2017-02-20 05:17:19	2017-03-20 19:09:37.8922	18	393.199999999999989	3.87999999999999989
374	2017	3	\N	65	0	65	\N	\N	20	56	22	\N	20	67	\N	2.74299999999999944	1.10400000000000009	283	2017-02-20 05:17:19	2017-03-20 19:09:37.900221	27	395	3.12000000000000011
382	2017	2	\N	55	0	55	\N	\N	8	42	20	\N	30	55	\N	2.95500000000000007	1.26100000000000012	296	2017-02-20 05:17:19	2017-03-20 19:09:37.951259	17	411.899999999999977	3.43999999999999995
368	2017	2	\N	55	0	55	\N	\N	18	48	24	\N	32	63	\N	3.61699999999999999	1.34799999999999986	269	2017-02-20 05:17:19	2017-03-20 19:09:37.981917	16	424.100000000000023	4
392	2017	2	\N	55	0	55	\N	\N	24	48	23	\N	22	55	\N	3.45199999999999996	1.25600000000000001	318	2017-02-20 05:17:19	2017-03-20 19:09:38.012708	24	436.800000000000011	3.79999999999999982
390	2017	3	\N	65	0	65	\N	\N	33	61	24	\N	25	57	\N	3.10499999999999954	1.28799999999999981	314	2017-02-20 05:17:19	2017-03-20 19:09:38.034449	29	451.699999999999989	3.33999999999999986
369	2017	2	\N	55	0	55	\N	\N	24	52	23	\N	19	65	\N	4.08999999999999986	1.35599999999999987	273	2017-02-20 05:17:19	2017-03-20 19:09:38.08147	25	467.899999999999977	3.72999999999999998
395	2017	4	\N	65	0	65	\N	\N	20	58	25	\N	23	86	\N	3.17799999999999949	1.18999999999999995	321	2017-02-20 05:17:19	2017-03-20 19:09:38.142647	26	506.600000000000023	3.49000000000000021
397	2017	2	\N	65	0	65	\N	\N	35	60	27	\N	23	65	\N	3.54700000000000015	1.2799999999999998	340	2017-02-20 05:17:19	2017-03-20 19:09:38.231047	30	569.299999999999955	3.79000000000000004
398	2017	3	\N	65	0	65	\N	\N	26	56	23	\N	25	80	\N	3.43299999999999983	1.254	342	2017-02-20 05:17:19	2017-03-20 19:09:38.238554	25	571.799999999999955	3.25
400	2017	3	\N	21	21	122	\N	\N	0	130	64	\N	39	61	\N	4.62199999999999989	1.35899999999999999	352	2017-02-20 05:17:19	2017-03-20 19:09:38.325212	16	614.5	4.54000000000000004
366	2017	2	\N	65	0	65	\N	\N	19	54	24	\N	16	56	\N	3.03500000000000014	1.01000000000000001	266	2017-02-20 05:17:19	2017-03-20 19:09:38.336391	17	625.399999999999977	3.35999999999999988
371	2017	2	\N	65	0	65	\N	\N	20	55	28	\N	26	67	\N	4.21699999999999964	1.34399999999999986	279	2017-02-20 05:17:19	2017-03-20 19:09:38.394343	14	668.399999999999977	3.99000000000000021
375	2017	3	\N	55	0	55	\N	\N	25	50	27	\N	22	66	\N	3.64599999999999991	1.24299999999999988	284	2017-02-20 05:17:19	2017-03-20 19:09:38.413307	9	676.299999999999955	4.66000000000000014
383	2017	3	\N	45	0	45	\N	\N	19	44	19	\N	12	56	\N	3.70799999999999974	1.24699999999999989	297	2017-02-20 05:17:19	2017-03-20 19:09:38.428192	12	698.5	3.93000000000000016
386	2017	3	\N	45	0	45	\N	\N	10	46	18	\N	10	43	\N	3.03599999999999959	1.16199999999999992	307	2017-02-20 05:17:19	2017-03-20 19:09:38.453185	4	734.399999999999977	3.56999999999999984
403	2017	1	\N	43	3	58	\N	\N	0	59	26	\N	19	24	\N	4.34999999999999964	1.34699999999999998	365	2017-02-20 05:17:19	2017-03-20 19:09:38.579049	21	892	3.99000000000000021
393	2017	2	\N	35	0	35	\N	\N	0	33	16	\N	17	52	\N	3.9139999999999997	1.40899999999999981	319	2017-02-20 05:17:19	2017-03-20 19:09:38.623341	21	928.299999999999955	4.17999999999999972
440	2016	2	0	10	0	6.09999999999999964	0	0	0	5	0	0	4	9	0	0	1.41999999999999993	560	2017-02-20 06:26:55	2017-02-20 06:26:55	29	\N	\N
441	2016	2	2	21	0	22	0	0	0	13	3	0	11	30	0	1.22999999999999998	1.09000000000000008	561	2017-02-20 06:26:55	2017-02-20 06:26:55	30	\N	\N
442	2016	0	0	40	0	46	0	0	0	43	9	0	7	32	0	1.76000000000000001	1.09000000000000008	562	2017-02-20 06:26:55	2017-02-20 06:26:55	8	\N	\N
443	2016	0	0	3	0	4.20000000000000018	0	0	0	8	1	0	2	1	0	1.92999999999999994	2.14000000000000012	563	2017-02-20 06:26:55	2017-02-20 06:26:55	5	\N	\N
444	2016	0	1	25	0	26.1000000000000014	0	0	0	14	6	0	6	39	0	2.04999999999999982	0.760000000000000009	564	2017-02-20 06:26:55	2017-02-20 06:26:55	20	\N	\N
445	2016	2	0	5	5	29.1000000000000014	0	0	0	20	7	0	4	23	0	2.14999999999999991	0.819999999999999951	565	2017-02-20 06:26:55	2017-02-20 06:26:55	10	\N	\N
446	2016	2	1	5	5	27.1999999999999993	0	0	0	22	7	0	4	13	0	2.2799999999999998	0.939999999999999947	566	2017-02-20 06:26:55	2017-02-20 06:26:55	24	\N	\N
447	2016	4	2	8	7	44.2000000000000028	0	0	0	42	12	0	15	42	0	2.41999999999999993	1.28000000000000003	567	2017-02-20 06:26:55	2017-02-20 06:26:55	23	\N	\N
448	2016	7	2	75	0	80	0	0	0	55	22	0	26	80	0	2.47999999999999998	1.01000000000000001	568	2017-02-20 06:26:55	2017-02-20 06:26:55	20	\N	\N
449	2016	4	5	49	7	100	0	0	0	79	28	0	38	92	0	2.52000000000000002	1.16999999999999993	569	2017-02-20 06:26:55	2017-02-20 06:26:55	17	\N	\N
450	2016	5	2	17	8	64	0	0	0	49	19	0	21	45	0	2.66999999999999993	1.09000000000000008	570	2017-02-20 06:26:55	2017-02-20 06:26:55	23	\N	\N
451	2016	9	3	20	20	121.200000000000003	0	0	0	94	38	0	43	100	0	2.81000000000000005	1.12999999999999989	571	2017-02-20 06:26:55	2017-02-20 06:26:55	22	\N	\N
452	2016	6	3	75	0	72.2000000000000028	0	0	0	45	23	0	44	113	0	2.85000000000000009	1.21999999999999997	572	2017-02-20 06:26:55	2017-02-20 06:26:55	21	\N	\N
453	2016	2	2	54	0	47.1000000000000014	0	0	0	27	15	0	15	60	0	2.85000000000000009	0.890000000000000013	573	2017-02-20 06:26:55	2017-02-20 06:26:55	17	\N	\N
454	2016	5	2	37	0	36.1000000000000014	0	0	0	23	12	0	12	45	0	2.9700000000000002	0.959999999999999964	574	2017-02-20 06:26:55	2017-02-20 06:26:55	5	\N	\N
455	2016	3	2	73	0	74	0	0	0	52	25	0	22	83	0	3.04000000000000004	1	575	2017-02-20 06:26:55	2017-02-20 06:26:55	20	\N	\N
456	2016	8	2	66	0	74.2000000000000028	0	0	0	59	26	0	36	96	0	3.12999999999999989	1.27000000000000002	576	2017-02-20 06:26:55	2017-02-20 06:26:55	1	\N	\N
457	2016	0	0	10	0	5.20000000000000018	0	0	0	5	2	0	1	3	0	3.18000000000000016	1.06000000000000005	577	2017-02-20 06:26:55	2017-02-20 06:26:55	24	\N	\N
458	2016	4	2	14	13	69.0999999999999943	0	0	0	75	26	0	22	71	0	3.37999999999999989	1.39999999999999991	578	2017-02-20 06:26:55	2017-02-20 06:26:55	5	\N	\N
459	2016	3	2	53	2	52.1000000000000014	0	0	0	53	20	0	23	54	0	3.43999999999999995	1.44999999999999996	579	2017-02-20 06:26:55	2017-02-20 06:26:55	4	\N	\N
460	2016	5	6	19	19	114.099999999999994	0	0	0	119	45	0	28	99	0	3.54000000000000004	1.29000000000000004	580	2017-02-20 06:26:55	2017-02-20 06:26:55	19	\N	\N
461	2016	6	5	19	19	116.099999999999994	0	0	0	103	48	0	28	73	0	3.70999999999999996	1.12999999999999989	581	2017-02-20 06:26:55	2017-02-20 06:26:55	13	\N	\N
462	2016	1	4	14	10	60.1000000000000014	0	0	0	56	25	0	20	66	0	3.72999999999999998	1.26000000000000001	582	2017-02-20 06:26:55	2017-02-20 06:26:55	20	\N	\N
463	2016	5	8	24	23	135	0	0	0	132	56	0	35	95	0	3.72999999999999998	1.23999999999999999	583	2017-02-20 06:26:55	2017-02-20 06:26:55	3	\N	\N
464	2016	8	6	25	25	133.099999999999994	0	0	0	125	57	0	62	124	0	3.85000000000000009	1.39999999999999991	584	2017-02-20 06:26:55	2017-02-20 06:26:55	21	\N	\N
465	2016	12	9	27	27	158	0	0	0	147	68	0	70	117	0	3.87000000000000011	1.37000000000000011	585	2017-02-20 06:26:55	2017-02-20 06:26:55	19	\N	\N
466	2016	5	2	12	10	58	0	0	0	47	25	0	18	44	0	3.87999999999999989	1.12000000000000011	586	2017-02-20 06:26:55	2017-02-20 06:26:55	11	\N	\N
467	2016	1	7	54	0	36.2000000000000028	0	0	0	39	16	0	8	45	0	3.93000000000000016	1.28000000000000003	587	2017-02-20 06:26:55	2017-02-20 06:26:55	28	\N	\N
468	2016	2	4	28	0	31	0	0	0	23	14	0	8	30	0	4.05999999999999961	1	588	2017-02-20 06:26:55	2017-02-20 06:26:55	14	\N	\N
469	2016	4	4	11	10	62	0	0	0	59	28	0	16	55	0	4.05999999999999961	1.20999999999999996	589	2017-02-20 06:26:55	2017-02-20 06:26:55	6	\N	\N
470	2016	1	1	16	0	24	0	0	0	23	11	0	15	27	0	4.12999999999999989	1.58000000000000007	590	2017-02-20 06:26:55	2017-02-20 06:26:55	22	\N	\N
471	2016	1	1	4	4	17.1000000000000014	0	0	0	15	8	0	8	19	0	4.15000000000000036	1.33000000000000007	591	2017-02-20 06:26:55	2017-02-20 06:26:55	6	\N	\N
472	2016	3	4	10	10	49.2000000000000028	0	0	0	51	23	0	23	50	0	4.16999999999999993	1.48999999999999999	592	2017-02-20 06:26:55	2017-02-20 06:26:55	7	\N	\N
473	2016	5	4	14	14	70.2000000000000028	0	0	0	73	33	0	20	53	0	4.20000000000000018	1.32000000000000006	593	2017-02-20 06:26:55	2017-02-20 06:26:55	25	\N	\N
474	2016	6	0	38	0	53.1000000000000014	0	0	0	60	25	0	18	30	0	4.21999999999999975	1.45999999999999996	594	2017-02-20 06:26:55	2017-02-20 06:26:55	30	\N	\N
475	2016	9	5	22	22	123.099999999999994	0	0	0	125	59	0	35	111	0	4.30999999999999961	1.30000000000000004	595	2017-02-20 06:26:55	2017-02-20 06:26:55	16	\N	\N
476	2016	1	1	24	6	56.1000000000000014	0	0	0	56	27	0	13	55	0	4.30999999999999961	1.21999999999999997	596	2017-02-20 06:26:55	2017-02-20 06:26:55	10	\N	\N
477	2016	4	4	17	9	70.0999999999999943	0	0	0	64	34	0	14	46	0	4.34999999999999964	1.1100000000000001	597	2017-02-20 06:26:55	2017-02-20 06:26:55	9	\N	\N
478	2016	8	1	47	0	65	0	0	0	55	32	0	22	95	0	4.42999999999999972	1.17999999999999994	598	2017-02-20 06:26:55	2017-02-20 06:26:55	6	\N	\N
479	2016	2	2	62	0	67	0	0	0	71	33	0	18	63	0	4.42999999999999972	1.33000000000000007	599	2017-02-20 06:26:55	2017-02-20 06:26:55	7	\N	\N
480	2016	10	7	52	12	118	0	0	0	117	59	0	45	138	0	4.5	1.37000000000000011	600	2017-02-20 06:26:55	2017-02-20 06:26:55	25	\N	\N
481	2016	6	5	20	18	97.0999999999999943	0	0	0	97	49	0	29	82	0	4.53000000000000025	1.29000000000000004	601	2017-02-20 06:26:55	2017-02-20 06:26:55	5	\N	\N
482	2016	8	10	37	21	139.099999999999994	0	0	0	130	74	0	55	93	0	4.78000000000000025	1.33000000000000007	602	2017-02-20 06:26:55	2017-02-20 06:26:55	24	\N	\N
483	2016	3	7	24	14	82.0999999999999943	0	0	0	81	44	0	40	61	0	4.80999999999999961	1.46999999999999997	603	2017-02-20 06:26:55	2017-02-20 06:26:55	8	\N	\N
484	2016	0	3	8	7	33.1000000000000014	0	0	0	45	18	0	17	29	0	4.86000000000000032	1.8600000000000001	604	2017-02-20 06:26:55	2017-02-20 06:26:55	25	\N	\N
485	2016	5	3	11	6	44	0	0	0	47	24	0	22	42	0	4.91000000000000014	1.57000000000000006	605	2017-02-20 06:26:55	2017-02-20 06:26:55	3	\N	\N
486	2016	2	3	64	0	40	0	0	0	38	22	0	20	46	0	4.95000000000000018	1.44999999999999996	606	2017-02-20 06:26:55	2017-02-20 06:26:55	29	\N	\N
487	2016	2	3	10	9	40	0	0	0	29	22	0	26	44	0	4.95000000000000018	1.37999999999999989	607	2017-02-20 06:26:55	2017-02-20 06:26:55	20	\N	\N
488	2016	8	9	26	26	141.199999999999989	0	0	0	154	79	0	67	143	0	5.01999999999999957	1.56000000000000005	608	2017-02-20 06:26:55	2017-02-20 06:26:55	15	\N	\N
489	2016	6	11	25	25	147.099999999999994	0	0	0	175	83	0	55	104	0	5.07000000000000028	1.56000000000000005	609	2017-02-20 06:26:55	2017-02-20 06:26:55	8	\N	\N
437	2017	11	\N	29	29	180	\N	\N	0	170	72	\N	46	170	\N	3.30399999999999938	1.17899999999999983	462	2017-02-20 05:17:19	2017-03-20 19:09:36.910553	23	67.5	3.4700000000000002
434	2017	10	\N	24	24	145	\N	\N	0	135	56	\N	51	147	\N	3.496	1.2799999999999998	459	2017-02-20 05:17:19	2017-03-20 19:09:37.359141	7	228.400000000000006	3.62999999999999989
433	2017	5	\N	23	23	126	\N	\N	0	110	54	\N	67	100	\N	3.80399999999999983	1.41399999999999992	458	2017-02-20 05:17:19	2017-03-20 19:09:37.472754	25	263	3.7799999999999998
436	2017	8	\N	21	21	118	\N	\N	0	112	51	\N	38	127	\N	4.03599999999999959	1.28399999999999981	461	2017-02-20 05:17:19	2017-03-20 19:09:37.874574	20	383.399999999999977	3.93999999999999995
490	2016	4	0	20	6	40	0	0	0	44	23	0	24	48	0	5.17999999999999972	1.69999999999999996	610	2017-02-20 06:26:55	2017-02-20 06:26:55	2	\N	\N
491	2016	2	0	44	0	32.2000000000000028	0	0	0	43	19	0	9	22	0	5.23000000000000043	1.59000000000000008	611	2017-02-20 06:26:55	2017-02-20 06:26:55	19	\N	\N
492	2016	5	11	28	27	132	0	0	0	142	77	0	60	112	0	5.25	1.53000000000000003	612	2017-02-20 06:26:55	2017-02-20 06:26:55	13	\N	\N
493	2016	1	0	9	3	24	0	0	0	28	14	0	7	22	0	5.25	1.45999999999999996	613	2017-02-20 06:26:55	2017-02-20 06:26:55	25	\N	\N
494	2016	2	2	44	0	42.2000000000000028	0	0	0	39	25	0	17	60	0	5.26999999999999957	1.31000000000000005	614	2017-02-20 06:26:55	2017-02-20 06:26:55	8	\N	\N
495	2016	0	1	2	0	1.19999999999999996	0	0	0	1	1	0	3	0	0	5.40000000000000036	2.39999999999999991	615	2017-02-20 06:26:55	2017-02-20 06:26:55	20	\N	\N
496	2016	6	8	23	23	118	0	0	0	126	71	0	61	85	0	5.41999999999999993	1.58000000000000007	616	2017-02-20 06:26:55	2017-02-20 06:26:55	11	\N	\N
497	2016	8	9	27	24	134	0	0	0	157	82	0	63	108	0	5.50999999999999979	1.6399999999999999	617	2017-02-20 06:26:55	2017-02-20 06:26:55	19	\N	\N
498	2016	5	9	31	21	118.200000000000003	0	0	0	134	73	0	36	102	0	5.54000000000000004	1.42999999999999994	618	2017-02-20 06:26:55	2017-02-20 06:26:55	27	\N	\N
499	2016	4	8	21	17	89.0999999999999943	0	0	0	103	56	0	32	72	0	5.63999999999999968	1.51000000000000001	619	2017-02-20 06:26:55	2017-02-20 06:26:55	27	\N	\N
500	2016	1	4	9	8	36.1000000000000014	0	0	0	46	23	0	12	45	0	5.70000000000000018	1.60000000000000009	620	2017-02-20 06:26:55	2017-02-20 06:26:55	28	\N	\N
501	2016	3	6	10	10	53.2000000000000028	0	0	0	53	34	0	28	32	0	5.70000000000000018	1.51000000000000001	621	2017-02-20 06:26:55	2017-02-20 06:26:55	24	\N	\N
502	2016	9	10	35	20	146.199999999999989	0	0	0	187	93	0	46	105	0	5.70999999999999996	1.59000000000000008	622	2017-02-20 06:26:55	2017-02-20 06:26:55	26	\N	\N
503	2016	0	0	11	0	17.1000000000000014	0	0	0	22	11	0	6	8	0	5.70999999999999996	1.62000000000000011	623	2017-02-20 06:26:55	2017-02-20 06:26:55	28	\N	\N
504	2016	1	0	18	0	17	0	0	0	22	11	0	6	9	0	5.82000000000000028	1.64999999999999991	624	2017-02-20 06:26:55	2017-02-20 06:26:55	26	\N	\N
505	2016	3	8	22	11	71	0	0	0	78	46	0	25	66	0	5.83000000000000007	1.44999999999999996	625	2017-02-20 06:26:55	2017-02-20 06:26:55	9	\N	\N
506	2016	5	7	21	13	84	0	0	0	92	55	0	41	61	0	5.88999999999999968	1.58000000000000007	626	2017-02-20 06:26:55	2017-02-20 06:26:55	26	\N	\N
507	2016	1	7	12	11	59	0	0	0	76	39	0	13	34	0	5.95000000000000018	1.51000000000000001	627	2017-02-20 06:26:55	2017-02-20 06:26:55	8	\N	\N
508	2016	2	4	9	9	46.1000000000000014	0	0	0	57	31	0	19	23	0	6.01999999999999957	1.6399999999999999	628	2017-02-20 06:26:55	2017-02-20 06:26:55	10	\N	\N
509	2016	3	12	20	20	101	0	0	0	127	69	0	42	70	0	6.15000000000000036	1.66999999999999993	629	2017-02-20 06:26:55	2017-02-20 06:26:55	15	\N	\N
510	2016	2	0	4	4	17	0	0	0	19	12	0	7	15	0	6.34999999999999964	1.53000000000000003	630	2017-02-20 06:26:55	2017-02-20 06:26:55	12	\N	\N
511	2016	9	12	26	26	133	0	0	0	167	95	0	32	114	0	6.42999999999999972	1.5	631	2017-02-20 06:26:55	2017-02-20 06:26:55	8	\N	\N
512	2016	0	1	6	4	21.1000000000000014	0	0	0	26	16	0	12	11	0	6.75	1.78000000000000003	632	2017-02-20 06:26:55	2017-02-20 06:26:55	3	\N	\N
513	2016	2	7	15	15	70	0	0	0	82	59	0	34	46	0	7.58999999999999986	1.65999999999999992	633	2017-02-20 06:26:55	2017-02-20 06:26:55	16	\N	\N
514	2016	3	7	14	14	58.1000000000000014	0	0	0	74	52	0	35	49	0	8.01999999999999957	1.87000000000000011	634	2017-02-20 06:26:55	2017-02-20 06:26:55	8	\N	\N
515	2016	1	2	5	5	22	0	0	0	32	21	0	7	16	0	8.58999999999999986	1.77000000000000002	635	2017-02-20 06:26:55	2017-02-20 06:26:55	12	\N	\N
516	2016	1	0	6	0	8.09999999999999964	0	0	0	10	8	0	2	6	0	8.64000000000000057	1.43999999999999995	636	2017-02-20 06:26:55	2017-02-20 06:26:55	21	\N	\N
517	2016	0	1	1	1	4.20000000000000018	0	0	0	8	6	0	2	4	0	11.5700000000000003	2.14000000000000012	637	2017-02-20 06:26:55	2017-02-20 06:26:55	20	\N	\N
518	2016	0	1	1	1	5.09999999999999964	0	0	0	9	7	0	1	5	0	11.8100000000000005	1.87999999999999989	638	2017-02-20 06:26:55	2017-02-20 06:26:55	13	\N	\N
519	2016	0	2	2	2	9.09999999999999964	0	0	0	15	13	0	5	3	0	12.5399999999999991	2.14000000000000012	639	2017-02-20 06:26:55	2017-02-20 06:26:55	13	\N	\N
520	2016	1	0	8	0	6	0	0	0	7	10	0	6	3	0	15	2.16999999999999993	640	2017-02-20 06:26:55	2017-02-20 06:26:55	15	\N	\N
524	2017	1	\N	\N	\N	\N	\N	\N	0	\N	\N	\N	\N	10	\N	4.5	1.57000000000000006	563	2017-02-20 07:20:32	2017-02-20 07:20:32	5	\N	\N
538	2017	1	\N	\N	\N	\N	\N	\N	0	\N	\N	\N	\N	10	\N	3	1.16999999999999993	577	2017-02-20 07:20:32	2017-02-20 07:20:32	24	\N	\N
549	2017	1	\N	\N	\N	\N	\N	\N	0	\N	\N	\N	\N	20	\N	3.85999999999999988	1.18999999999999995	588	2017-02-20 07:20:32	2017-02-20 07:20:32	14	\N	\N
551	2017	2	\N	\N	\N	\N	\N	\N	0	\N	\N	\N	\N	38	\N	4.79999999999999982	1.51000000000000001	590	2017-02-20 07:20:32	2017-02-20 07:20:32	22	\N	\N
550	2017	7	\N	8	8	46	\N	\N	0	47	21	\N	11	113	\N	3.8490000000000002	1.20100000000000007	589	2017-02-20 07:20:32	2017-03-20 19:09:37.553952	6	285.199999999999989	4.05999999999999961
532	2017	9	\N	28	28	164	\N	\N	0	165	81	\N	63	141	\N	3.76499999999999968	1.31299999999999994	571	2017-02-20 07:20:32	2017-03-20 19:09:37.56691	22	285.699999999999989	4.29000000000000004
533	2017	3	\N	65	0	65	\N	\N	32	49	22	\N	36	92	\N	2.60499999999999998	1.28899999999999992	572	2017-02-20 07:20:32	2017-03-20 19:09:37.66637	21	313.100000000000023	3.18999999999999995
553	2017	9	\N	26	26	149	\N	\N	0	134	59	\N	51	139	\N	3.62999999999999989	1.28899999999999992	592	2017-02-20 07:20:32	2017-03-20 19:09:37.673098	7	313.5	3.7200000000000002
545	2017	8	\N	23	23	126	\N	\N	0	122	59	\N	52	127	\N	3.9740000000000002	1.373	584	2017-02-20 07:20:32	2017-03-20 19:09:37.704456	21	327.899999999999977	4.32000000000000028
541	2017	11	\N	29	29	173	\N	\N	0	179	80	\N	56	144	\N	3.92900000000000027	1.32499999999999996	580	2017-02-20 07:20:32	2017-03-20 19:09:37.717347	19	328.899999999999977	4.04999999999999982
543	2017	5	\N	41	16	119	\N	\N	0	112	45	\N	36	74	\N	3.43999999999999995	1.21899999999999986	582	2017-02-20 07:20:32	2017-03-20 19:09:37.862263	20	381.399999999999977	3.58000000000000007
531	2017	5	\N	11	11	65	\N	\N	0	69	33	\N	22	97	\N	4.42999999999999972	1.35799999999999987	570	2017-02-20 07:20:32	2017-03-20 19:09:38.000563	23	432.199999999999989	4.53000000000000025
525	2017	4	\N	65	0	65	\N	\N	18	51	21	\N	21	78	\N	2.69199999999999973	1.03000000000000003	564	2017-02-20 07:20:32	2017-03-20 19:09:38.086973	20	469.5	3
535	2017	2	\N	30	0	30	\N	\N	7	26	13	\N	14	40	\N	3.70699999999999985	1.28799999999999981	574	2017-02-20 07:20:32	2017-03-20 19:09:38.104817	5	481	3.87000000000000011
536	2017	3	\N	55	0	55	\N	\N	19	47	21	\N	17	73	\N	3.40499999999999936	1.10000000000000009	575	2017-02-20 07:20:32	2017-03-20 19:09:38.168937	20	523.600000000000023	3.43000000000000016
552	2017	6	\N	21	21	119	\N	\N	0	119	54	\N	42	91	\N	4.09299999999999908	1.31800000000000006	591	2017-02-20 07:20:32	2017-03-20 19:09:38.186818	6	530.899999999999977	4.07000000000000028
534	2017	2	\N	45	0	45	\N	\N	20	36	15	\N	18	56	\N	2.72599999999999998	1.07399999999999984	573	2017-02-20 07:20:32	2017-03-20 19:09:38.258212	17	581.299999999999955	3.10000000000000009
542	2017	8	\N	28	28	171	\N	\N	0	190	94	\N	44	112	\N	4.54000000000000004	1.29299999999999993	581	2017-02-20 07:20:32	2017-03-20 19:09:38.303423	13	608.200000000000045	4.84999999999999964
527	2017	1	\N	5	5	27	\N	\N	0	30	15	\N	8	21	\N	4.36599999999999966	1.25600000000000001	566	2017-02-20 07:20:32	2017-03-20 19:09:38.37813	24	650.600000000000023	5.00999999999999979
529	2017	3	\N	55	0	55	\N	\N	20	53	23	\N	16	69	\N	3.32699999999999996	1.16599999999999993	568	2017-02-20 07:20:32	2017-03-20 19:09:38.385087	20	653.600000000000023	3.70999999999999996
521	2017	1	\N	1	0	1	\N	\N	4	1	0	\N	0	26	\N	3.61999999999999966	1.48599999999999999	560	2017-02-20 07:20:32	2017-03-20 19:09:38.528995	29	838.100000000000023	3.64999999999999991
540	2017	2	\N	40	0	40	\N	\N	10	36	16	\N	13	47	\N	3.76499999999999968	1.31099999999999994	579	2017-02-20 07:20:32	2017-03-20 19:09:38.636997	4	939.5	3.64000000000000012
555	2017	0	\N	\N	\N	\N	\N	\N	0	\N	\N	\N	\N	0	\N	0	0	594	2017-02-20 07:20:32	2017-02-20 07:20:32	30	\N	\N
564	2017	1	\N	\N	\N	\N	\N	\N	0	\N	\N	\N	\N	18	\N	4.5	1.42999999999999994	603	2017-02-20 07:20:32	2017-02-20 07:20:32	8	\N	\N
566	2017	4	\N	\N	\N	\N	\N	\N	0	\N	\N	\N	\N	85	\N	4.21999999999999975	1.30000000000000004	605	2017-02-20 07:20:32	2017-02-20 07:20:32	3	\N	\N
572	2017	2	\N	\N	\N	\N	\N	\N	8	\N	\N	\N	\N	38	\N	5.36000000000000032	1.42999999999999994	611	2017-02-20 07:20:32	2017-02-20 07:20:32	19	\N	\N
576	2017	0	\N	\N	\N	\N	\N	\N	0	\N	\N	\N	\N	0	\N	0	0	615	2017-02-20 07:20:32	2017-02-20 07:20:32	20	\N	\N
578	2017	7	\N	\N	\N	\N	\N	\N	0	\N	\N	\N	\N	130	\N	4.33999999999999986	1.44999999999999996	617	2017-02-20 07:20:32	2017-02-20 07:20:32	19	\N	\N
582	2017	2	\N	\N	\N	\N	\N	\N	0	\N	\N	\N	\N	34	\N	3.97999999999999998	1.26000000000000001	621	2017-02-20 07:20:32	2017-02-20 07:20:32	24	\N	\N
584	2017	1	\N	\N	\N	\N	\N	\N	0	\N	\N	\N	\N	19	\N	5.91000000000000014	1.57000000000000006	623	2017-02-20 07:20:32	2017-02-20 07:20:32	28	\N	\N
585	2017	0	\N	\N	\N	\N	\N	\N	0	\N	\N	\N	\N	0	\N	0	0	624	2017-02-20 07:20:32	2017-02-20 07:20:32	26	\N	\N
587	2017	3	\N	\N	\N	\N	\N	\N	0	\N	\N	\N	\N	62	\N	5.75999999999999979	1.57000000000000006	626	2017-02-20 07:20:32	2017-02-20 07:20:32	26	\N	\N
591	2017	3	\N	\N	\N	\N	\N	\N	0	\N	\N	\N	\N	52	\N	3.93999999999999995	1.25	630	2017-02-20 07:20:32	2017-02-20 07:20:32	12	\N	\N
597	2017	0	\N	\N	\N	\N	\N	\N	0	\N	\N	\N	\N	0	\N	0	0	636	2017-02-20 07:20:32	2017-02-20 07:20:32	21	\N	\N
600	2017	0	\N	\N	\N	\N	\N	\N	0	\N	\N	\N	\N	0	\N	0	0	639	2017-02-20 07:20:32	2017-02-20 07:20:32	13	\N	\N
601	2017	0	\N	\N	\N	\N	\N	\N	0	\N	\N	\N	\N	0	\N	0	0	640	2017-02-20 07:20:32	2017-02-20 07:20:32	15	\N	\N
405	2017	18	\N	31	31	207	\N	\N	0	164	55	\N	36	252	\N	2.24399999999999977	0.893000000000000016	430	2017-02-20 05:17:19	2017-03-20 19:09:36.787648	20	5	2.39000000000000012
263	2017	16	\N	31	31	203	\N	\N	0	168	72	\N	47	263	\N	3.04699999999999971	1.02499999999999991	154	2017-02-20 05:17:19	2017-03-20 19:09:36.797745	29	13.1999999999999993	3.02000000000000002
260	2017	16	\N	32	32	209	\N	\N	0	183	74	\N	50	229	\N	2.89900000000000002	1.07099999999999995	150	2017-02-20 05:17:19	2017-03-20 19:09:36.804968	27	15.6999999999999993	3.25
269	2017	15	\N	32	32	211	\N	\N	0	190	80	\N	53	229	\N	3.33599999999999941	1.10099999999999998	160	2017-02-20 05:17:19	2017-03-20 19:09:36.825113	4	25.5	3.35000000000000009
439	2017	13	\N	32	32	195	\N	\N	0	165	78	\N	65	209	\N	3.40500000000000025	1.20100000000000007	464	2017-02-20 05:17:19	2017-03-20 19:09:36.844454	13	37.5	3.43999999999999995
261	2017	14	\N	32	32	209	\N	\N	0	197	76	\N	50	189	\N	3.16799999999999971	1.1379999999999999	151	2017-02-20 05:17:19	2017-03-20 19:09:36.851685	27	42.1000000000000014	3.37000000000000011
336	2017	4	\N	65	0	65	\N	\N	42	40	17	\N	26	108	\N	1.97999999999999998	0.998999999999999888	231	2017-02-20 05:17:19	2017-03-20 19:09:36.863533	9	54.2000000000000028	2.35999999999999988
296	2017	13	\N	32	32	199	\N	\N	0	173	75	\N	64	226	\N	3.35199999999999942	1.19700000000000006	187	2017-02-20 05:17:19	2017-03-20 19:09:36.877934	12	55	3.43000000000000016
438	2017	11	\N	29	29	177	\N	\N	0	154	65	\N	46	189	\N	3.28299999999999992	1.12999999999999989	463	2017-02-20 05:17:19	2017-03-20 19:09:36.890839	29	58	3.08000000000000007
257	2017	13	\N	29	29	174	\N	\N	0	167	70	\N	45	158	\N	3.27499999999999991	1.14000000000000012	147	2017-02-20 05:17:19	2017-03-20 19:09:36.917221	17	69.2999999999999972	3.62999999999999989
328	2017	4	\N	65	0	65	\N	\N	39	59	21	\N	16	64	\N	2.49000000000000021	1.02699999999999991	223	2017-02-20 05:17:19	2017-03-20 19:09:36.943964	27	83.7999999999999972	2.93999999999999995
267	2017	13	\N	32	32	205	\N	\N	0	207	89	\N	43	183	\N	3.44499999999999984	1.129	158	2017-02-20 05:17:19	2017-03-20 19:09:36.957546	9	89.0999999999999943	3.91000000000000014
342	2017	4	\N	65	0	65	\N	\N	37	51	20	\N	22	79	\N	2.28099999999999969	1.05699999999999994	237	2017-02-20 05:17:19	2017-03-20 19:09:36.970315	17	92.7000000000000028	2.91999999999999993
407	2017	12	\N	29	29	186	\N	\N	0	183	78	\N	46	169	\N	3.67900000000000027	1.21199999999999997	432	2017-02-20 05:17:19	2017-03-20 19:09:36.987835	15	97.5999999999999943	3.74000000000000021
270	2017	14	\N	31	31	196	\N	\N	0	202	87	\N	40	165	\N	3.69200000000000017	1.18100000000000005	161	2017-02-20 05:17:19	2017-03-20 19:09:37.009183	2	101.799999999999997	3.79999999999999982
354	2017	4	\N	65	0	65	\N	\N	37	49	21	\N	24	94	\N	2.99099999999999966	1.17199999999999993	251	2017-02-20 05:17:19	2017-03-20 19:09:37.026504	6	110.799999999999997	2.93000000000000016
596	2017	8	\N	23	23	128	\N	\N	0	131	56	\N	40	123	\N	3.87899999999999956	1.30200000000000005	635	2017-02-20 07:20:32	2017-03-20 19:09:37.486038	12	275	4.05999999999999961
556	2017	8	\N	26	26	153	\N	\N	0	148	73	\N	56	152	\N	4.20999999999999996	1.33299999999999996	595	2017-02-20 07:20:32	2017-03-20 19:09:37.594084	16	295.600000000000023	4.20999999999999996
603	2017	2	\N	65	0	65	\N	\N	8	57	26	\N	26	62	\N	3.07399999999999984	1.26899999999999991	643	2017-02-20 21:42:31.280753	2017-03-20 19:09:37.625804	19	300.800000000000011	3.49000000000000021
581	2017	3	\N	11	11	62	\N	\N	0	62	28	\N	17	51	\N	3.75	1.27000000000000002	620	2017-02-20 07:20:32	2017-03-20 19:09:37.692099	28	322.699999999999989	3.93000000000000016
599	2017	6	\N	19	19	113	\N	\N	0	110	50	\N	45	98	\N	3.78299999999999947	1.30699999999999994	638	2017-02-20 07:20:32	2017-03-20 19:09:37.71142	13	328.600000000000023	3.93999999999999995
595	2017	5	\N	19	19	103	\N	\N	0	101	51	\N	39	82	\N	3.96499999999999986	1.27899999999999991	634	2017-02-20 07:20:32	2017-03-20 19:09:37.736601	8	335.899999999999977	4.29999999999999982
586	2017	7	\N	19	19	106	\N	\N	0	102	48	\N	36	103	\N	3.86299999999999955	1.24699999999999989	625	2017-02-20 07:20:32	2017-03-20 19:09:37.782663	9	350.800000000000011	4.13999999999999968
557	2017	7	\N	24	24	134	\N	\N	0	143	66	\N	44	106	\N	3.82499999999999929	1.27099999999999991	596	2017-02-20 07:20:32	2017-03-20 19:09:37.807876	10	364.600000000000023	4.23000000000000043
590	2017	8	\N	24	24	138	\N	\N	0	141	68	\N	48	122	\N	4.52999999999999936	1.41199999999999992	629	2017-02-20 07:20:32	2017-03-20 19:09:37.847538	15	374.800000000000011	4.33999999999999986
563	2017	5	\N	18	18	103	\N	\N	0	103	48	\N	34	100	\N	4.05700000000000038	1.24900000000000011	602	2017-02-20 07:20:32	2017-03-20 19:09:37.906284	24	397.800000000000011	4.24000000000000021
554	2017	7	\N	19	19	108	\N	\N	0	116	53	\N	32	86	\N	4.04300000000000015	1.30299999999999994	593	2017-02-20 07:20:32	2017-03-20 19:09:37.913383	25	399.5	4.29000000000000004
574	2017	5	\N	38	13	98	\N	\N	0	95	44	\N	32	86	\N	3.98799999999999955	1.27899999999999991	613	2017-02-20 07:20:32	2017-03-20 19:09:38.149387	25	507.5	3.93999999999999995
561	2017	3	\N	55	0	55	\N	\N	10	49	20	\N	18	71	\N	3.79800000000000004	1.29999999999999982	600	2017-02-20 07:20:32	2017-03-20 19:09:38.163344	25	522	3.29000000000000004
573	2017	6	\N	19	19	108	\N	\N	0	116	58	\N	40	103	\N	4.87999999999999989	1.48499999999999988	612	2017-02-20 07:20:32	2017-03-20 19:09:38.180218	13	530.399999999999977	4.70000000000000018
575	2017	1	\N	10	0	10	\N	\N	5	9	4	\N	3	39	\N	3.92799999999999994	1.27699999999999991	614	2017-02-20 07:20:32	2017-03-20 19:09:38.25161	8	578.399999999999977	3.52000000000000002
577	2017	7	\N	23	23	126	\N	\N	0	134	64	\N	48	100	\N	4.40699999999999914	1.43299999999999983	616	2017-02-20 07:20:32	2017-03-20 19:09:38.264684	11	586.799999999999955	4.58999999999999986
565	2017	5	\N	10	10	54	\N	\N	0	55	25	\N	21	90	\N	4.15600000000000058	1.4029999999999998	604	2017-02-20 07:20:32	2017-03-20 19:09:38.287517	25	606.600000000000023	4.15000000000000036
571	2017	2	\N	55	0	55	\N	\N	10	50	21	\N	18	67	\N	3.59099999999999975	1.2649999999999999	610	2017-02-20 07:20:32	2017-03-20 19:09:38.29321	2	608	3.35000000000000009
588	2017	6	\N	24	24	141	\N	\N	0	160	76	\N	26	86	\N	4.79899999999999949	1.31599999999999984	627	2017-02-20 07:20:32	2017-03-20 19:09:38.357694	8	636.5	4.70000000000000018
558	2017	4	\N	13	13	74	\N	\N	0	80	40	\N	24	76	\N	4.23899999999999988	1.25299999999999989	597	2017-02-20 07:20:32	2017-03-20 19:09:38.370733	9	642.600000000000023	4.79999999999999982
594	2017	2	\N	5	5	26	\N	\N	0	27	14	\N	11	46	\N	4.58099999999999952	1.42499999999999982	633	2017-02-20 07:20:32	2017-03-20 19:09:38.446545	16	733.200000000000045	4.67999999999999972
580	2017	4	\N	16	16	89	\N	\N	0	91	45	\N	29	75	\N	4.9529999999999994	1.40899999999999981	619	2017-02-20 07:20:32	2017-03-20 19:09:38.484937	27	782.200000000000045	4.57000000000000028
579	2017	3	\N	13	13	73	\N	\N	0	78	39	\N	22	56	\N	4.63600000000000012	1.34200000000000008	618	2017-02-20 07:20:32	2017-03-20 19:09:38.594644	27	905.100000000000023	4.75999999999999979
567	2017	2	\N	45	0	45	\N	\N	12	40	19	\N	19	44	\N	4.03200000000000003	1.37999999999999989	606	2017-02-20 07:20:32	2017-03-20 19:09:38.78525	29	999	3.81999999999999984
360	2017	3	\N	65	0	65	\N	\N	40	55	23	\N	21	72	\N	2.81299999999999972	1.10699999999999998	258	2017-02-20 05:17:19	2017-03-20 19:09:37.053058	30	123.799999999999997	3.18000000000000016
413	2017	11	\N	29	29	178	\N	\N	0	177	79	\N	54	155	\N	3.65599999999999969	1.19499999999999984	438	2017-02-20 05:17:19	2017-03-20 19:09:37.107456	5	128.699999999999989	3.9700000000000002
326	2017	2	\N	65	0	65	\N	\N	38	57	23	\N	24	65	\N	2.87599999999999989	1.17599999999999993	221	2017-02-20 05:17:19	2017-03-20 19:09:37.113335	23	129.5	3.16000000000000014
283	2017	11	\N	29	29	178	\N	\N	0	174	81	\N	53	177	\N	3.68500000000000005	1.22799999999999998	174	2017-02-20 05:17:19	2017-03-20 19:09:37.140269	1	142.800000000000011	4.05999999999999961
334	2017	2	\N	65	0	65	\N	\N	37	55	26	\N	25	79	\N	3.53200000000000003	1.20500000000000007	229	2017-02-20 05:17:19	2017-03-20 19:09:37.158551	3	146.900000000000006	3.50999999999999979
262	2017	12	\N	29	29	177	\N	\N	0	185	83	\N	55	149	\N	3.89299999999999979	1.28299999999999992	152	2017-02-20 05:17:19	2017-03-20 19:09:37.167204	29	149.099999999999994	4.12000000000000011
426	2017	7	\N	18	18	96	\N	\N	0	85	37	\N	34	123	\N	3.54300000000000015	1.19799999999999995	451	2017-02-20 05:17:19	2017-03-20 19:09:37.180322	20	156.099999999999994	3.60999999999999988
425	2017	10	\N	31	31	184	\N	\N	0	157	71	\N	80	176	\N	3.40300000000000002	1.31099999999999994	450	2017-02-20 05:17:19	2017-03-20 19:09:37.218412	6	163.900000000000006	3.52000000000000002
298	2017	11	\N	31	31	178	\N	\N	0	163	74	\N	64	177	\N	3.7589999999999999	1.27299999999999991	189	2017-02-20 05:17:19	2017-03-20 19:09:37.230062	27	173.400000000000006	3.81000000000000005
420	2017	9	\N	28	28	157	\N	\N	0	141	69	\N	57	176	\N	3.87599999999999945	1.25	445	2017-02-20 05:17:19	2017-03-20 19:09:37.25541	24	186.599999999999994	3.95999999999999996
286	2017	10	\N	28	28	162	\N	\N	0	155	74	\N	49	162	\N	3.87299999999999978	1.22500000000000009	177	2017-02-20 05:17:19	2017-03-20 19:09:37.26235	12	187.599999999999994	4.20000000000000018
416	2017	8	\N	28	28	166	\N	\N	0	161	68	\N	44	140	\N	3.75100000000000033	1.22999999999999998	441	2017-02-20 05:17:19	2017-03-20 19:09:37.289295	24	197.199999999999989	3.58999999999999986
280	2017	11	\N	28	28	165	\N	\N	0	164	88	\N	57	153	\N	4.01900000000000013	1.22100000000000009	171	2017-02-20 05:17:19	2017-03-20 19:09:37.308403	14	202.599999999999994	4.84999999999999964
322	2017	10	\N	29	29	168	\N	\N	0	157	75	\N	49	181	\N	3.92599999999999971	1.22299999999999986	215	2017-02-20 05:17:19	2017-03-20 19:09:37.320301	11	204.599999999999994	4.15000000000000036
422	2017	11	\N	32	32	194	\N	\N	0	187	83	\N	45	175	\N	3.79800000000000004	1.18599999999999994	447	2017-02-20 05:17:19	2017-03-20 19:09:37.347172	7	221.400000000000006	3.93000000000000016
285	2017	10	\N	31	31	184	\N	\N	0	177	89	\N	61	175	\N	4.00600000000000023	1.27899999999999991	176	2017-02-20 05:17:19	2017-03-20 19:09:37.380315	30	231.400000000000006	4.38999999999999968
526	2017	9	\N	26	26	148	\N	\N	0	144	69	\N	52	148	\N	3.80599999999999961	1.19399999999999995	565	2017-02-20 07:20:32	2017-03-20 19:09:37.39803	10	237.5	4.04000000000000004
346	2017	2	\N	65	0	65	\N	\N	31	63	25	\N	24	60	\N	3.54399999999999959	1.32299999999999995	242	2017-02-20 05:17:19	2017-03-20 19:09:37.40521	16	240.400000000000006	3.4700000000000002
385	2017	4	\N	65	0	65	\N	\N	34	53	23	\N	28	70	\N	2.75299999999999967	1.22299999999999986	306	2017-02-20 05:17:19	2017-03-20 19:09:37.419959	7	242.400000000000006	3.35000000000000009
435	2017	9	\N	26	26	148	\N	\N	0	147	77	\N	56	149	\N	4.12399999999999967	1.29999999999999982	460	2017-02-20 05:17:19	2017-03-20 19:09:37.425885	1	246.099999999999994	4.73000000000000043
301	2017	10	\N	29	29	168	\N	\N	0	182	76	\N	40	135	\N	3.89299999999999979	1.27099999999999991	192	2017-02-20 05:17:19	2017-03-20 19:09:37.459456	25	258.899999999999977	3.81999999999999984
419	2017	8	\N	24	24	137	\N	\N	0	134	63	\N	41	141	\N	4.20900000000000052	1.2799999999999998	444	2017-02-20 05:17:19	2017-03-20 19:09:37.466907	15	259.399999999999977	4.07000000000000028
293	2017	10	\N	31	31	187	\N	\N	0	196	91	\N	59	157	\N	3.85599999999999987	1.2410000000000001	184	2017-02-20 05:17:19	2017-03-20 19:09:37.513842	22	277.399999999999977	4.19000000000000039
372	2017	3	\N	65	0	65	\N	\N	27	55	24	\N	21	78	\N	2.871	1.03299999999999992	280	2017-02-20 05:17:19	2017-03-20 19:09:37.519867	3	277.699999999999989	3.27000000000000002
539	2017	7	\N	21	21	115	\N	\N	0	112	55	\N	44	121	\N	4.19599999999999973	1.34299999999999997	578	2017-02-20 07:20:32	2017-03-20 19:09:37.526341	5	278.100000000000023	4.29999999999999982
604	2017	8	\N	28	28	158	\N	\N	0	155	70	\N	56	123	\N	3.81199999999999983	1.34399999999999986	644	2017-02-20 21:43:29.025819	2017-03-20 19:09:37.560116	28	285.600000000000023	3.95999999999999996
350	2017	2	\N	65	0	65	\N	\N	25	71	29	\N	18	38	\N	3.42399999999999949	1.23999999999999999	247	2017-02-20 05:17:19	2017-03-20 19:09:37.574653	8	289.100000000000023	3.99000000000000021
289	2017	10	\N	23	23	130	\N	\N	0	136	68	\N	47	133	\N	4.20899999999999963	1.29400000000000004	180	2017-02-20 05:17:19	2017-03-20 19:09:37.606221	1	297.600000000000023	4.74000000000000021
432	2017	9	\N	29	29	173	\N	\N	0	189	87	\N	40	114	\N	4.20399999999999974	1.26400000000000001	457	2017-02-20 05:17:19	2017-03-20 19:09:37.619927	5	299.899999999999977	4.54000000000000004
294	2017	9	\N	29	29	174	\N	\N	0	170	89	\N	82	160	\N	4.08800000000000008	1.37999999999999989	185	2017-02-20 05:17:19	2017-03-20 19:09:37.644528	18	306	4.75999999999999979
530	2017	7	\N	28	18	110	\N	\N	4	105	45	\N	44	118	\N	3.66299999999999981	1.31499999999999995	569	2017-02-20 07:20:32	2017-03-20 19:09:37.658093	17	308.399999999999977	3.89999999999999991
593	2017	2	\N	11	11	63	\N	\N	0	65	35	\N	30	44	\N	4.3180000000000005	1.41199999999999992	632	2017-02-20 07:20:32	2017-03-20 19:09:37.679469	3	314.300000000000011	4.95000000000000018
528	2017	8	\N	24	24	139	\N	\N	0	146	66	\N	47	119	\N	3.87800000000000011	1.33399999999999985	567	2017-02-20 07:20:32	2017-03-20 19:09:37.685212	23	316.600000000000023	4.24000000000000021
602	2017	2	\N	45	0	45	\N	\N	6	33	14	\N	17	59	\N	2.67499999999999982	1.10000000000000009	642	2017-02-20 21:29:19.584806	2017-03-20 19:09:37.728787	26	331.800000000000011	2.68000000000000016
362	2017	2	\N	65	0	65	\N	\N	19	55	25	\N	30	64	\N	3.44099999999999984	1.31400000000000006	262	2017-02-20 05:17:19	2017-03-20 19:09:37.742419	16	337.100000000000023	3.43999999999999995
335	2017	2	\N	65	0	65	\N	\N	20	69	31	\N	22	47	\N	4.19699999999999918	1.37199999999999989	230	2017-02-20 05:17:19	2017-03-20 19:09:37.768909	24	348	4.33999999999999986
279	2017	9	\N	28	28	164	\N	\N	0	181	77	\N	29	111	\N	4.23099999999999987	1.31499999999999995	170	2017-02-20 05:17:19	2017-03-20 19:09:37.775938	16	349.100000000000023	4.05999999999999961
569	2017	9	\N	26	26	146	\N	\N	0	139	68	\N	66	143	\N	4.13899999999999935	1.42099999999999982	608	2017-02-20 07:20:32	2017-03-20 19:09:37.795271	15	355.100000000000023	4.07000000000000028
546	2017	10	\N	29	29	175	\N	\N	0	190	89	\N	71	124	\N	4.19500000000000028	1.44799999999999995	585	2017-02-20 07:20:32	2017-03-20 19:09:37.814573	19	364.800000000000011	4.37000000000000011
399	2017	7	\N	53	13	112	\N	\N	0	108	47	\N	27	124	\N	3.89599999999999991	1.21399999999999997	347	2017-02-20 05:17:19	2017-03-20 19:09:37.822728	12	366.800000000000011	3.79000000000000004
310	2017	9	\N	28	28	156	\N	\N	0	158	77	\N	45	144	\N	4.25600000000000023	1.29299999999999993	202	2017-02-20 05:17:19	2017-03-20 19:09:37.829968	6	369.5	4.45000000000000018
598	2017	3	\N	2	2	9	\N	\N	0	9	4	\N	2	40	\N	3.7889999999999997	1.2330000000000001	637	2017-02-20 07:20:32	2017-03-20 19:09:37.868564	20	382.699999999999989	3.77000000000000002
378	2017	4	\N	55	0	55	\N	\N	27	48	23	\N	22	80	\N	3.02099999999999991	1.17599999999999993	290	2017-02-20 05:17:19	2017-03-20 19:09:37.886338	1	388	3.7200000000000002
324	2017	9	\N	28	28	163	\N	\N	0	167	75	\N	62	140	\N	4.07899999999999974	1.39999999999999991	219	2017-02-20 05:17:19	2017-03-20 19:09:37.922578	21	403.399999999999977	4.05999999999999961
429	2017	4	\N	55	0	55	\N	\N	23	53	24	\N	19	69	\N	3.17799999999999994	1.18100000000000005	454	2017-02-20 05:17:19	2017-03-20 19:09:37.929773	18	404	3.95000000000000018
562	2017	4	\N	21	21	115	\N	\N	0	117	59	\N	37	72	\N	4.36500000000000021	1.35000000000000009	601	2017-02-20 07:20:32	2017-03-20 19:09:37.945251	5	407.399999999999977	4.70000000000000018
292	2017	8	\N	24	24	144	\N	\N	0	149	70	\N	48	145	\N	4.45000000000000018	1.34200000000000008	183	2017-02-20 05:17:19	2017-03-20 19:09:37.963145	9	412.5	4.45999999999999996
345	2017	2	\N	55	0	55	\N	\N	24	56	21	\N	20	51	\N	3.14099999999999957	1.30299999999999994	241	2017-02-20 05:17:19	2017-03-20 19:09:37.98809	21	428.800000000000011	3.60000000000000009
359	2017	3	\N	55	0	55	\N	\N	28	50	22	\N	18	66	\N	2.97900000000000009	1.15600000000000014	257	2017-02-20 05:17:19	2017-03-20 19:09:37.994876	6	430.399999999999977	3.52000000000000002
547	2017	4	\N	11	11	64	\N	\N	0	64	32	\N	23	52	\N	4.32199999999999918	1.32499999999999996	586	2017-02-20 07:20:32	2017-03-20 19:09:38.028773	11	444.899999999999977	4.69000000000000039
353	2017	2	\N	65	0	65	\N	\N	13	59	25	\N	20	67	\N	3.21999999999999975	1.08699999999999997	250	2017-02-20 05:17:19	2017-03-20 19:09:38.040089	6	460.300000000000011	3.5
401	2017	3	\N	46	6	76	\N	\N	0	76	32	\N	24	62	\N	4.57900000000000063	1.43599999999999994	353	2017-02-20 05:17:19	2017-03-20 19:09:38.07404	15	463.800000000000011	3.81999999999999984
319	2017	9	\N	31	31	176	\N	\N	0	182	99	\N	74	131	\N	4.68900000000000006	1.4009999999999998	212	2017-02-20 05:17:19	2017-03-20 19:09:38.121197	8	491.600000000000023	5.11000000000000032
544	2017	8	\N	24	24	139	\N	\N	0	150	76	\N	45	124	\N	4.44099999999999984	1.35099999999999998	583	2017-02-20 07:20:32	2017-03-20 19:09:38.129829	3	501.899999999999977	4.83999999999999986
568	2017	3	\N	16	16	90	\N	\N	0	89	38	\N	25	59	\N	4.02400000000000002	1.27800000000000002	607	2017-02-20 07:20:32	2017-03-20 19:09:38.156771	20	520.899999999999977	3.79000000000000004
376	2017	3	\N	65	0	65	\N	\N	19	59	28	\N	22	73	\N	3.28199999999999958	1.11699999999999999	286	2017-02-20 05:17:19	2017-03-20 19:09:38.174503	1	529	3.99000000000000021
537	2017	3	\N	55	0	55	\N	\N	15	47	23	\N	24	79	\N	3.129	1.23099999999999987	576	2017-02-20 07:20:32	2017-03-20 19:09:38.19757	1	534.600000000000023	3.81999999999999984
559	2017	3	\N	55	0	55	\N	\N	10	47	22	\N	21	78	\N	3.54999999999999982	1.21599999999999997	598	2017-02-20 07:20:32	2017-03-20 19:09:38.203191	6	540.600000000000023	3.56000000000000005
351	2017	2	\N	55	0	55	\N	\N	15	48	24	\N	27	64	\N	4.0600000000000005	1.42300000000000004	248	2017-02-20 05:17:19	2017-03-20 19:09:38.245502	18	573.399999999999977	4.20000000000000018
570	2017	9	\N	28	28	163	\N	\N	0	180	82	\N	56	127	\N	4.54699999999999971	1.43599999999999994	609	2017-02-20 07:20:32	2017-03-20 19:09:38.278981	8	600.299999999999955	4.42999999999999972
394	2017	2	\N	55	0	55	\N	\N	24	45	23	\N	28	79	\N	3.41999999999999993	1.22100000000000009	320	2017-02-20 05:17:19	2017-03-20 19:09:38.31096	26	612	3.99000000000000021
592	2017	6	\N	48	8	84	\N	\N	0	87	37	\N	21	90	\N	4.27099999999999991	1.31499999999999995	631	2017-02-20 07:20:32	2017-03-20 19:09:38.318791	8	612.299999999999955	3.81000000000000005
548	2017	2	\N	55	0	55	\N	\N	12	46	18	\N	18	62	\N	2.86199999999999966	1.16299999999999981	587	2017-02-20 07:20:32	2017-03-20 19:09:38.343976	28	628.299999999999955	2.97999999999999998
380	2017	3	\N	55	0	55	\N	\N	16	54	25	\N	20	66	\N	3.62399999999999967	1.26900000000000013	293	2017-02-20 05:17:19	2017-03-20 19:09:38.364796	22	638	4.08000000000000007
560	2017	7	\N	18	18	102	\N	\N	0	102	48	\N	34	119	\N	4.25699999999999967	1.31999999999999984	599	2017-02-20 07:20:32	2017-03-20 19:09:38.406121	7	673.899999999999977	4.33999999999999986
396	2017	3	\N	55	0	55	\N	\N	24	52	23	\N	20	57	\N	3.32599999999999962	1.25700000000000012	325	2017-02-20 05:17:19	2017-03-20 19:09:38.420798	4	691.399999999999977	3.85999999999999988
589	2017	2	\N	16	16	92	\N	\N	0	101	48	\N	37	31	\N	4.44999999999999929	1.48599999999999999	628	2017-02-20 07:20:32	2017-03-20 19:09:38.493857	10	789.399999999999977	4.57000000000000028
387	2017	5	\N	0	0	1	\N	\N	0	1	0	\N	1	106	\N	3.76399999999999979	1.34499999999999997	308	2017-02-20 05:17:19	2017-03-20 19:09:38.507194	28	799.200000000000045	3.54000000000000004
523	2017	2	\N	55	0	55	\N	\N	3	60	27	\N	17	35	\N	3.32299999999999951	1.32999999999999985	562	2017-02-20 07:20:32	2017-03-20 19:09:38.513	8	806.899999999999977	4.28000000000000025
522	2017	7	\N	55	0	55	\N	\N	0	48	21	\N	19	126	\N	3.5	1.20199999999999996	561	2017-02-20 07:20:32	2017-03-20 19:09:38.70551	30	999	3.50999999999999979
391	2017	3	\N	65	0	65	\N	\N	24	58	25	\N	21	65	\N	2.72900000000000009	1.06599999999999984	315	2017-02-20 05:17:19	2017-03-20 19:09:38.711364	13	999	3.5299999999999998
583	2017	9	\N	31	31	177	\N	\N	0	178	78	\N	55	144	\N	4.26999999999999957	1.35000000000000009	622	2017-02-20 07:20:32	2017-03-27 12:54:21.609243	26	482	4.16999999999999993
\.


--
-- Name: pitchings_id_seq; Type: SEQUENCE SET; Schema: public; Owner: Home
--

SELECT pg_catalog.setval('pitchings_id_seq', 604, true);


--
-- Data for Name: player_rankings; Type: TABLE DATA; Schema: public; Owner: Home
--

COPY player_rankings (id, my_rank, espn, cbs, mlb, player_id, created_at, updated_at) FROM stdin;
41	\N	41	34	29	148	2017-02-18 04:45:01	2017-03-26 12:23:45.72185
143	\N	96	194	119	48	2017-02-18 04:45:01	2017-03-26 12:23:46.039355
149	\N	107	124	196	109	2017-02-18 04:45:01	2017-03-26 12:23:46.097547
232	\N	109	131	176	406	2017-02-18 04:45:01	2017-03-26 12:23:46.109776
328	\N	114	282	304	512	2017-02-20 22:02:40.302977	2017-03-26 12:23:46.137086
98	\N	115	103	85	234	2017-02-18 04:45:01	2017-03-26 12:23:46.144166
105	\N	117	116	108	155	2017-02-18 04:45:01	2017-03-26 12:23:46.158184
127	\N	125	121	148	438	2017-02-18 04:45:01	2017-03-26 12:23:46.216352
223	\N	128	196	145	403	2017-02-18 04:45:01	2017-03-26 12:23:46.23944
169	\N	\N	188	\N	389	2017-02-18 04:45:01	2017-03-19 19:10:16.817338
155	\N	130	186	140	117	2017-02-18 04:45:01	2017-03-26 12:23:46.256853
122	\N	131	132	167	168	2017-02-18 04:45:01	2017-03-26 12:23:46.264698
207	\N	136	181	182	399	2017-02-18 04:45:01	2017-03-26 12:23:46.301835
146	\N	146	149	129	74	2017-02-18 04:45:01	2017-03-26 12:23:46.38445
334	\N	163	299	337	524	2017-02-20 22:02:40.343442	2017-03-26 12:23:46.487812
228	\N	165	153	97	405	2017-02-18 04:45:01	2017-03-26 12:23:46.498044
152	\N	168	126	166	116	2017-02-18 04:45:01	2017-03-26 12:23:46.514604
256	\N	183	178	272	242	2017-02-18 04:45:01	2017-03-26 12:23:46.607334
150	\N	188	151	151	21	2017-02-18 04:45:01	2017-03-26 12:23:46.634572
195	\N	197	117	146	162	2017-02-18 04:45:01	2017-03-26 12:23:46.679624
242	\N	209	298	320	409	2017-02-18 04:45:01	2017-03-26 12:23:46.738811
153	\N	212	88	100	203	2017-02-18 04:45:01	2017-03-26 12:23:46.758936
246	\N	216	202	163	412	2017-02-18 04:45:01	2017-03-26 12:23:46.842102
241	\N	219	\N	311	19	2017-02-18 04:45:01	2017-03-26 12:23:46.86416
226	\N	222	200	233	404	2017-02-18 04:45:01	2017-03-26 12:23:46.881592
289	\N	224	211	280	459	2017-02-18 04:45:01	2017-03-26 12:23:46.89234
212	\N	225	175	281	88	2017-02-18 04:45:01	2017-03-26 12:23:46.898948
230	\N	235	198	297	15	2017-02-18 04:45:01	2017-03-26 12:23:46.963656
227	\N	236	\N	193	140	2017-02-18 04:45:01	2017-03-26 12:23:46.969569
178	\N	239	228	228	30	2017-02-18 04:45:01	2017-03-26 12:23:46.984632
205	\N	244	251	252	398	2017-02-18 04:45:01	2017-03-26 12:23:47.043369
239	\N	248	\N	235	55	2017-02-18 04:45:01	2017-03-26 12:23:47.065588
310	\N	253	231	342	482	2017-02-20 22:02:40.179985	2017-03-26 12:23:47.085248
209	\N	262	296	249	118	2017-02-18 04:45:01	2017-03-26 12:23:47.168281
247	\N	265	241	333	255	2017-02-18 04:45:01	2017-03-26 12:23:47.182665
250	\N	269	\N	357	98	2017-02-18 04:45:01	2017-03-26 12:23:47.204903
234	\N	270	239	373	265	2017-02-18 04:45:01	2017-03-26 12:23:47.209484
235	\N	279	\N	319	407	2017-02-18 04:45:01	2017-03-26 12:23:47.254838
557	\N	300	\N	\N	646	2017-03-14 14:10:31.943648	2017-03-26 12:23:47.360311
253	\N	\N	214	291	114	2017-02-18 04:45:01	2017-03-09 20:51:34.892096
252	\N	\N	284	310	414	2017-02-18 04:45:01	2017-03-09 20:51:34.930199
210	\N	\N	\N	307	180	2017-02-18 04:45:01	2017-03-09 20:51:36.93034
293	\N	\N	\N	400	461	2017-02-18 04:45:01	2017-03-09 20:51:37.188676
313	\N	\N	245	490	263	2017-02-20 22:02:40.204607	2017-03-09 20:51:37.400496
186	\N	\N	220	822	308	2017-02-18 04:45:01	2017-03-09 20:51:37.753122
255	\N	\N	\N	348	415	2017-02-18 04:45:01	2017-03-09 20:51:35.027193
360	\N	\N	\N	364	112	2017-03-09 20:48:08.274018	2017-03-09 20:51:35.062224
361	\N	\N	\N	371	111	2017-03-09 20:48:08.32009	2017-03-09 20:51:35.089802
369	\N	\N	\N	410	496	2017-03-09 20:48:08.502525	2017-03-09 20:51:35.171072
309	\N	\N	223	372	508	2017-02-20 22:02:40.168402	2017-03-09 20:51:35.094435
362	\N	\N	\N	379	550	2017-03-09 20:48:08.334954	2017-03-09 20:51:35.104495
370	\N	\N	\N	412	518	2017-03-09 20:48:08.528701	2017-03-09 20:51:35.182636
363	\N	\N	\N	386	513	2017-03-09 20:48:08.339116	2017-03-09 20:51:35.112457
371	\N	\N	\N	415	487	2017-03-09 20:48:08.546685	2017-03-09 20:51:35.19606
372	\N	\N	\N	418	20	2017-03-09 20:48:08.555951	2017-03-09 20:51:35.209117
373	\N	\N	\N	420	530	2017-03-09 20:48:08.562134	2017-03-09 20:51:35.214372
364	\N	\N	\N	387	503	2017-03-09 20:48:08.343368	2017-03-09 20:51:35.118397
3	\N	2	2	2	7	2017-02-18 04:45:01	2017-03-26 12:23:45.36837
16	\N	16	17	11	368	2017-02-18 04:45:01	2017-03-26 12:23:45.592124
22	\N	18	31	24	24	2017-02-18 04:45:01	2017-03-26 12:23:45.603921
24	\N	20	32	27	23	2017-02-18 04:45:01	2017-03-26 12:23:45.613712
81	2	77	107	92	158	2017-02-18 04:45:01	2017-03-26 12:23:45.915895
171	\N	196	216	230	207	2017-02-18 04:45:01	2017-03-26 12:23:46.675306
222	\N	205	199	159	447	2017-02-18 04:45:01	2017-03-26 12:23:46.720226
208	\N	207	225	455	400	2017-02-18 04:45:01	2017-03-26 12:23:46.729851
377	\N	\N	\N	427	539	2017-03-09 20:48:08.586023	2017-03-09 20:51:35.239407
378	\N	\N	\N	428	96	2017-03-09 20:48:08.591351	2017-03-09 20:51:35.245663
379	\N	\N	\N	429	511	2017-03-09 20:48:08.595413	2017-03-09 20:51:35.252146
380	\N	\N	\N	430	70	2017-03-09 20:48:08.599456	2017-03-09 20:51:35.256714
381	\N	\N	\N	435	480	2017-03-09 20:48:08.610323	2017-03-09 20:51:35.267797
312	\N	\N	242	439	105	2017-02-20 22:02:40.198164	2017-03-09 20:51:35.273733
382	\N	\N	\N	443	476	2017-03-09 20:48:08.62623	2017-03-09 20:51:35.304577
257	\N	208	274	260	416	2017-02-18 04:45:01	2017-03-26 12:23:46.734086
231	\N	210	170	149	189	2017-02-18 04:45:01	2017-03-26 12:23:46.743563
238	\N	213	209	186	449	2017-02-18 04:45:01	2017-03-26 12:23:46.763458
265	\N	215	207	213	453	2017-02-18 04:45:01	2017-03-26 12:23:46.811787
260	\N	217	138	296	34	2017-02-18 04:45:01	2017-03-26 12:23:46.848795
354	\N	223	\N	406	645	2017-03-08 14:50:38.80083	2017-03-26 12:23:46.887449
275	\N	226	\N	197	422	2017-02-18 04:45:01	2017-03-26 12:23:46.906599
374	\N	\N	\N	421	523	2017-03-09 20:48:08.566845	2017-03-09 20:51:35.21906
375	\N	\N	\N	425	59	2017-03-09 20:48:08.577628	2017-03-09 20:51:35.229963
376	\N	\N	\N	426	102	2017-03-09 20:48:08.581819	2017-03-09 20:51:35.234724
365	\N	\N	\N	388	501	2017-03-09 20:48:08.34771	2017-03-09 20:51:35.122963
366	\N	\N	\N	390	478	2017-03-09 20:48:08.35333	2017-03-09 20:51:35.128739
367	\N	\N	\N	391	542	2017-03-09 20:48:08.358668	2017-03-09 20:51:35.134635
368	\N	\N	\N	408	483	2017-03-09 20:48:08.497603	2017-03-09 20:51:35.166303
268	\N	\N	256	261	455	2017-02-18 04:45:01	2017-03-09 20:51:36.812117
237	\N	\N	\N	263	448	2017-02-18 04:45:01	2017-03-09 20:51:36.823697
311	\N	\N	234	398	504	2017-02-20 22:02:40.187737	2017-03-09 20:51:35.145099
286	\N	\N	\N	432	426	2017-02-18 04:45:01	2017-03-09 20:51:35.263303
385	\N	\N	\N	463	534	2017-03-09 20:48:08.662008	2017-03-09 20:51:35.346947
386	\N	\N	\N	471	536	2017-03-09 20:48:08.702322	2017-03-09 20:51:35.358265
475	\N	\N	\N	382	257	2017-03-09 20:48:10.289737	2017-03-09 20:51:37.134004
329	\N	\N	286	383	247	2017-02-20 22:02:40.309892	2017-03-09 20:51:37.140813
476	\N	\N	\N	384	262	2017-03-09 20:48:10.299189	2017-03-09 20:51:37.145488
477	\N	\N	\N	389	583	2017-03-09 20:48:10.308983	2017-03-09 20:51:37.154558
478	\N	\N	\N	392	358	2017-03-09 20:48:10.313057	2017-03-09 20:51:37.159167
479	\N	\N	\N	394	206	2017-03-09 20:48:10.317119	2017-03-09 20:51:37.165021
480	\N	\N	\N	396	314	2017-03-09 20:48:10.326243	2017-03-09 20:51:37.17601
481	\N	\N	\N	397	575	2017-03-09 20:48:10.333909	2017-03-09 20:51:37.180617
482	\N	\N	\N	401	622	2017-03-09 20:48:10.343413	2017-03-09 20:51:37.193777
483	\N	\N	\N	402	283	2017-03-09 20:48:10.347497	2017-03-09 20:51:37.198377
484	\N	\N	\N	403	282	2017-03-09 20:48:10.352616	2017-03-09 20:51:37.203337
485	\N	\N	\N	407	320	2017-03-09 20:48:10.356605	2017-03-09 20:51:37.209372
486	\N	\N	\N	409	573	2017-03-09 20:48:10.360571	2017-03-09 20:51:37.215541
487	\N	\N	\N	416	354	2017-03-09 20:48:10.365523	2017-03-09 20:51:37.222648
488	\N	\N	\N	419	218	2017-03-09 20:48:10.371066	2017-03-09 20:51:37.227306
489	\N	\N	\N	424	353	2017-03-09 20:48:10.376057	2017-03-09 20:51:37.231917
490	\N	\N	\N	433	601	2017-03-09 20:48:10.380113	2017-03-09 20:51:37.236438
491	\N	\N	\N	434	570	2017-03-09 20:48:10.385162	2017-03-09 20:51:37.240962
492	\N	\N	\N	436	632	2017-03-09 20:48:10.390306	2017-03-09 20:51:37.245796
493	\N	\N	\N	438	241	2017-03-09 20:48:10.396942	2017-03-09 20:51:37.253519
494	\N	\N	\N	440	585	2017-03-09 20:48:10.401019	2017-03-09 20:51:37.260121
495	\N	\N	\N	441	281	2017-03-09 20:48:10.405604	2017-03-09 20:51:37.264827
496	\N	\N	\N	445	293	2017-03-09 20:48:10.410005	2017-03-09 20:51:37.269557
497	\N	\N	\N	446	289	2017-03-09 20:48:10.415725	2017-03-09 20:51:37.275375
217	\N	\N	\N	405	143	2017-02-18 04:45:01	2017-03-19 19:08:49.65544
499	\N	\N	\N	452	581	2017-03-09 20:48:10.43308	2017-03-09 20:51:37.285565
500	\N	\N	\N	453	253	2017-03-09 20:48:10.471866	2017-03-09 20:51:37.290143
501	\N	\N	\N	457	620	2017-03-09 20:48:10.515864	2017-03-09 20:51:37.295208
502	\N	\N	\N	459	266	2017-03-09 20:48:10.559583	2017-03-09 20:51:37.303332
303	\N	\N	291	460	230	2017-02-20 22:02:40.100194	2017-03-09 20:51:37.308874
503	\N	\N	\N	464	275	2017-03-09 20:48:10.706679	2017-03-09 20:51:37.318135
504	\N	\N	\N	466	325	2017-03-09 20:48:10.733591	2017-03-09 20:51:37.32495
505	\N	\N	\N	468	318	2017-03-09 20:48:10.747818	2017-03-09 20:51:37.329688
506	\N	\N	\N	469	631	2017-03-09 20:48:10.752892	2017-03-09 20:51:37.334522
507	\N	\N	\N	470	278	2017-03-09 20:48:10.758205	2017-03-09 20:51:37.339501
508	\N	\N	\N	473	284	2017-03-09 20:48:10.76305	2017-03-09 20:51:37.348973
387	\N	\N	\N	472	484	2017-03-09 20:48:08.707587	2017-03-09 20:51:35.362827
388	\N	\N	\N	485	540	2017-03-09 20:48:08.713684	2017-03-09 20:51:35.36874
389	\N	\N	\N	488	137	2017-03-09 20:48:08.717818	2017-03-09 20:51:35.373704
390	\N	\N	\N	489	500	2017-03-09 20:48:08.721909	2017-03-09 20:51:35.383306
391	\N	\N	\N	497	527	2017-03-09 20:48:08.732201	2017-03-09 20:51:35.39468
392	\N	\N	\N	498	516	2017-03-09 20:48:08.737236	2017-03-09 20:51:35.399541
393	\N	\N	\N	503	486	2017-03-09 20:48:08.745716	2017-03-09 20:51:35.4062
394	\N	\N	\N	504	538	2017-03-09 20:48:08.749806	2017-03-09 20:51:35.412082
395	\N	\N	\N	505	472	2017-03-09 20:48:08.755047	2017-03-09 20:51:35.423241
396	\N	\N	\N	506	134	2017-03-09 20:48:08.759121	2017-03-09 20:51:35.464191
510	\N	\N	\N	477	220	2017-03-09 20:48:10.780011	2017-03-09 20:51:37.361894
511	\N	\N	\N	479	350	2017-03-09 20:48:10.794489	2017-03-09 20:51:37.367698
512	\N	\N	\N	480	307	2017-03-09 20:48:10.800603	2017-03-09 20:51:37.372334
513	\N	\N	\N	482	609	2017-03-09 20:48:10.80684	2017-03-09 20:51:37.378163
514	\N	\N	\N	483	612	2017-03-09 20:48:10.811719	2017-03-09 20:51:37.383913
515	\N	\N	\N	486	586	2017-03-09 20:48:10.851616	2017-03-09 20:51:37.3912
516	\N	\N	\N	487	303	2017-03-09 20:48:10.8823	2017-03-09 20:51:37.395904
517	\N	\N	\N	492	629	2017-03-09 20:48:10.953754	2017-03-09 20:51:37.406558
406	\N	\N	\N	580	366	2017-03-09 20:48:08.850764	2017-03-09 20:51:37.559743
521	\N	\N	\N	513	269	2017-03-09 20:48:11.031558	2017-03-09 20:51:37.433684
522	\N	\N	\N	519	217	2017-03-09 20:48:11.068976	2017-03-09 20:51:37.44639
523	\N	\N	\N	525	599	2017-03-09 20:48:11.093413	2017-03-09 20:51:37.451549
524	\N	\N	\N	527	352	2017-03-09 20:48:11.101934	2017-03-09 20:51:37.45801
525	\N	\N	\N	530	326	2017-03-09 20:48:11.111659	2017-03-09 20:51:37.464357
526	\N	\N	\N	531	197	2017-03-09 20:48:11.172599	2017-03-09 20:51:37.470297
527	\N	\N	\N	538	273	2017-03-09 20:48:11.182378	2017-03-09 20:51:37.481903
528	\N	\N	\N	539	261	2017-03-09 20:48:11.194456	2017-03-09 20:51:37.48852
529	\N	\N	\N	540	637	2017-03-09 20:48:11.226587	2017-03-09 20:51:37.493721
530	\N	\N	\N	543	270	2017-03-09 20:48:11.233847	2017-03-09 20:51:37.499104
531	\N	\N	\N	557	208	2017-03-09 20:48:11.295162	2017-03-09 20:51:37.510595
532	\N	\N	\N	559	628	2017-03-09 20:48:11.31546	2017-03-09 20:51:37.516092
204	\N	227	179	162	227	2017-02-18 04:45:01	2017-03-26 12:23:46.913029
296	\N	230	\N	414	428	2017-02-18 04:45:01	2017-03-26 12:23:46.933274
251	\N	232	190	153	451	2017-02-18 04:45:01	2017-03-26 12:23:46.945099
185	\N	234	\N	462	392	2017-02-18 04:45:01	2017-03-26 12:23:46.958214
243	\N	240	187	173	450	2017-02-18 04:45:01	2017-03-26 12:23:46.989282
233	\N	252	\N	160	214	2017-02-18 04:45:01	2017-03-26 12:23:47.08065
225	\N	254	197	211	216	2017-02-18 04:45:01	2017-03-26 12:23:47.090999
264	\N	256	\N	393	418	2017-02-18 04:45:01	2017-03-26 12:23:47.102894
272	\N	281	\N	369	139	2017-02-18 04:45:01	2017-03-26 12:23:47.264026
348	\N	285	\N	730	556	2017-03-08 14:35:01.545486	2017-03-26 12:23:47.28533
383	\N	\N	\N	456	519	2017-03-09 20:48:08.647022	2017-03-09 20:51:35.327557
384	\N	\N	\N	458	471	2017-03-09 20:48:08.652186	2017-03-09 20:51:35.333093
284	\N	\N	237	222	306	2017-02-18 04:45:01	2017-03-09 20:51:36.744635
258	\N	\N	205	225	176	2017-02-18 04:45:01	2017-03-09 20:51:36.749061
431	\N	\N	\N	226	580	2017-03-09 20:48:09.890956	2017-03-09 20:51:36.754159
349	\N	\N	\N	370	526	2017-03-08 14:35:01.573591	2017-03-09 20:51:35.085214
432	\N	\N	\N	236	179	2017-03-09 20:48:09.900034	2017-03-09 20:51:36.763911
315	\N	\N	248	245	635	2017-02-20 22:02:40.215818	2017-03-09 20:51:36.779913
433	\N	\N	\N	246	210	2017-03-09 20:48:09.919826	2017-03-09 20:51:36.784467
434	\N	\N	\N	251	578	2017-03-09 20:48:09.929024	2017-03-09 20:51:36.791617
435	\N	\N	\N	256	201	2017-03-09 20:48:09.935473	2017-03-09 20:51:36.796178
436	\N	\N	\N	259	571	2017-03-09 20:48:09.944209	2017-03-09 20:51:36.807107
437	\N	\N	\N	266	596	2017-03-09 20:48:09.974556	2017-03-09 20:51:36.837532
438	\N	\N	\N	277	584	2017-03-09 20:48:10.001184	2017-03-09 20:51:36.864096
439	\N	\N	\N	283	170	2017-03-09 20:48:10.009863	2017-03-09 20:51:36.874332
440	\N	\N	\N	286	274	2017-03-09 20:48:10.021397	2017-03-09 20:51:36.883409
441	\N	\N	\N	292	202	2017-03-09 20:48:10.025819	2017-03-09 20:51:36.887828
445	\N	\N	\N	303	190	2017-03-09 20:48:10.062909	2017-03-09 20:51:36.925824
446	\N	\N	\N	313	290	2017-03-09 20:48:10.083517	2017-03-09 20:51:36.945206
318	\N	\N	263	315	185	2017-02-20 22:02:40.244922	2017-03-09 20:51:36.951225
442	\N	\N	\N	293	592	2017-03-09 20:48:10.030107	2017-03-09 20:51:36.89233
314	\N	\N	247	294	644	2017-02-20 22:02:40.21084	2017-03-09 20:51:36.897468
443	\N	\N	\N	298	625	2017-03-09 20:48:10.044496	2017-03-09 20:51:36.909156
291	\N	\N	235	300	460	2017-02-18 04:45:01	2017-03-09 20:51:36.914655
444	\N	\N	\N	302	567	2017-03-09 20:48:10.054599	2017-03-09 20:51:36.92004
447	\N	\N	\N	316	198	2017-03-09 20:48:10.09231	2017-03-09 20:51:36.956926
448	\N	\N	\N	321	561	2017-03-09 20:48:10.108636	2017-03-09 20:51:36.966181
317	\N	\N	262	324	642	2017-02-20 22:02:40.240521	2017-03-09 20:51:36.976376
449	\N	\N	\N	328	569	2017-03-09 20:48:10.127242	2017-03-09 20:51:36.98099
450	\N	\N	\N	329	246	2017-03-09 20:48:10.131296	2017-03-09 20:51:36.98606
451	\N	\N	\N	334	593	2017-03-09 20:48:10.140089	2017-03-09 20:51:36.997997
320	\N	\N	266	335	643	2017-02-20 22:02:40.255751	2017-03-09 20:51:37.00266
452	\N	\N	\N	338	638	2017-03-09 20:48:10.149666	2017-03-09 20:51:37.008995
453	\N	\N	\N	339	602	2017-03-09 20:48:10.154254	2017-03-09 20:51:37.013585
454	\N	\N	\N	341	213	2017-03-09 20:48:10.159488	2017-03-09 20:51:37.01911
455	\N	\N	\N	343	199	2017-03-09 20:48:10.163488	2017-03-09 20:51:37.023611
533	\N	\N	\N	560	340	2017-03-09 20:48:11.322056	2017-03-09 20:51:37.522913
279	\N	\N	246	217	131	2017-02-18 04:45:01	2017-03-09 20:51:34.651477
298	\N	\N	283	240	124	2017-02-18 04:45:01	2017-03-09 20:51:34.736901
304	\N	\N	189	271	514	2017-02-20 22:02:40.111606	2017-03-09 20:51:34.818804
283	\N	\N	\N	544	425	2017-02-18 04:45:01	2017-03-09 20:51:35.524742
125	\N	\N	173	205	437	2017-02-18 04:45:01	2017-03-09 20:51:36.689408
295	\N	\N	\N	268	209	2017-02-18 04:45:01	2017-03-09 20:51:36.842096
297	\N	\N	\N	309	280	2017-02-18 04:45:01	2017-03-09 20:51:36.939271
287	\N	\N	\N	318	458	2017-02-18 04:45:01	2017-03-09 20:51:36.961514
267	\N	\N	\N	385	454	2017-02-18 04:45:01	2017-03-09 20:51:37.149989
518	\N	\N	\N	493	618	2017-03-09 20:48:10.979028	2017-03-09 20:51:37.411166
519	\N	\N	\N	495	239	2017-03-09 20:48:10.995607	2017-03-09 20:51:37.417321
520	\N	\N	\N	502	238	2017-03-09 20:48:11.026546	2017-03-09 20:51:37.426479
355	\N	\N	\N	305	146	2017-03-09 20:48:08.074984	2017-03-09 20:51:34.918936
356	\N	\N	\N	306	477	2017-03-09 20:48:08.080132	2017-03-09 20:51:34.923878
357	\N	\N	\N	330	469	2017-03-09 20:48:08.195297	2017-03-09 20:51:34.989807
358	\N	\N	\N	345	506	2017-03-09 20:48:08.230997	2017-03-09 20:51:35.021217
359	\N	\N	\N	362	492	2017-03-09 20:48:08.26471	2017-03-09 20:51:35.051824
248	\N	\N	\N	377	413	2017-02-18 04:45:01	2017-03-09 20:51:35.099203
4	\N	5	7	4	37	2017-02-18 04:45:01	2017-03-26 12:23:45.431129
7	\N	7	8	10	35	2017-02-18 04:45:01	2017-03-26 12:23:45.54395
8	\N	8	6	9	54	2017-02-18 04:45:01	2017-03-26 12:23:45.551724
14	\N	9	14	18	9	2017-02-18 04:45:01	2017-03-26 12:23:45.557829
11	\N	10	11	7	430	2017-02-18 04:45:01	2017-03-26 12:23:45.562642
12	\N	11	13	13	5	2017-02-18 04:45:01	2017-03-26 12:23:45.567418
17	\N	12	15	23	66	2017-02-18 04:45:01	2017-03-26 12:23:45.57218
21	\N	14	18	26	4	2017-02-18 04:45:01	2017-03-26 12:23:45.581207
10	\N	15	10	8	125	2017-02-18 04:45:01	2017-03-26 12:23:45.586109
19	\N	19	12	19	14	2017-02-18 04:45:01	2017-03-26 12:23:45.608661
15	\N	23	20	14	150	2017-02-18 04:45:01	2017-03-26 12:23:45.627808
13	\N	24	16	12	154	2017-02-18 04:45:01	2017-03-26 12:23:45.632388
23	\N	25	24	20	160	2017-02-18 04:45:01	2017-03-26 12:23:45.637768
18	\N	32	23	16	167	2017-02-18 04:45:01	2017-03-26 12:23:45.674338
90	\N	70	89	109	163	2017-02-18 04:45:01	2017-03-26 12:23:45.877176
114	\N	85	112	143	378	2017-02-18 04:45:01	2017-03-26 12:23:45.960254
71	\N	88	95	59	222	2017-02-18 04:45:01	2017-03-26 12:23:45.998793
73	\N	89	93	50	231	2017-02-18 04:45:01	2017-03-26 12:23:46.004742
123	\N	95	122	175	133	2017-02-18 04:45:01	2017-03-26 12:23:46.034924
128	\N	98	144	185	51	2017-02-18 04:45:01	2017-03-26 12:23:46.049955
104	\N	102	133	126	53	2017-02-18 04:45:01	2017-03-26 12:23:46.071957
50	\N	104	65	46	52	2017-02-18 04:45:01	2017-03-26 12:23:46.081169
108	\N	105	106	106	164	2017-02-18 04:45:01	2017-03-26 12:23:46.085734
87	\N	106	110	113	433	2017-02-18 04:45:01	2017-03-26 12:23:46.091249
182	\N	108	123	152	106	2017-02-18 04:45:01	2017-03-26 12:23:46.104106
88	\N	110	114	68	232	2017-02-18 04:45:01	2017-03-26 12:23:46.115404
111	\N	111	134	75	251	2017-02-18 04:45:01	2017-03-26 12:23:46.120655
100	\N	112	111	71	245	2017-02-18 04:45:01	2017-03-26 12:23:46.126594
166	\N	116	152	208	388	2017-02-18 04:45:01	2017-03-26 12:23:46.151903
129	\N	120	64	55	38	2017-02-18 04:45:01	2017-03-26 12:23:46.174873
113	\N	121	63	45	377	2017-02-18 04:45:01	2017-03-26 12:23:46.183965
156	\N	123	156	141	91	2017-02-18 04:45:01	2017-03-26 12:23:46.202197
70	\N	124	102	194	374	2017-02-18 04:45:01	2017-03-26 12:23:46.209452
96	\N	126	159	115	174	2017-02-18 04:45:01	2017-03-26 12:23:46.224083
102	\N	133	104	88	237	2017-02-18 04:45:01	2017-03-26 12:23:46.28051
132	\N	143	75	232	382	2017-02-18 04:45:01	2017-03-26 12:23:46.368597
175	\N	147	128	120	228	2017-02-18 04:45:01	2017-03-26 12:23:46.391552
189	\N	151	167	177	225	2017-02-18 04:45:01	2017-03-26 12:23:46.41084
215	\N	152	165	134	226	2017-02-18 04:45:01	2017-03-26 12:23:46.41603
456	\N	\N	\N	346	194	2017-03-09 20:48:10.168731	2017-03-09 20:51:37.028485
457	\N	\N	\N	347	582	2017-03-09 20:48:10.172835	2017-03-09 20:51:37.034678
458	\N	\N	\N	349	212	2017-03-09 20:48:10.176813	2017-03-09 20:51:37.040736
271	\N	\N	\N	288	78	2017-02-18 04:45:01	2017-03-09 20:51:34.874523
167	\N	\N	\N	301	84	2017-02-18 04:45:01	2017-03-09 20:51:34.907804
274	\N	\N	\N	325	421	2017-02-18 04:45:01	2017-03-09 20:51:34.978093
397	\N	\N	\N	511	473	2017-03-09 20:48:08.774335	2017-03-09 20:51:35.484317
398	\N	\N	\N	514	499	2017-03-09 20:48:08.780181	2017-03-09 20:51:35.490031
399	\N	\N	\N	522	543	2017-03-09 20:48:08.790195	2017-03-09 20:51:35.498143
400	\N	\N	\N	524	549	2017-03-09 20:48:08.795404	2017-03-09 20:51:35.504508
554	\N	\N	\N	712	365	2017-03-09 20:48:12.031744	2017-03-09 20:51:37.714289
555	\N	\N	\N	718	603	2017-03-09 20:48:12.038532	2017-03-09 20:51:37.722239
556	\N	\N	\N	720	626	2017-03-09 20:48:12.045303	2017-03-09 20:51:37.728648
401	\N	\N	\N	547	110	2017-03-09 20:48:08.816085	2017-03-09 20:51:35.531382
408	\N	\N	\N	579	490	2017-03-09 20:48:08.877827	2017-03-09 20:51:35.923527
409	\N	\N	\N	582	528	2017-03-09 20:48:08.883532	2017-03-09 20:51:35.928306
410	\N	\N	\N	583	479	2017-03-09 20:48:08.889525	2017-03-09 20:51:35.933045
411	\N	\N	\N	586	502	2017-03-09 20:48:08.894427	2017-03-09 20:51:35.938078
412	\N	\N	\N	594	507	2017-03-09 20:48:08.902829	2017-03-09 20:51:35.948947
413	\N	\N	\N	598	67	2017-03-09 20:48:08.914442	2017-03-09 20:51:35.955055
414	\N	\N	\N	607	108	2017-03-09 20:48:08.925526	2017-03-09 20:51:35.965661
415	\N	\N	\N	627	547	2017-03-09 20:48:08.958967	2017-03-09 20:51:35.993505
416	\N	\N	\N	632	553	2017-03-09 20:48:08.96548	2017-03-09 20:51:35.999292
417	\N	\N	\N	637	93	2017-03-09 20:48:08.973914	2017-03-09 20:51:36.006005
418	\N	\N	\N	651	130	2017-03-09 20:48:08.986074	2017-03-09 20:51:36.016986
420	\N	\N	\N	713	551	2017-03-09 20:48:09.055074	2017-03-09 20:51:36.069292
421	\N	\N	\N	725	113	2017-03-09 20:48:09.072539	2017-03-09 20:51:36.081962
422	\N	\N	\N	727	532	2017-03-09 20:48:09.077294	2017-03-09 20:51:36.086969
423	\N	\N	\N	741	474	2017-03-09 20:48:09.102474	2017-03-09 20:51:36.105106
424	\N	\N	\N	761	465	2017-03-09 20:48:09.127163	2017-03-09 20:51:36.128824
425	\N	\N	\N	767	498	2017-03-09 20:48:09.139792	2017-03-09 20:51:36.137845
426	\N	\N	\N	782	493	2017-03-09 20:48:09.164024	2017-03-09 20:51:36.159879
427	\N	\N	\N	819	485	2017-03-09 20:48:09.218725	2017-03-09 20:51:36.206856
261	\N	\N	255	295	309	2017-02-18 04:45:01	2017-03-09 20:51:36.903854
273	\N	\N	\N	323	456	2017-02-18 04:45:01	2017-03-09 20:51:36.971298
280	\N	\N	\N	461	235	2017-02-18 04:45:01	2017-03-09 20:51:37.313439
332	\N	\N	292	190	211	2017-02-20 22:02:40.328042	2017-03-09 20:51:36.664062
428	\N	\N	\N	207	565	2017-03-09 20:48:09.835675	2017-03-09 20:51:36.69902
429	\N	\N	\N	209	169	2017-03-09 20:48:09.841013	2017-03-09 20:51:36.703758
430	\N	\N	\N	216	178	2017-03-09 20:48:09.869844	2017-03-09 20:51:36.734242
509	\N	\N	\N	475	279	2017-03-09 20:48:10.770573	2017-03-09 20:51:37.356189
277	\N	\N	\N	\N	424	2017-02-18 04:45:01	2017-03-02 13:15:05.692
2	\N	3	3	3	3	2017-02-18 04:45:01	2017-03-26 12:23:45.38619
5	\N	4	5	6	29	2017-02-18 04:45:01	2017-03-26 12:23:45.411877
31	\N	21	19	43	94	2017-02-18 04:45:01	2017-03-26 12:23:45.618793
49	\N	27	33	33	46	2017-02-18 04:45:01	2017-03-26 12:23:45.650717
43	\N	28	40	42	50	2017-02-18 04:45:01	2017-03-26 12:23:45.655887
27	\N	30	21	31	2	2017-02-18 04:45:01	2017-03-26 12:23:45.665211
38	\N	33	27	22	157	2017-02-18 04:45:01	2017-03-26 12:23:45.679196
46	\N	36	54	39	370	2017-02-18 04:45:01	2017-03-26 12:23:45.696834
29	\N	37	56	64	26	2017-02-18 04:45:01	2017-03-26 12:23:45.70219
45	\N	39	47	82	58	2017-02-18 04:45:01	2017-03-26 12:23:45.711473
39	\N	42	52	83	36	2017-02-18 04:45:01	2017-03-26 12:23:45.727624
52	\N	44	58	74	25	2017-02-18 04:45:01	2017-03-26 12:23:45.739117
26	\N	46	41	38	159	2017-02-18 04:45:01	2017-03-26 12:23:45.749653
53	\N	48	66	70	43	2017-02-18 04:45:01	2017-03-26 12:23:45.758954
47	\N	51	51	32	57	2017-02-18 04:45:01	2017-03-26 12:23:45.774949
83	\N	52	38	57	6	2017-02-18 04:45:01	2017-03-26 12:23:45.782846
66	\N	54	62	53	142	2017-02-18 04:45:01	2017-03-26 12:23:45.794826
54	\N	57	69	49	187	2017-02-18 04:45:01	2017-03-26 12:23:45.809015
74	\N	59	83	77	1	2017-02-18 04:45:01	2017-03-26 12:23:45.819245
80	\N	60	113	99	69	2017-02-18 04:45:01	2017-03-26 12:23:45.826508
61	\N	61	73	114	138	2017-02-18 04:45:01	2017-03-26 12:23:45.831684
60	\N	66	45	41	464	2017-02-18 04:45:01	2017-03-26 12:23:45.855804
64	\N	68	55	69	462	2017-02-18 04:45:01	2017-03-26 12:23:45.865929
92	\N	71	60	81	103	2017-02-18 04:45:01	2017-03-26 12:23:45.883054
59	\N	74	67	54	372	2017-02-18 04:45:01	2017-03-26 12:23:45.897605
62	\N	79	59	48	463	2017-02-18 04:45:01	2017-03-26 12:23:45.925442
72	\N	80	43	34	44	2017-02-18 04:45:01	2017-03-26 12:23:45.930076
75	\N	81	78	56	147	2017-02-18 04:45:01	2017-03-26 12:23:45.934523
115	\N	84	115	104	379	2017-02-18 04:45:01	2017-03-26 12:23:45.952176
120	\N	90	109	61	243	2017-02-18 04:45:01	2017-03-26 12:23:46.01116
57	\N	91	61	66	431	2017-02-18 04:45:01	2017-03-26 12:23:46.016274
77	\N	92	99	63	223	2017-02-18 04:45:01	2017-03-26 12:23:46.020795
110	\N	101	98	103	12	2017-02-18 04:45:01	2017-03-26 12:23:46.067328
76	\N	113	80	67	62	2017-02-18 04:45:01	2017-03-26 12:23:46.131672
95	\N	118	71	93	165	2017-02-18 04:45:01	2017-03-26 12:23:46.163215
136	\N	134	70	155	383	2017-02-18 04:45:01	2017-03-26 12:23:46.288189
184	\N	154	260	274	65	2017-02-18 04:45:01	2017-03-26 12:23:46.426368
162	\N	156	150	157	181	2017-02-18 04:45:01	2017-03-26 12:23:46.440572
139	\N	159	161	184	42	2017-02-18 04:45:01	2017-03-26 12:23:46.455612
305	\N	160	195	332	537	2017-02-20 22:02:40.124416	2017-03-26 12:23:46.466951
93	\N	164	171	123	172	2017-02-18 04:45:01	2017-03-26 12:23:46.493115
117	\N	166	163	110	256	2017-02-18 04:45:01	2017-03-26 12:23:46.504112
319	\N	173	264	219	522	2017-02-20 22:02:40.250487	2017-03-26 12:23:46.546898
144	\N	180	162	254	132	2017-02-18 04:45:01	2017-03-26 12:23:46.590868
168	\N	182	180	138	249	2017-02-18 04:45:01	2017-03-26 12:23:46.601609
236	\N	184	293	365	408	2017-02-18 04:45:01	2017-03-26 12:23:46.615024
177	\N	185	252	\N	391	2017-02-18 04:45:01	2017-03-26 12:23:46.620636
244	\N	185	229	231	410	2017-02-18 04:45:01	2017-03-26 12:23:46.625445
276	\N	187	294	242	423	2017-02-18 04:45:01	2017-03-26 12:23:46.6302
94	\N	189	118	234	376	2017-02-18 04:45:01	2017-03-26 12:23:46.639958
338	\N	191	\N	336	510	2017-03-08 14:35:00.794908	2017-03-26 12:23:46.650524
213	\N	192	249	282	468	2017-02-18 04:45:01	2017-03-26 12:23:46.656152
174	\N	195	208	179	120	2017-02-18 04:45:01	2017-03-26 12:23:46.671161
176	\N	198	172	121	171	2017-02-18 04:45:01	2017-03-26 12:23:46.683989
211	\N	199	238	199	135	2017-02-18 04:45:01	2017-03-26 12:23:46.688252
159	\N	202	174	161	259	2017-02-18 04:45:01	2017-03-26 12:23:46.704334
216	\N	203	280	210	41	2017-02-18 04:45:01	2017-03-26 12:23:46.71102
190	\N	204	157	169	188	2017-02-18 04:45:01	2017-03-26 12:23:46.715429
219	\N	211	259	289	61	2017-02-18 04:45:01	2017-03-26 12:23:46.754757
196	\N	221	276	244	95	2017-02-18 04:45:01	2017-03-26 12:23:46.874479
336	\N	228	\N	237	595	2017-03-02 12:52:27.506365	2017-03-26 12:23:46.922126
282	\N	231	\N	139	175	2017-02-18 04:45:01	2017-03-26 12:23:46.938857
224	\N	233	232	253	141	2017-02-18 04:45:01	2017-03-26 12:23:46.951197
193	\N	237	155	218	393	2017-02-18 04:45:01	2017-03-26 12:23:46.975105
270	\N	238	240	264	295	2017-02-18 04:45:01	2017-03-26 12:23:46.979857
346	\N	247	\N	255	509	2017-03-08 14:35:01.283993	2017-03-26 12:23:47.060557
341	\N	255	\N	331	470	2017-03-08 14:35:01.202571	2017-03-26 12:23:47.096243
340	\N	259	\N	448	494	2017-03-08 14:35:01.070395	2017-03-26 12:23:47.153908
343	\N	260	\N	467	128	2017-03-08 14:35:01.253554	2017-03-26 12:23:47.158553
294	\N	261	277	395	240	2017-02-18 04:45:01	2017-03-26 12:23:47.163218
339	\N	263	\N	355	515	2017-03-08 14:35:00.92621	2017-03-26 12:23:47.172978
345	\N	264	\N	423	47	2017-03-08 14:35:01.277228	2017-03-26 12:23:47.177621
278	\N	274	215	273	457	2017-02-18 04:45:01	2017-03-26 12:23:47.228019
254	\N	278	146	124	452	2017-02-18 04:45:01	2017-03-26 12:23:47.250012
419	\N	297	\N	670	491	2017-03-09 20:48:09.006229	2017-03-26 12:23:47.346633
316	\N	298	254	183	264	2017-02-20 22:02:40.225792	2017-03-26 12:23:47.351559
119	\N	100	169	116	380	2017-02-18 04:45:01	2017-03-26 12:23:46.062458
101	\N	103	90	65	81	2017-02-18 04:45:01	2017-03-26 12:23:46.0767
133	\N	119	166	122	196	2017-02-18 04:45:01	2017-03-26 12:23:46.168254
220	\N	122	183	221	401	2017-02-18 04:45:01	2017-03-26 12:23:46.193221
202	\N	127	288	352	396	2017-02-18 04:45:01	2017-03-26 12:23:46.231659
112	\N	132	96	101	173	2017-02-18 04:45:01	2017-03-26 12:23:46.272544
140	\N	135	120	102	439	2017-02-18 04:45:01	2017-03-26 12:23:46.294815
221	\N	137	182	165	402	2017-02-18 04:45:01	2017-03-26 12:23:46.307886
138	\N	138	125	150	384	2017-02-18 04:45:01	2017-03-26 12:23:46.34601
79	\N	139	79	90	432	2017-02-18 04:45:01	2017-03-26 12:23:46.351064
187	\N	140	135	111	233	2017-02-18 04:45:01	2017-03-26 12:23:46.355234
109	\N	142	138	204	434	2017-02-18 04:45:01	2017-03-26 12:23:46.364321
173	\N	144	129	198	72	2017-02-18 04:45:01	2017-03-26 12:23:46.37287
134	\N	145	163	181	126	2017-02-18 04:45:01	2017-03-26 12:23:46.377032
145	\N	148	130	96	258	2017-02-18 04:45:01	2017-03-26 12:23:46.395741
107	\N	150	119	87	221	2017-02-18 04:45:01	2017-03-26 12:23:46.406475
157	\N	153	176	180	31	2017-02-18 04:45:01	2017-03-26 12:23:46.420793
137	\N	155	154	174	129	2017-02-18 04:45:01	2017-03-26 12:23:46.434862
192	\N	157	203	202	83	2017-02-18 04:45:01	2017-03-26 12:23:46.445609
197	\N	161	\N	170	394	2017-02-18 04:45:01	2017-03-26 12:23:46.47324
269	\N	162	193	287	420	2017-02-18 04:45:01	2017-03-26 12:23:46.481332
154	\N	167	226	156	385	2017-02-18 04:45:01	2017-03-26 12:23:46.50963
180	\N	169	290	227	92	2017-02-18 04:45:01	2017-03-26 12:23:46.523093
116	\N	170	140	117	435	2017-02-18 04:45:01	2017-03-26 12:23:46.530186
300	\N	171	250	158	641	2017-02-20 21:19:51.844359	2017-03-26 12:23:46.536221
147	\N	172	201	203	90	2017-02-18 04:45:01	2017-03-26 12:23:46.541993
301	\N	268	297	270	145	2017-02-20 22:02:39.967613	2017-03-26 12:23:47.200161
203	\N	272	218	279	397	2017-02-18 04:45:01	2017-03-26 12:23:47.218903
337	\N	275	\N	322	529	2017-03-02 12:52:27.54738	2017-03-26 12:23:47.233726
194	\N	276	242	265	268	2017-02-18 04:45:01	2017-03-26 12:23:47.240071
285	\N	280	227	241	56	2017-02-18 04:45:01	2017-03-26 12:23:47.259492
299	\N	283	244	248	429	2017-02-18 04:45:01	2017-03-26 12:23:47.273511
288	\N	284	\N	314	427	2017-02-18 04:45:01	2017-03-26 12:23:47.278852
263	\N	287	285	285	236	2017-02-18 04:45:01	2017-03-26 12:23:47.295129
266	\N	288	\N	625	419	2017-02-18 04:45:01	2017-03-26 12:23:47.299589
350	\N	290	\N	363	115	2017-03-08 14:35:01.580907	2017-03-26 12:23:47.308921
351	\N	291	\N	404	548	2017-03-08 14:35:01.591016	2017-03-26 12:23:47.315065
352	\N	293	\N	327	497	2017-03-08 14:35:01.602958	2017-03-26 12:23:47.325336
353	\N	295	\N	275	86	2017-03-08 14:35:01.614231	2017-03-26 12:23:47.337807
302	\N	296	141	238	119	2017-02-20 22:02:40.054262	2017-03-26 12:23:47.34229
459	\N	\N	\N	350	313	2017-03-09 20:48:10.181263	2017-03-09 20:51:37.045331
460	\N	\N	\N	351	219	2017-03-09 20:48:10.185557	2017-03-09 20:51:37.049876
461	\N	\N	\N	353	321	2017-03-09 20:48:10.190578	2017-03-09 20:51:37.055824
462	\N	\N	\N	354	572	2017-03-09 20:48:10.197809	2017-03-09 20:51:37.060538
463	\N	\N	\N	358	315	2017-03-09 20:48:10.204415	2017-03-09 20:51:37.065138
464	\N	\N	\N	359	286	2017-03-09 20:48:10.209385	2017-03-09 20:51:37.06974
465	\N	\N	\N	360	276	2017-03-09 20:48:10.214371	2017-03-09 20:51:37.07459
466	\N	\N	\N	361	254	2017-03-09 20:48:10.218526	2017-03-09 20:51:37.080425
467	\N	\N	\N	367	576	2017-03-09 20:48:10.222987	2017-03-09 20:51:37.087364
468	\N	\N	\N	368	598	2017-03-09 20:48:10.249532	2017-03-09 20:51:37.092704
469	\N	\N	\N	374	608	2017-03-09 20:48:10.259974	2017-03-09 20:51:37.102396
470	\N	\N	\N	375	183	2017-03-09 20:48:10.264455	2017-03-09 20:51:37.107061
9	\N	13	9	15	39	2017-02-18 04:45:01	2017-03-26 12:23:45.576684
34	\N	22	25	28	27	2017-02-18 04:45:01	2017-03-26 12:23:45.623365
48	\N	47	46	40	151	2017-02-18 04:45:01	2017-03-26 12:23:45.754393
97	\N	50	72	107	68	2017-02-18 04:45:01	2017-03-26 12:23:45.768222
86	\N	56	44	76	75	2017-02-18 04:45:01	2017-03-26 12:23:45.804404
36	\N	63	37	72	369	2017-02-18 04:45:01	2017-03-26 12:23:45.841334
68	\N	64	108	80	156	2017-02-18 04:45:01	2017-03-26 12:23:45.846148
103	\N	67	77	79	161	2017-02-18 04:45:01	2017-03-26 12:23:45.861034
99	\N	83	91	105	121	2017-02-18 04:45:01	2017-03-26 12:23:45.943617
170	\N	174	224	171	136	2017-02-18 04:45:01	2017-03-26 12:23:46.552264
199	\N	175	177	131	71	2017-02-18 04:45:01	2017-03-26 12:23:46.557176
160	\N	177	258	154	177	2017-02-18 04:45:01	2017-03-26 12:23:46.575123
158	\N	179	136	192	60	2017-02-18 04:45:01	2017-03-26 12:23:46.585338
181	\N	181	273	229	76	2017-02-18 04:45:01	2017-03-26 12:23:46.596776
172	\N	190	86	164	390	2017-02-18 04:45:01	2017-03-26 12:23:46.64469
218	\N	193	160	136	446	2017-02-18 04:45:01	2017-03-26 12:23:46.66153
164	\N	206	204	168	387	2017-02-18 04:45:01	2017-03-26 12:23:46.724547
32	\N	214	42	89	186	2017-02-18 04:45:01	2017-03-26 12:23:46.795801
130	\N	218	191	269	166	2017-02-18 04:45:01	2017-03-26 12:23:46.855506
183	\N	220	192	135	205	2017-02-18 04:45:01	2017-03-26 12:23:46.869255
347	\N	249	\N	267	488	2017-03-08 14:35:01.369958	2017-03-26 12:23:47.070232
262	\N	251	\N	212	184	2017-02-18 04:45:01	2017-03-26 12:23:47.075713
308	\N	266	221	284	531	2017-02-20 22:02:40.161222	2017-03-26 12:23:47.188947
1	\N	1	1	1	10	2017-02-18 04:45:01	2017-03-26 12:23:45.329123
6	\N	6	4	5	32	2017-02-18 04:45:01	2017-03-26 12:23:45.509734
20	\N	17	39	17	13	2017-02-18 04:45:01	2017-03-26 12:23:45.598179
35	\N	26	29	52	18	2017-02-18 04:45:01	2017-03-26 12:23:45.645231
40	\N	29	22	25	97	2017-02-18 04:45:01	2017-03-26 12:23:45.660518
30	\N	31	36	21	149	2017-02-18 04:45:01	2017-03-26 12:23:45.669759
25	\N	34	30	35	33	2017-02-18 04:45:01	2017-03-26 12:23:45.685178
51	\N	35	49	98	100	2017-02-18 04:45:01	2017-03-26 12:23:45.692083
28	\N	38	26	36	79	2017-02-18 04:45:01	2017-03-26 12:23:45.706899
84	\N	40	57	91	375	2017-02-18 04:45:01	2017-03-26 12:23:45.716881
33	\N	43	81	51	28	2017-02-18 04:45:01	2017-03-26 12:23:45.734033
44	\N	45	76	60	101	2017-02-18 04:45:01	2017-03-26 12:23:45.744438
58	\N	49	28	47	371	2017-02-18 04:45:01	2017-03-26 12:23:45.763387
42	\N	55	50	73	104	2017-02-18 04:45:01	2017-03-26 12:23:45.79963
91	\N	58	53	58	144	2017-02-18 04:45:01	2017-03-26 12:23:45.813612
55	\N	62	48	30	73	2017-02-18 04:45:01	2017-03-26 12:23:45.836155
37	\N	65	35	44	17	2017-02-18 04:45:01	2017-03-26 12:23:45.850684
82	\N	69	87	137	99	2017-02-18 04:45:01	2017-03-26 12:23:45.870962
85	\N	72	94	132	82	2017-02-18 04:45:01	2017-03-26 12:23:45.888504
126	\N	73	82	95	77	2017-02-18 04:45:01	2017-03-26 12:23:45.892834
78	\N	75	68	84	89	2017-02-18 04:45:01	2017-03-26 12:23:45.903443
118	\N	76	185	142	64	2017-02-18 04:45:01	2017-03-26 12:23:45.910345
69	\N	78	74	86	49	2017-02-18 04:45:01	2017-03-26 12:23:45.920738
131	\N	82	85	94	63	2017-02-18 04:45:01	2017-03-26 12:23:45.939192
63	\N	86	97	62	373	2017-02-18 04:45:01	2017-03-26 12:23:45.965622
67	\N	87	92	37	224	2017-02-18 04:45:01	2017-03-26 12:23:45.969992
121	\N	93	137	112	80	2017-02-18 04:45:01	2017-03-26 12:23:46.025739
161	\N	94	101	118	45	2017-02-18 04:45:01	2017-03-26 12:23:46.030414
56	\N	97	143	128	85	2017-02-18 04:45:01	2017-03-26 12:23:46.044139
89	\N	99	84	144	8	2017-02-18 04:45:01	2017-03-26 12:23:46.057732
106	\N	129	222	130	87	2017-02-18 04:45:01	2017-03-26 12:23:46.248178
148	\N	141	\N	220	191	2017-02-18 04:45:01	2017-03-26 12:23:46.359947
141	\N	149	164	147	229	2017-02-18 04:45:01	2017-03-26 12:23:46.401025
142	\N	158	168	178	22	2017-02-18 04:45:01	2017-03-26 12:23:46.450141
151	\N	176	148	187	152	2017-02-18 04:45:01	2017-03-26 12:23:46.562438
135	\N	178	\N	189	215	2017-02-18 04:45:01	2017-03-26 12:23:46.580788
163	\N	194	145	191	386	2017-02-18 04:45:01	2017-03-26 12:23:46.666764
200	\N	200	230	257	395	2017-02-18 04:45:01	2017-03-26 12:23:46.692316
191	\N	201	265	200	40	2017-02-18 04:45:01	2017-03-26 12:23:46.696448
498	\N	\N	\N	450	616	2017-03-09 20:48:10.421743	2017-03-09 20:51:37.280981
65	1	53	100	78	122	2017-02-18 04:45:01	2017-03-26 12:23:45.78919
331	\N	229	289	290	475	2017-02-20 22:02:40.319283	2017-03-26 12:23:46.927602
188	\N	242	127	133	442	2017-02-18 04:45:01	2017-03-26 12:23:47.002628
229	\N	243	257	201	192	2017-02-18 04:45:01	2017-03-26 12:23:47.036222
179	\N	245	139	127	441	2017-02-18 04:45:01	2017-03-26 12:23:47.0502
201	\N	246	\N	215	204	2017-02-18 04:45:01	2017-03-26 12:23:47.055852
327	\N	257	281	276	489	2017-02-20 22:02:40.298294	2017-03-26 12:23:47.142037
342	\N	258	\N	243	193	2017-03-08 14:35:01.23227	2017-03-26 12:23:47.149123
344	\N	267	\N	312	107	2017-03-08 14:35:01.272579	2017-03-26 12:23:47.195431
245	\N	271	243	224	411	2017-02-18 04:45:01	2017-03-26 12:23:47.214324
330	\N	273	287	366	535	2017-02-20 22:02:40.314155	2017-03-26 12:23:47.223393
214	\N	277	206	188	445	2017-02-18 04:45:01	2017-03-26 12:23:47.245052
333	\N	282	295	451	517	2017-02-20 22:02:40.336432	2017-03-26 12:23:47.268981
198	\N	286	147	172	443	2017-02-18 04:45:01	2017-03-26 12:23:47.290566
292	\N	289	278	417	127	2017-02-18 04:45:01	2017-03-26 12:23:47.304317
259	\N	299	233	278	417	2017-02-18 04:45:01	2017-03-26 12:23:47.356002
206	\N	\N	229	195	444	2017-02-18 04:45:01	2017-03-09 20:51:36.668539
307	\N	\N	219	206	195	2017-02-20 22:02:40.155238	2017-03-09 20:51:36.69423
240	\N	\N	261	214	292	2017-02-18 04:45:01	2017-03-09 20:51:36.723977
249	\N	\N	210	262	182	2017-02-18 04:45:01	2017-03-09 20:51:36.817784
306	\N	\N	217	308	589	2017-02-20 22:02:40.150001	2017-03-09 20:51:36.934785
402	\N	\N	\N	554	525	2017-03-09 20:48:08.824732	2017-03-09 20:51:35.593437
403	\N	\N	\N	555	520	2017-03-09 20:48:08.829992	2017-03-09 20:51:35.610759
404	\N	\N	\N	558	495	2017-03-09 20:48:08.834387	2017-03-09 20:51:35.622951
405	\N	\N	\N	564	545	2017-03-09 20:48:08.842095	2017-03-09 20:51:35.832414
407	\N	\N	\N	574	505	2017-03-09 20:48:08.871884	2017-03-09 20:51:35.917639
471	\N	\N	\N	376	568	2017-03-09 20:48:10.269095	2017-03-09 20:51:37.11164
472	\N	\N	\N	378	250	2017-03-09 20:48:10.273696	2017-03-09 20:51:37.116148
473	\N	\N	\N	380	347	2017-03-09 20:48:10.277973	2017-03-09 20:51:37.121994
474	\N	\N	\N	381	634	2017-03-09 20:48:10.282506	2017-03-09 20:51:37.128732
290	\N	\N	268	317	541	2017-02-18 04:45:01	2017-03-09 20:51:34.957731
323	\N	\N	271	356	554	2017-02-20 22:02:40.270084	2017-03-09 20:51:35.041482
281	\N	\N	213	411	16	2017-02-18 04:45:01	2017-03-09 20:51:35.177654
322	\N	\N	270	442	552	2017-02-20 22:02:40.266002	2017-03-09 20:51:35.298623
324	\N	\N	272	491	546	2017-02-20 22:02:40.274626	2017-03-09 20:51:35.388165
335	\N	\N	300	507	466	2017-02-20 22:02:40.349328	2017-03-09 20:51:35.471373
321	\N	\N	269	508	467	2017-02-20 22:02:40.261839	2017-03-09 20:51:35.477623
326	\N	\N	279	542	533	2017-02-20 22:02:40.29157	2017-03-09 20:51:35.518066
534	\N	\N	\N	568	566	2017-03-09 20:48:11.342307	2017-03-09 20:51:37.531573
535	\N	\N	\N	569	248	2017-03-09 20:48:11.350123	2017-03-09 20:51:37.538383
536	\N	\N	\N	575	260	2017-03-09 20:48:11.418675	2017-03-09 20:51:37.543604
537	\N	\N	\N	577	252	2017-03-09 20:48:11.462559	2017-03-09 20:51:37.549036
538	\N	\N	\N	578	627	2017-03-09 20:48:11.490723	2017-03-09 20:51:37.55429
539	\N	\N	\N	585	272	2017-03-09 20:48:11.750041	2017-03-09 20:51:37.57043
540	\N	\N	\N	587	605	2017-03-09 20:48:11.873125	2017-03-09 20:51:37.577526
541	\N	\N	\N	592	244	2017-03-09 20:48:11.902433	2017-03-09 20:51:37.585384
542	\N	\N	\N	610	613	2017-03-09 20:48:11.918589	2017-03-09 20:51:37.600218
543	\N	\N	\N	613	591	2017-03-09 20:48:11.924384	2017-03-09 20:51:37.606009
544	\N	\N	\N	624	607	2017-03-09 20:48:11.931841	2017-03-09 20:51:37.61542
545	\N	\N	\N	628	298	2017-03-09 20:48:11.936821	2017-03-09 20:51:37.622546
546	\N	\N	\N	641	597	2017-03-09 20:48:11.948716	2017-03-09 20:51:37.634615
547	\N	\N	\N	646	277	2017-03-09 20:48:11.957808	2017-03-09 20:51:37.647921
548	\N	\N	\N	653	604	2017-03-09 20:48:11.968871	2017-03-09 20:51:37.654716
549	\N	\N	\N	663	267	2017-03-09 20:48:11.983858	2017-03-09 20:51:37.668145
550	\N	\N	\N	667	621	2017-03-09 20:48:11.989647	2017-03-09 20:51:37.676321
551	\N	\N	\N	673	633	2017-03-09 20:48:11.999141	2017-03-09 20:51:37.681596
552	\N	\N	\N	678	619	2017-03-09 20:48:12.00772	2017-03-09 20:51:37.689844
553	\N	\N	\N	696	300	2017-03-09 20:48:12.022372	2017-03-09 20:51:37.704668
124	\N	241	105	125	436	2017-02-18 04:45:01	2017-03-26 12:23:46.995875
165	\N	292	184	258	440	2017-02-18 04:45:01	2017-03-26 12:23:47.319675
325	\N	294	275	239	123	2017-02-20 22:02:40.283407	2017-03-26 12:23:47.332879
\.


--
-- Name: player_rankings_id_seq; Type: SEQUENCE SET; Schema: public; Owner: Home
--

SELECT pg_catalog.setval('player_rankings_id_seq', 557, true);


--
-- Data for Name: players; Type: TABLE DATA; Schema: public; Owner: Home
--

COPY players (id, first_name, last_name, birthday, created_at, updated_at, avail, batter, owner_id, starter) FROM stdin;
11	David	Ortiz	1975-11-18	2017-02-11 10:37:20	2017-02-26 16:57:53.534301	f	t	\N	f
43	Ian	Kinsler	1982-06-22	2017-02-11 10:37:20	2017-03-05 21:24:12.571143	f	t	9	t
100	Wil	Myers	1990-12-10	2017-02-11 10:37:20	2017-03-05 21:27:11.047954	f	t	11	t
57	Yoenis	Cespedes	1985-10-18	2017-02-11 10:37:20	2017-03-01 15:14:25.113086	f	t	8	t
25	Adrian	Beltre	1979-04-07	2017-02-11 10:37:20	2017-02-26 17:50:27.482337	f	t	8	t
37	Kris	Bryant	1992-01-04	2017-02-11 10:37:20	2017-03-05 21:27:15.337295	f	t	11	t
91	Kendrys	Morales	1983-06-20	2017-02-11 10:37:20	2017-03-05 21:33:43.248006	f	t	13	t
65	Brandon	Crawford	1987-01-21	2017-02-11 10:37:20	2017-03-14 15:15:34.12435	t	t	\N	f
68	Evan	Longoria	1985-10-07	2017-02-11 10:37:20	2017-03-25 12:29:54.195236	t	t	\N	f
21	J.T.	Realmuto	1991-03-18	2017-02-11 10:37:20	2017-03-04 01:49:56.346089	t	t	\N	f
46	Nelson	Cruz	1980-07-01	2017-02-11 10:37:20	2017-03-05 21:25:07.949586	f	t	10	t
19	Martin	Prado	1983-10-27	2017-02-11 10:37:20	2017-02-26 16:57:54.440979	t	t	\N	f
31	Carlos	Beltran	1977-04-24	2017-02-11 10:37:20	2017-03-14 15:18:38.957726	t	t	\N	f
50	Jonathan	Villar	1991-05-02	2017-02-11 10:37:20	2017-03-05 21:23:21.368038	f	t	7	t
35	Manny	Machado	1992-07-06	2017-02-11 10:37:20	2017-03-04 01:54:47.575235	f	t	14	t
24	Francisco	Lindor	1993-11-14	2017-02-11 10:37:20	2017-03-01 15:14:27.639564	f	t	8	t
6	Jean	Segura	1990-03-17	2017-02-07 09:39:00	2017-03-05 21:24:16.393169	f	t	9	t
18	Ryan	Braun	1983-11-17	2017-02-11 10:37:20	2017-03-05 21:23:26.30792	f	t	7	t
87	Marcell	Ozuna	1990-11-12	2017-02-11 10:37:20	2017-03-25 12:18:13.818653	t	t	\N	f
32	Nolan	Arenado	1991-04-16	2017-02-11 10:37:20	2017-02-28 20:40:44.823642	f	t	6	t
77	Anthony	Rendon	1990-06-06	2017-02-11 10:37:20	2017-03-25 12:29:38.647847	t	t	\N	f
66	Carlos	Correa	1994-09-22	2017-02-11 10:37:20	2017-02-28 20:40:14.768132	f	t	6	t
1	DJ	LeMahieu	1988-07-13	2017-02-07 09:39:00	2017-03-05 21:33:08.550577	f	t	13	t
34	Cesar	Hernandez	1990-05-23	2017-02-11 10:37:20	2017-02-26 16:57:54.507359	t	t	\N	f
26	Carlos	Gonzalez	1985-10-17	2017-02-11 10:37:20	2017-03-05 21:24:25.929889	f	t	9	t
88	Nomar	Mazara	1995-04-26	2017-02-11 10:37:20	2017-03-25 12:27:56.957747	t	t	\N	f
15	Yadier	Molina	1982-07-13	2017-02-11 10:37:20	2017-03-25 12:21:05.419657	t	t	\N	f
48	Odubel	Herrera	1991-12-29	2017-02-11 10:37:20	2017-03-06 23:05:01.404342	t	t	\N	f
40	Ender	Inciarte	1990-10-29	2017-02-11 10:37:20	2017-02-26 16:57:54.53217	t	t	\N	f
23	Freddie	Freeman	1989-09-12	2017-02-11 10:37:20	2017-03-04 01:54:43.632316	f	t	14	t
54	Josh	Donaldson	1985-12-08	2017-02-11 10:37:20	2017-02-28 19:58:52.521445	f	t	7	t
83	Jonathan	Schoop	1991-10-16	2017-02-11 10:37:20	2017-03-14 01:03:36.900435	t	t	\N	t
59	Angel	Pagan	1981-07-02	2017-02-11 10:37:20	2017-03-07 22:00:07.030425	t	t	\N	f
14	Corey	Seager	1994-04-27	2017-02-11 10:37:20	2017-02-28 19:59:02.058519	f	t	7	t
33	Xander	Bogaerts	1992-10-01	2017-02-11 10:37:20	2017-03-05 21:32:00.499477	f	t	12	t
53	Adam	Eaton	1988-12-06	2017-02-11 10:37:20	2017-03-25 12:14:57.577115	t	t	\N	f
28	Christian	Yelich	1991-12-05	2017-02-11 10:37:20	2017-03-04 01:55:00.122781	f	t	14	t
47	Danny	Valencia	1984-09-19	2017-02-11 10:37:20	2017-03-04 01:52:18.392813	t	t	\N	f
27	Robinson	Cano	1982-10-22	2017-02-11 10:37:20	2017-02-28 19:59:04.218784	f	t	7	t
55	Josh	Harrison	1987-07-08	2017-02-11 10:37:20	2017-02-26 16:57:54.587722	t	t	\N	f
74	Kole	Calhoun	1987-10-14	2017-02-11 10:37:20	2017-03-14 01:05:00.750156	t	t	\N	f
62	Jason	Kipnis	1987-04-03	2017-02-11 10:37:20	2017-03-25 12:13:57.514091	t	t	\N	f
9	Miguel	Cabrera	1983-04-08	2017-02-07 09:39:00	2017-02-26 17:32:02.635611	f	t	8	t
61	Didi	Gregorius	1990-02-18	2017-02-11 10:37:20	2017-02-26 16:57:54.610702	t	t	\N	f
60	Dexter	Fowler	1986-03-22	2017-02-11 10:37:20	2017-03-01 20:53:03.258843	t	t	\N	t
64	Brandon	Belt	1988-04-20	2017-02-11 10:37:20	2017-02-26 16:57:54.624197	t	t	\N	f
29	Paul	Goldschmidt	1987-09-10	2017-02-11 10:37:20	2017-02-28 20:40:46.911583	f	t	6	t
73	Rougned	Odor	1994-02-03	2017-02-11 10:37:20	2017-02-28 20:40:51.931098	f	t	6	t
67	Cheslor	Cuthbert	1992-11-16	2017-02-11 10:37:20	2017-02-26 16:57:54.635583	t	t	\N	f
56	Asdrubal	Cabrera	1985-11-13	2017-02-11 10:37:20	2017-03-01 14:05:57.829563	t	t	\N	f
70	Adonis	Garcia	1985-04-12	2017-02-11 10:37:20	2017-02-26 16:57:54.645682	t	t	\N	f
13	Starling	Marte	1988-10-09	2017-02-11 10:37:20	2017-03-16 12:13:24.971736	f	t	7	t
45	Eduardo	Nunez	1987-06-15	2017-02-11 10:37:20	2017-03-01 20:42:19.946333	t	t	\N	f
76	Starlin	Castro	1990-03-24	2017-02-11 10:37:20	2017-03-04 01:57:24.942397	t	t	\N	f
22	Elvis	Andrus	1988-08-26	2017-02-11 10:37:20	2017-03-04 01:56:27.097157	t	t	\N	f
80	Albert	Pujols	1980-01-16	2017-02-11 10:37:20	2017-03-14 00:53:19.808116	t	t	\N	f
78	Nick	Markakis	1983-11-17	2017-02-11 10:37:20	2017-02-26 16:57:54.685933	t	t	\N	f
99	Carlos	Santana	1986-04-08	2017-02-11 10:37:20	2017-03-24 12:32:58.295407	f	t	12	t
72	Ben	Zobrist	1981-05-26	2017-02-11 10:37:20	2017-03-01 20:49:39.258057	t	t	\N	t
635	Alex	Cobb	1987-10-07	2017-02-20 05:56:56	2017-03-08 13:17:37.906549	t	f	\N	f
84	Kevin	Pillar	1989-01-04	2017-02-11 10:37:20	2017-02-26 16:57:54.71201	t	t	\N	f
86	Denard	Span	1984-02-27	2017-02-11 10:37:20	2017-02-26 16:57:54.716409	t	t	\N	f
16	Wilson	Ramos	1987-08-10	2017-02-11 10:37:20	2017-03-01 14:07:06.962758	t	t	\N	f
58	Kyle	Seager	1987-11-03	2017-02-11 10:37:20	2017-02-26 17:53:37.478899	f	t	5	t
89	Adam	Jones	1985-08-01	2017-02-11 10:37:20	2017-02-26 17:53:46.931088	f	t	5	t
79	Brian	Dozier	1987-05-15	2017-02-11 10:37:20	2017-03-01 18:10:15.911815	f	t	10	t
30	Melky	Cabrera	1984-08-11	2017-02-11 10:37:20	2017-03-04 01:58:04.500898	t	t	\N	f
93	Scooter	Gennett	1990-05-01	2017-02-11 10:37:20	2017-02-26 16:57:54.741798	t	t	\N	f
63	Justin	Turner	1984-11-23	2017-02-11 10:37:20	2017-03-24 17:59:20.963033	f	t	12	t
95	Brett	Gardner	1983-08-24	2017-02-11 10:37:20	2017-02-26 16:57:54.749505	t	t	\N	f
96	Joe	Mauer	1983-04-19	2017-02-11 10:37:20	2017-02-26 16:57:54.754197	t	t	\N	f
38	Jonathan	Lucroy	1986-06-13	2017-02-11 10:37:20	2017-03-15 18:28:21.926235	f	t	8	t
3	Jose	Altuve	1990-05-06	2017-02-07 09:39:00	2017-03-16 12:42:15.483009	f	t	5	t
71	Yasmany	Tomas	1990-11-14	2017-02-11 10:37:20	2017-03-01 20:43:07.549547	t	t	\N	f
36	Jose	Abreu	1987-01-29	2017-02-11 10:37:20	2017-03-21 17:01:54.875675	f	t	7	t
98	Alcides	Escobar	1986-12-16	2017-02-11 10:37:20	2017-02-26 16:57:54.763377	t	t	\N	f
51	Adrian	Gonzalez	1982-05-08	2017-02-11 10:37:20	2017-03-06 23:18:12.773609	t	t	\N	f
75	Matt	Carpenter	1985-11-26	2017-02-11 10:37:20	2017-03-18 19:02:39.359756	f	t	11	t
92	Jacoby	Ellsbury	1983-09-11	2017-02-11 10:37:20	2017-03-11 15:42:39.669817	t	t	\N	f
101	Gregory	Polanco	1991-09-14	2017-02-11 10:37:20	2017-03-18 22:54:04.053209	f	t	6	t
102	Jordy	Mercer	1986-08-27	2017-02-11 10:37:20	2017-02-26 16:57:54.777974	t	t	\N	f
49	Hanley	Ramirez	1983-12-23	2017-02-11 10:37:20	2017-03-18 22:54:10.854489	t	t	\N	f
81	Matt	Kemp	1984-09-23	2017-02-11 10:37:20	2017-03-21 11:21:16.283698	f	t	13	t
44	Buster	Posey	1987-03-27	2017-02-11 10:37:20	2017-03-21 17:01:44.248036	f	t	9	t
39	Anthony	Rizzo	1989-08-08	2017-02-11 10:37:20	2017-02-26 17:50:14.90023	f	t	8	t
2	Daniel	Murphy	1985-04-01	2017-02-07 09:39:00	2017-03-23 12:16:14.445521	f	t	8	t
94	Edwin	Encarnacion	1983-01-07	2017-02-11 10:37:20	2017-03-24 12:31:39.212625	f	t	5	t
17	J.D.	Martinez	1987-08-21	2017-02-11 10:37:20	2017-03-24 12:42:43.289061	f	t	5	t
52	Ian	Desmond	1985-09-20	2017-02-11 10:37:20	2017-03-25 12:10:29.327771	t	t	\N	f
8	Dustin	Pedroia	1983-08-17	2017-02-07 09:39:00	2017-03-25 12:23:38.501248	t	t	\N	f
154	Max	Scherzer	1984-07-27	2017-02-12 06:00:56	2017-02-28 20:39:48.912345	f	f	6	t
116	Jay	Bruce	1987-04-03	2017-02-11 10:37:20	2017-03-14 15:28:09.427822	t	t	\N	f
207	Adam	Wainwright	1981-08-30	2017-02-12 06:00:56	2017-03-14 01:05:27.107502	t	f	\N	f
125	Bryce	Harper	1992-10-16	2017-02-11 10:37:20	2017-03-15 23:10:27.072003	f	t	6	t
159	Jake	Arrieta	1986-03-06	2017-02-12 06:00:56	2017-02-28 20:39:56.572755	f	f	6	t
645	Greg	Bird	1992-11-09	2017-03-08 14:44:03.558989	2017-03-08 14:44:03.558989	t	t	\N	f
196	Marcus	Stroman	1991-05-01	2017-02-12 06:00:56	2017-03-23 12:13:53.895903	f	f	12	t
104	Andrew	McCutchen	1986-10-10	2017-02-11 10:37:20	2017-03-05 21:23:29.155574	f	t	7	t
191	Hisashi	Iwakuma	1981-04-12	2017-02-12 06:00:56	2017-02-28 22:15:16.346634	t	f	\N	f
181	Jeff	Samardzija	1985-01-23	2017-02-12 06:00:56	2017-03-11 15:43:18.145205	t	f	\N	f
140	Russell	Martin	1983-02-15	2017-02-11 10:37:20	2017-03-08 13:17:14.326082	t	t	\N	f
205	Jon	Gray	1991-11-05	2017-02-12 06:00:56	2017-03-08 13:18:22.451047	t	f	\N	f
170	Bartolo	Colon	1973-05-24	2017-02-12 06:00:56	2017-03-11 15:42:25.301064	t	f	\N	f
193	Trevor	Bauer	1991-01-17	2017-02-12 06:00:56	2017-03-01 20:51:13.55554	t	f	\N	t
182	Jason	Hammel	1982-09-02	2017-02-12 06:00:56	2017-03-11 15:43:01.958644	t	f	\N	f
195	Collin	McHugh	1987-06-19	2017-02-12 06:00:56	2017-03-11 15:42:07.625406	t	f	\N	f
160	Corey	Kluber	1986-04-10	2017-02-12 06:00:56	2017-03-01 15:07:44.742182	f	f	8	t
150	Madison	Bumgarner	1989-08-01	2017-02-12 06:00:56	2017-03-16 12:47:10.254417	f	f	9	t
148	Jon	Lester	1984-01-07	2017-02-12 06:00:56	2017-03-04 01:55:12.877455	f	f	14	t
105	Jose	Iglesias	1990-01-05	2017-02-11 10:37:20	2017-02-26 16:57:54.841833	t	t	\N	f
147	Kyle	Hendricks	1989-12-07	2017-02-12 06:00:56	2017-02-28 20:42:04.782098	f	f	6	t
107	Howie	Kendrick	1983-07-12	2017-02-11 10:37:20	2017-02-26 16:57:54.855796	t	t	\N	f
135	Marcus	Semien	1990-09-17	2017-02-11 10:37:20	2017-03-04 01:50:43.292358	t	t	\N	f
109	Troy	Tulowitzki	1984-10-10	2017-02-11 10:37:20	2017-02-28 22:13:28.562885	t	t	\N	f
110	Yonder	Alonso	1987-04-08	2017-02-11 10:37:20	2017-02-26 16:57:54.863841	t	t	\N	f
113	Chase	Utley	1978-12-17	2017-02-11 10:37:20	2017-02-26 16:57:54.870758	t	t	\N	f
198	Josh	Tomlin	1984-10-19	2017-02-12 06:00:56	2017-03-11 15:41:33.110524	t	f	\N	f
115	Chase	Headley	1984-05-09	2017-02-11 10:37:20	2017-02-26 16:57:54.878274	t	t	\N	f
132	Mike	Napoli	1981-10-31	2017-02-11 10:37:20	2017-03-06 23:04:44.538409	t	t	\N	f
152	Tanner	Roark	1986-10-05	2017-02-12 06:00:56	2017-03-25 12:28:42.692464	f	f	13	t
174	Kevin	Gausman	1991-01-06	2017-02-12 06:00:56	2017-03-14 15:16:56.048625	t	f	\N	f
167	Chris	Sale	1989-03-30	2017-02-12 06:00:56	2017-02-28 21:02:41.603382	f	f	5	t
119	Leonys	Martin	1988-03-06	2017-02-11 10:37:20	2017-02-26 16:57:54.900133	t	t	\N	f
123	Corey	Dickerson	1989-05-22	2017-02-11 10:37:20	2017-02-26 16:57:54.944671	t	t	\N	f
189	Matt	Moore	1989-06-18	2017-02-12 06:00:56	2017-02-28 22:14:45.551654	t	f	\N	f
164	Julio	Teheran	1991-01-27	2017-02-12 06:00:56	2017-02-28 22:16:20.360191	t	f	\N	f
158	Masahiro	Tanaka	1988-11-01	2017-02-12 06:00:56	2017-02-28 22:17:04.115768	t	f	\N	f
114	Stephen	Vogt	1984-11-01	2017-02-11 10:37:20	2017-03-01 14:05:43.530118	t	t	\N	f
126	Brad	Miller	1989-10-18	2017-02-11 10:37:20	2017-02-26 16:57:55.089023	t	t	\N	f
129	Adam	Duvall	1988-09-04	2017-02-11 10:37:20	2017-03-01 20:42:40.046108	t	t	\N	f
128	Freddy	Galvis	1989-11-14	2017-02-11 10:37:20	2017-02-26 16:57:55.117357	t	t	\N	f
194	Tom	Koehler	1986-06-29	2017-02-12 06:00:56	2017-03-01 20:50:56.257344	t	f	\N	t
166	Drew	Pomeranz	1988-11-22	2017-02-12 06:00:56	2017-03-06 23:12:21.355589	t	f	\N	f
177	Jake	Odorizzi	1990-03-27	2017-02-12 06:00:56	2017-03-04 01:54:09.376878	t	f	\N	f
467	Sandy	Leon	1989-03-13	2017-02-17 14:38:47	2017-03-25 12:19:36.589234	t	t	\N	f
130	Alexei	Ramirez	1981-09-22	2017-02-11 10:37:20	2017-02-26 16:57:55.12974	t	t	\N	f
156	Carlos	Martinez	1991-09-21	2017-02-12 06:00:56	2017-03-04 01:55:13.993546	f	f	14	t
131	Joe	Panik	1990-10-30	2017-02-11 10:37:20	2017-02-26 16:57:55.134731	t	t	\N	f
134	Melvin	Upton	1984-08-21	2017-02-11 10:37:20	2017-02-26 16:57:55.143346	t	t	\N	f
187	Chris	Archer	1988-09-26	2017-02-12 06:00:56	2017-03-04 01:55:17.777411	f	f	14	t
120	Salvador	Perez	1990-05-10	2017-02-11 10:37:20	2017-03-04 01:56:40.381369	t	t	\N	f
176	Ian	Kennedy	1984-12-19	2017-02-12 06:00:56	2017-03-07 22:00:55.164663	t	f	\N	f
136	Curtis	Granderson	1981-03-16	2017-02-11 10:37:20	2017-02-26 16:57:55.152651	t	t	\N	f
180	Chris	Tillman	1988-04-15	2017-02-12 06:00:56	2017-03-04 02:01:07.747627	t	f	\N	f
151	Johnny	Cueto	1986-02-15	2017-02-12 06:00:56	2017-03-05 21:25:23.086687	f	f	10	t
137	Adeiny	Hechavarria	1989-04-15	2017-02-11 10:37:20	2017-02-26 16:57:55.15809	t	t	\N	f
144	Chris	Davis	1986-03-17	2017-02-11 10:37:20	2017-03-05 21:28:07.110873	f	t	11	t
157	Justin	Verlander	1983-02-20	2017-02-12 06:00:56	2017-03-05 21:32:15.229376	f	f	12	t
165	Cole	Hamels	1983-12-27	2017-02-12 06:00:56	2017-03-05 21:33:27.88267	f	f	13	t
118	Eugenio	Suarez	1991-07-18	2017-02-11 10:37:20	2017-03-11 15:40:17.628484	t	t	\N	f
139	Mitch	Moreland	1985-09-06	2017-02-11 10:37:20	2017-02-26 16:57:55.166685	t	t	\N	f
203	Dallas	Keuchel	1988-01-01	2017-02-12 06:00:56	2017-03-06 23:13:45.110515	t	f	\N	f
127	Travis	Shaw	1990-04-16	2017-02-11 10:37:20	2017-03-07 21:59:50.589555	t	t	\N	f
175	Jerad	Eickhoff	1990-07-02	2017-02-12 06:00:56	2017-03-08 13:18:04.862399	t	f	\N	f
161	Rick	Porcello	1988-12-27	2017-02-12 06:00:56	2017-03-14 00:21:21.949982	f	f	10	t
145	Alex	Gordon	1984-02-10	2017-02-11 10:37:20	2017-02-26 16:57:55.211803	t	t	\N	f
146	Danny	Espinosa	1987-04-25	2017-02-11 10:37:20	2017-02-26 16:57:55.21734	t	t	\N	f
155	Aaron	Sanchez	1992-07-01	2017-02-12 06:00:56	2017-03-14 00:39:24.996619	t	f	\N	t
138	Jose	Bautista	1980-10-19	2017-02-11 10:37:20	2017-03-14 15:14:50.283424	t	t	\N	f
186	David	Price	1985-08-26	2017-02-12 06:00:56	2017-03-22 13:04:40.110389	f	f	5	t
10	Mike	Trout	1991-08-07	2017-02-07 09:39:00	2017-03-16 13:07:33.030495	f	t	9	t
122	Justin	Upton	1987-08-25	2017-02-11 10:37:20	2017-03-17 12:27:44.213425	t	t	\N	f
141	Jason	Heyward	1989-08-09	2017-02-11 10:37:20	2017-03-17 12:30:29.675591	t	t	\N	f
121	Khris	Davis	1987-12-21	2017-02-11 10:37:20	2017-03-20 11:18:43.365854	f	t	5	t
143	Chris	Carter	1986-12-18	2017-02-11 10:37:20	2017-03-25 12:21:27.154487	t	t	\N	f
142	Todd	Frazier	1986-02-12	2017-02-11 10:37:20	2017-03-25 12:14:22.331269	t	t	\N	f
162	J.A.	Happ	1982-10-19	2017-02-12 06:00:56	2017-03-25 12:26:31.343531	t	f	\N	f
179	Dan	Straily	1988-12-01	2017-02-12 06:00:56	2017-02-26 16:57:55.381438	t	f	\N	f
184	Zach	Davies	1993-02-07	2017-02-12 06:00:56	2017-02-26 16:57:55.402404	t	f	\N	f
185	Brandon	Finnegan	1993-04-14	2017-02-12 06:00:56	2017-02-26 16:57:55.405746	t	f	\N	f
183	CC	Sabathia	1980-07-21	2017-02-12 06:00:56	2017-02-26 16:57:55.399048	t	f	\N	f
200	Yordano	Ventura	1991-06-03	2017-02-12 06:00:56	2017-02-26 16:57:55.436607	t	f	\N	f
192	Ivan	Nova	1987-01-12	2017-02-12 06:00:56	2017-02-26 16:57:55.420315	t	f	\N	f
201	R.A.	Dickey	1974-10-29	2017-02-12 06:00:56	2017-02-26 16:57:55.441958	t	f	\N	f
202	Mike	Fiers	1985-06-15	2017-02-12 06:00:56	2017-02-26 16:57:55.466302	t	f	\N	f
204	Gio	Gonzalez	1985-09-19	2017-02-12 06:00:56	2017-02-26 16:57:55.474656	t	f	\N	f
206	Jimmy	Nelson	1989-06-05	2017-02-12 06:00:56	2017-02-26 16:57:55.47893	t	f	\N	f
197	Martin	Perez	1991-04-04	2017-02-12 06:00:56	2017-02-26 16:57:55.427483	t	f	\N	f
171	Marco	Estrada	1983-07-05	2017-02-12 06:00:56	2017-02-27 14:41:24.740734	t	f	\N	f
111	Michael	Saunders	1986-11-19	2017-02-11 10:37:20	2017-03-07 21:59:17.742511	t	t	\N	f
280	Nate	Jones	1986-01-28	2017-02-14 09:59:57	2017-03-04 01:51:34.861307	t	f	\N	f
258	Kelvin	Herrera	1989-12-31	2017-02-14 09:59:57	2017-03-01 20:52:01.583924	t	f	\N	t
224	Kenley	Jansen	1987-09-30	2017-02-14 09:59:57	2017-02-28 20:39:44.664278	f	f	6	t
232	Roberto	Osuna	1995-02-07	2017-02-14 09:59:57	2017-03-01 20:54:33.408258	t	f	\N	t
168	John	Lackey	1978-10-23	2017-02-12 06:00:56	2017-03-14 15:20:29.483068	t	f	\N	f
242	Jim	Johnson	1983-06-27	2017-02-14 09:59:57	2017-03-01 14:04:44.841262	t	f	\N	t
256	Andrew	Miller	1985-05-21	2017-02-14 09:59:57	2017-03-16 14:11:52.825991	f	f	5	t
210	Mike	Leake	1987-11-12	2017-02-12 06:00:56	2017-02-26 16:57:55.528296	t	f	\N	f
211	Francisco	Liriano	1983-10-26	2017-02-12 06:00:56	2017-02-26 16:57:55.533056	t	f	\N	f
212	Hector	Santiago	1987-12-16	2017-02-12 06:00:56	2017-02-26 16:57:55.537961	t	f	\N	f
213	Chad	Bettis	1989-04-26	2017-02-12 06:00:56	2017-02-26 16:57:55.542659	t	f	\N	f
230	Jeanmar	Gomez	1988-02-10	2017-02-14 09:59:57	2017-03-04 01:58:58.984031	t	f	\N	f
82	Jackie	Bradley	1990-04-19	2017-02-11 10:37:20	2017-03-27 12:21:16.159417	t	t	\N	f
275	Sergio	Romo	1983-03-04	2017-02-14 09:59:57	2017-02-26 16:57:55.556174	f	f	9	f
220	James	Shields	1981-12-20	2017-02-12 06:00:56	2017-02-26 16:57:55.563789	t	f	\N	f
236	Ryan	Madson	1980-08-28	2017-02-14 09:59:57	2017-03-08 13:18:39.356944	t	f	\N	f
172	Kenta	Maeda	1988-04-11	2017-02-12 06:00:56	2017-03-21 11:58:48.65759	f	f	13	t
223	Mark	Melancon	1985-03-28	2017-02-14 09:59:57	2017-03-24 12:32:08.390082	f	f	10	t
647	Cody	Bellinger	1995-07-13	2017-03-21 12:49:38.216568	2017-03-21 12:49:38.216568	t	f	\N	\N
214	Michael	Pineda	1989-01-18	2017-02-12 06:00:56	2017-03-06 23:05:26.777004	t	f	\N	f
228	Alex	Colome	1988-12-31	2017-02-14 09:59:57	2017-02-28 22:16:01.33138	t	f	\N	f
257	Will	Harris	1984-08-28	2017-02-14 09:59:57	2017-03-01 14:03:24.020579	t	f	\N	t
245	Edwin	Diaz	1994-03-22	2017-02-14 09:59:57	2017-03-23 12:08:00.503988	f	f	5	t
149	Noah	Syndergaard	1992-08-29	2017-02-12 06:00:56	2017-03-01 15:07:45.955513	f	f	8	t
259	Dellin	Betances	1988-03-23	2017-02-14 09:59:57	2017-03-24 12:30:55.120992	f	f	11	t
4	Joey	Votto	1983-09-10	2017-02-07 09:39:00	2017-03-24 12:31:51.46436	f	t	10	t
243	Seung	Hwan	1982-07-15	2017-02-14 09:59:57	2017-03-24 12:38:28.301781	f	f	12	t
268	Raisel	Iglesias	1990-01-04	2017-02-14 09:59:57	2017-03-01 20:46:02.739961	t	f	\N	f
234	Craig	Kimbrel	1988-05-28	2017-02-14 09:59:57	2017-03-24 18:02:56.240943	f	f	9	t
240	Fernando	Rodney	1977-03-18	2017-02-14 09:59:57	2017-03-24 18:03:10.623748	t	f	\N	f
90	Logan	Forsythe	1987-01-14	2017-02-11 10:37:20	2017-03-01 20:50:27.710085	t	t	\N	t
254	Tyler	Thornburg	1988-09-29	2017-02-14 09:59:57	2017-03-04 01:51:48.050009	t	f	\N	f
215	Drew	Smyly	1989-06-13	2017-02-12 06:00:56	2017-03-04 01:52:37.420701	t	f	\N	f
251	Ken	Giles	1990-09-20	2017-02-14 09:59:57	2017-03-25 12:18:42.451465	f	f	11	t
235	Santiago	Casilla	1980-07-25	2017-02-14 09:59:57	2017-03-04 01:58:25.053591	t	f	\N	f
5	Charlie	Blackmon	1986-07-01	2017-02-07 09:39:00	2017-03-05 21:24:20.184214	f	t	9	t
222	Zach	Britton	1987-12-22	2017-02-14 09:59:57	2017-03-05 21:24:37.093875	f	f	9	t
97	George	Springer	1989-09-19	2017-02-11 10:37:20	2017-03-05 21:27:31.183969	f	t	11	t
20	Yunel	Escobar	1982-11-02	2017-02-11 10:37:20	2017-02-26 16:57:54.446366	t	t	\N	f
237	Wade	Davis	1985-09-07	2017-02-14 09:59:57	2017-03-05 21:32:30.145229	f	f	12	t
41	Brandon	Phillips	1981-06-28	2017-02-11 10:37:20	2017-02-26 16:57:54.535389	t	t	\N	f
133	Addison	Russell	1994-01-23	2017-02-11 10:37:20	2017-03-25 12:20:08.324306	t	t	\N	f
85	Eric	Hosmer	1989-10-24	2017-02-11 10:37:20	2017-03-05 21:33:21.477331	f	t	13	t
266	Koji	Uehara	1975-04-03	2017-02-14 09:59:57	2017-03-14 01:04:22.879123	t	f	\N	f
188	Carlos	Rodon	1992-12-10	2017-02-12 06:00:56	2017-03-06 23:06:23.133298	t	f	\N	f
226	A.J.	Ramos	1986-09-20	2017-02-14 09:59:57	2017-03-06 23:12:01.373049	t	f	\N	t
286	Darren	O'Day	1982-10-22	2017-02-14 09:59:57	2017-03-08 13:18:53.96222	t	f	\N	f
246	Hector	Rondon	1988-02-26	2017-02-14 09:59:57	2017-03-08 13:19:11.963739	t	f	\N	f
241	Brad	Ziegler	1979-10-10	2017-02-14 09:59:57	2017-03-11 15:41:19.058899	t	f	\N	f
229	David	Robertson	1985-04-09	2017-02-14 09:59:57	2017-03-11 15:41:51.2657	t	f	\N	t
42	Victor	Martinez	1978-12-23	2017-02-11 10:37:20	2017-03-14 01:06:08.437101	t	t	\N	f
269	Mauricio	Cabrera	1993-09-22	2017-02-14 09:59:57	2017-03-14 01:07:04.113346	t	f	\N	f
225	Francisco	Rodriguez	1982-01-07	2017-02-14 09:59:57	2017-03-14 14:29:24.881814	t	f	\N	t
190	Kendall	Graveman	1990-12-21	2017-02-12 06:00:56	2017-02-26 16:57:55.517152	t	f	\N	f
208	Doug	Fister	1984-02-04	2017-02-12 06:00:56	2017-02-26 16:57:55.520682	t	f	\N	f
216	Robbie	Ray	1991-10-01	2017-02-12 06:00:56	2017-02-26 16:57:55.552729	t	f	\N	f
238	Jeremy	Jeffress	1987-09-21	2017-02-14 09:59:57	2017-02-26 16:57:55.606226	t	f	\N	f
217	Jered	Weaver	1982-10-04	2017-02-12 06:00:56	2017-02-26 16:57:55.616608	f	f	10	f
247	Brandon	Kintzler	1984-08-01	2017-02-14 09:59:57	2017-02-26 16:57:55.620328	t	f	\N	f
248	Tony	Cingrani	1989-07-05	2017-02-14 09:59:57	2017-02-26 16:57:55.62499	t	f	\N	f
239	Steve	Cishek	1986-06-18	2017-02-14 09:59:57	2017-02-26 16:57:55.629237	f	f	8	f
250	Luke	Gregerson	1984-05-14	2017-02-14 09:59:57	2017-02-26 16:57:55.633621	t	f	\N	f
218	Wade	Miley	1986-11-13	2017-02-12 06:00:56	2017-02-26 16:57:55.636882	f	f	9	f
252	Jake	McGee	1986-08-06	2017-02-14 09:59:57	2017-02-26 16:57:55.640454	t	f	\N	f
255	Brandon	Maurer	1990-07-03	2017-02-14 09:59:57	2017-02-26 16:57:55.648201	t	f	\N	f
260	Carlos	Estevez	1992-12-28	2017-02-14 09:59:57	2017-02-26 16:57:55.651558	t	f	\N	f
261	Shawn	Tolleson	1988-01-19	2017-02-14 09:59:57	2017-02-26 16:57:55.654819	t	f	\N	f
262	Arodys	Vizcaino	1990-11-13	2017-02-14 09:59:57	2017-02-26 16:57:55.658146	t	f	\N	f
263	Huston	Street	1983-08-02	2017-02-14 09:59:57	2017-02-26 16:57:55.661476	t	f	\N	f
264	Shawn	Kelley	1984-04-26	2017-02-14 09:59:57	2017-02-26 16:57:55.664936	t	f	\N	f
270	Joe	Smith	1984-03-22	2017-02-14 09:59:57	2017-02-26 16:57:55.681675	t	f	\N	f
271	Fernando	Salas	1985-05-30	2017-02-14 09:59:57	2017-02-26 16:57:55.68545	t	f	\N	f
272	Andrew	Bailey	1984-05-31	2017-02-14 09:59:57	2017-02-26 16:57:55.688904	t	f	\N	f
273	Daniel	Hudson	1987-03-09	2017-02-14 09:59:57	2017-02-26 16:57:55.693419	t	f	\N	f
276	Sean	Doolittle	1986-09-26	2017-02-14 09:59:57	2017-02-26 16:57:55.697934	t	f	\N	f
277	Jake	Diekman	1987-01-21	2017-02-14 09:59:57	2017-02-26 16:57:55.72675	t	f	\N	f
279	Jason	Grilli	1976-11-11	2017-02-14 09:59:57	2017-02-26 16:57:55.734201	t	f	\N	f
281	Ryan	Dull	1989-10-02	2017-02-14 09:59:57	2017-02-26 16:57:55.737708	t	f	\N	f
282	Kevin	Siegrist	1989-07-20	2017-02-14 09:59:57	2017-02-26 16:57:55.745646	t	f	\N	f
283	Hunter	Strickland	1988-09-24	2017-02-14 09:59:57	2017-02-26 16:57:55.749105	t	f	\N	f
284	Tyler	Clippard	1985-02-14	2017-02-14 09:59:57	2017-02-26 16:57:55.752393	t	f	\N	f
285	Nick	Vincent	1986-07-12	2017-02-14 09:59:57	2017-02-26 16:57:55.772871	t	f	\N	f
288	Cory	Gearrin	1986-04-14	2017-02-14 09:59:57	2017-02-26 16:57:55.781738	t	f	\N	f
289	Drew	Storen	1987-08-11	2017-02-14 09:59:57	2017-02-26 16:57:55.785072	t	f	\N	f
290	Brad	Brach	1986-04-12	2017-02-14 09:59:57	2017-02-26 16:57:55.788429	t	f	\N	f
291	Zach	Duke	1983-04-19	2017-02-14 09:59:57	2017-02-26 16:57:55.793106	t	f	\N	f
292	Hector	Neris	1989-06-14	2017-02-14 09:59:57	2017-02-26 16:57:55.796589	t	f	\N	f
265	Adam	Ottavino	1985-11-22	2017-02-14 09:59:57	2017-02-27 23:31:28.423554	t	f	\N	f
390	Evan	Gattis	1986-08-18	2017-02-14 15:40:29	2017-03-01 20:50:11.372245	t	t	\N	t
368	Trea	Turner	1993-06-30	2017-02-14 15:40:29	2017-03-05 21:27:27.571197	f	t	11	t
387	Joc	Pederson	1992-04-21	2017-02-14 15:40:29	2017-03-04 01:53:34.328141	t	t	\N	f
369	Giancarlo	Stanton	1989-11-08	2017-02-14 15:40:29	2017-03-20 01:23:31.494785	f	t	8	t
309	Addison	Reed	1988-12-27	2017-02-14 09:59:57	2017-02-28 22:14:30.168212	t	f	\N	f
397	Matt	Wieters	1986-05-21	2017-02-14 15:40:29	2017-03-01 14:05:28.474741	t	t	\N	t
375	Alex	Bregman	1994-03-30	2017-02-14 15:40:29	2017-03-01 18:10:18.645516	f	t	10	t
306	Cam	Bedrosian	1991-10-02	2017-02-14 09:59:57	2017-03-01 20:46:24.384868	t	f	\N	f
399	Carlos	Gomez	1985-12-04	2017-02-14 15:40:29	2017-03-01 20:49:19.921635	t	t	\N	t
169	Ervin	Santana	1982-12-12	2017-02-12 06:00:56	2017-03-04 01:58:36.254295	t	f	\N	f
371	A.J.	Pollock	1987-12-05	2017-02-14 15:40:29	2017-03-15 23:11:06.118938	f	t	7	t
308	Alex	Reyes	1994-08-29	2017-02-14 09:59:57	2017-03-14 15:08:00.095567	t	f	\N	f
377	Gary	Sanchez	1992-12-02	2017-02-14 15:40:29	2017-03-15 18:23:09.474234	f	t	7	t
294	Jerry	Blevins	1983-09-06	2017-02-14 09:59:57	2017-02-26 16:57:55.914509	t	f	\N	f
295	Neftali	Feliz	1988-05-02	2017-02-14 09:59:57	2017-02-26 16:57:55.91909	t	f	\N	f
296	Carl	Edwards	1991-09-03	2017-02-14 09:59:57	2017-02-26 16:57:55.922903	t	f	\N	f
297	Erasmo	Ramirez	1990-05-02	2017-02-14 09:59:57	2017-02-26 16:57:55.927215	t	f	\N	f
298	Wade	LeBlanc	1984-08-07	2017-02-14 09:59:57	2017-02-26 16:57:55.93105	t	f	\N	f
299	Kevin	Quackenbush	1988-11-28	2017-02-14 09:59:57	2017-02-26 16:57:55.949909	t	f	\N	f
300	Zach	Neal	1988-11-09	2017-02-14 09:59:57	2017-02-26 16:57:55.954887	t	f	\N	f
301	JC	Ramirez	1988-08-16	2017-02-14 09:59:57	2017-02-26 16:57:55.960368	t	f	\N	f
303	Corey	Knebel	1991-11-26	2017-02-14 09:59:57	2017-02-26 16:57:55.97168	t	f	\N	f
304	Michael	Mariot	1988-10-20	2017-02-14 09:59:57	2017-02-26 16:57:55.977055	t	f	\N	f
305	Shane	Greene	1988-11-17	2017-02-14 09:59:57	2017-02-26 16:57:55.980863	t	f	\N	f
307	Dan	Otero	1985-02-19	2017-02-14 09:59:57	2017-02-26 16:57:55.984588	t	f	\N	f
311	Dan	Jennings	1987-04-17	2017-02-14 09:59:57	2017-02-26 16:57:55.988007	t	f	\N	f
312	Derek	Law	1990-09-14	2017-02-14 09:59:57	2017-02-26 16:57:55.991295	t	f	\N	f
313	Chris	Devenski	1990-11-13	2017-02-14 09:59:57	2017-02-26 16:57:55.994864	t	f	\N	f
314	Blake	Treinen	1988-06-30	2017-02-14 09:59:57	2017-02-26 16:57:55.998201	t	f	\N	f
378	Miguel	Sano	1993-05-11	2017-02-14 15:40:29	2017-03-25 12:30:16.433223	t	t	\N	f
315	Matt	Bush	1986-02-08	2017-02-14 09:59:57	2017-02-26 16:57:56.00178	t	f	\N	f
317	Jacob	Barnes	1990-04-14	2017-02-14 09:59:57	2017-02-26 16:57:56.016645	t	f	\N	f
318	Joaquin	Benoit	1977-07-26	2017-02-14 09:59:57	2017-02-26 16:57:56.020111	t	f	\N	f
319	Dustin	McGowan	1982-03-24	2017-02-14 09:59:57	2017-02-26 16:57:56.024627	t	f	\N	f
320	Ryan	Buchter	1987-02-13	2017-02-14 09:59:57	2017-02-26 16:57:56.028304	t	f	\N	f
321	Brad	Hand	1990-03-20	2017-02-14 09:59:57	2017-02-26 16:57:56.031835	t	f	\N	f
380	Andrew	Benintendi	1994-07-06	2017-02-14 15:40:29	2017-03-16 13:31:07.17671	f	t	9	t
374	Kyle	Schwarber	1993-03-05	2017-02-14 15:40:29	2017-03-05 21:31:19.850598	f	t	11	t
322	Jared	Hughes	1985-07-04	2017-02-14 09:59:57	2017-02-26 16:57:56.035325	t	f	\N	f
323	Bryan	Morris	1987-03-28	2017-02-14 09:59:57	2017-02-26 16:57:56.039104	t	f	\N	f
324	Joe	Biagini	1990-05-29	2017-02-14 09:59:57	2017-02-26 16:57:56.042647	t	f	\N	f
326	Clayton	Richard	1983-09-12	2017-02-14 09:59:57	2017-02-26 16:57:56.049448	t	f	\N	f
327	Hansel	Robles	1990-08-13	2017-02-14 09:59:57	2017-02-26 16:57:56.088504	t	f	\N	f
328	Vance	Worley	1987-09-25	2017-02-14 09:59:57	2017-02-26 16:57:56.111618	t	f	\N	f
329	Arquimedes	Caminero	1987-06-16	2017-02-14 09:59:57	2017-02-26 16:57:56.116529	t	f	\N	f
330	Tommy	Layne	1984-11-02	2017-02-14 09:59:57	2017-02-26 16:57:56.121842	t	f	\N	f
331	A.J.	Schugel	1989-06-27	2017-02-14 09:59:57	2017-02-26 16:57:56.126401	t	f	\N	f
333	Boone	Logan	1984-08-13	2017-02-14 09:59:57	2017-02-26 16:57:56.134568	t	f	\N	f
334	Ryan	Pressly	1988-12-15	2017-02-14 09:59:57	2017-02-26 16:57:56.138495	t	f	\N	f
335	David	Hernandez	1985-05-13	2017-02-14 09:59:57	2017-02-26 16:57:56.143071	t	f	\N	f
336	Blaine	Boyer	1981-07-11	2017-02-14 09:59:57	2017-02-26 16:57:56.146348	t	f	\N	f
337	Blake	Wood	1985-08-08	2017-02-14 09:59:57	2017-02-26 16:57:56.14975	t	f	\N	f
338	Felix	Pena	1990-02-25	2017-02-14 09:59:57	2017-02-26 16:57:56.153334	t	f	\N	f
340	Joakim	Soria	1984-05-18	2017-02-14 09:59:57	2017-02-26 16:57:56.161097	t	f	\N	f
341	Matt	Barnes	1990-06-17	2017-02-14 09:59:57	2017-02-26 16:57:56.164538	t	f	\N	f
342	Felipe	Rivero	1991-07-05	2017-02-14 09:59:57	2017-02-26 16:57:56.168305	t	f	\N	f
343	Justin	Wilson	1987-08-18	2017-02-14 09:59:57	2017-02-26 16:57:56.173772	t	f	\N	f
344	Tanner	Scheppers	1987-01-17	2017-02-14 09:59:57	2017-02-26 16:57:56.17854	t	f	\N	f
347	Matt	Andriese	1989-08-28	2017-02-14 09:59:57	2017-02-26 16:57:56.189157	t	f	\N	f
348	Yusmeiro	Petit	1984-11-22	2017-02-14 09:59:57	2017-02-26 16:57:56.192952	t	f	\N	f
349	Blake	Parker	1985-06-19	2017-02-14 09:59:57	2017-02-26 16:57:56.197985	t	f	\N	f
350	Chad	Green	1991-05-24	2017-02-14 09:59:57	2017-02-26 16:57:56.202375	t	f	\N	f
351	Tony	Sipp	1983-07-12	2017-02-14 09:59:57	2017-02-26 16:57:56.206865	t	f	\N	f
352	Matt	Wisler	1992-09-12	2017-02-14 09:59:57	2017-02-26 16:57:56.211065	t	f	\N	f
354	Nathan	Karns	1987-11-25	2017-02-14 09:59:57	2017-02-26 16:57:56.22388	t	f	\N	f
355	Chasen	Shreve	1990-07-12	2017-02-14 09:59:57	2017-02-26 16:57:56.229193	t	f	\N	f
356	Scott	Oberg	1990-03-13	2017-02-14 09:59:57	2017-02-26 16:57:56.232791	t	f	\N	f
357	Gonzalez	Germen	1987-09-23	2017-02-14 09:59:57	2017-02-26 16:57:56.236275	t	f	\N	f
358	Ubaldo	Jimenez	1984-01-22	2017-02-14 09:59:57	2017-02-26 16:57:56.240015	t	f	\N	f
359	Enrique	Burgos	1990-11-23	2017-02-14 09:59:57	2017-02-26 16:57:56.244138	t	f	\N	f
361	Brett	Oberholtzer	1989-07-01	2017-02-14 09:59:57	2017-02-26 16:57:56.251926	t	f	\N	f
362	Enny	Romero	1991-01-24	2017-02-14 09:59:57	2017-02-26 16:57:56.255409	t	f	\N	f
363	Carlos	Villanueva	1983-11-28	2017-02-14 09:59:57	2017-02-26 16:57:56.258769	t	f	\N	f
364	Cesar	Ramos	1984-06-22	2017-02-14 09:59:57	2017-02-26 16:57:56.262542	t	f	\N	f
365	Jose	Urena	1991-09-12	2017-02-14 09:59:57	2017-02-26 16:57:56.267622	t	f	\N	f
366	Chris	Young	1979-05-25	2017-02-14 09:59:57	2017-02-26 16:57:56.27318	t	f	\N	f
383	Aledmys	Diaz	1990-08-01	2017-02-14 15:40:29	2017-03-16 13:15:19.351442	t	t	\N	f
379	Lorenzo	Cain	1986-04-13	2017-02-14 15:40:29	2017-03-16 13:21:20.726879	t	t	\N	f
310	Matt	Koch	1990-11-02	2017-02-14 09:59:57	2017-02-26 16:57:56.28919	f	f	6	f
384	Willson	Contreras	1992-05-13	2017-02-14 15:40:29	2017-02-26 16:57:56.292917	t	t	\N	f
385	Randal	Grichuk	1991-08-13	2017-02-14 15:40:29	2017-02-26 16:57:56.296417	t	t	\N	f
389	Jung	Ho Kang	1987-04-05	2017-02-14 15:40:29	2017-02-26 16:57:56.299881	t	t	\N	f
398	Mike	Moustakas	1988-09-11	2017-02-14 15:40:29	2017-02-26 16:57:56.307826	t	t	\N	f
373	Billy	Hamilton	1990-09-09	2017-02-14 15:40:29	2017-03-18 19:01:52.137346	f	t	13	t
382	David	Dahl	1994-04-01	2017-02-14 15:40:29	2017-03-25 12:19:48.920504	t	t	\N	f
386	Yasmani	Grandal	1988-11-08	2017-02-14 15:40:29	2017-03-27 12:20:38.220415	f	t	13	t
372	Dee	Gordon	1988-04-22	2017-02-14 15:40:29	2017-03-24 12:31:20.167221	f	t	11	t
396	Javier	Baez	1992-12-01	2017-02-14 15:40:29	2017-03-25 12:10:36.8853	f	t	6	t
376	Michael	Brantley	1987-05-15	2017-02-14 15:40:29	2017-03-25 12:14:43.444582	t	t	\N	f
388	Dansby	Swanson	1994-02-11	2017-02-14 15:40:29	2017-03-25 12:17:42.344211	t	t	\N	f
443	Sean	Manaea	1992-02-01	2017-02-14 16:58:45	2017-03-01 20:51:35.406712	t	f	\N	t
457	Jordan	Zimmermann	1986-05-23	2017-02-14 16:58:45	2017-03-04 01:50:16.222751	t	f	\N	f
436	Matt	Harvey	1989-03-27	2017-02-14 16:58:45	2017-02-28 22:17:31.010683	t	f	\N	f
446	Jameson	Taillon	1991-11-18	2017-02-14 16:58:45	2017-03-01 20:45:13.172924	t	f	\N	f
406	Hunter	Pence	1983-04-13	2017-02-14 15:40:29	2017-03-03 15:21:52.890252	t	t	\N	t
430	Clayton	Kershaw	1988-03-19	2017-02-14 16:58:45	2017-03-18 01:35:04.840302	f	f	9	t
112	Zack	Cozart	1985-08-12	2017-02-11 10:37:20	2017-02-26 16:57:54.867168	t	t	\N	f
401	Yasiel	Puig	1990-12-07	2017-02-14 15:40:29	2017-02-26 16:57:56.411553	t	t	\N	f
403	Keon	Broxton	1990-05-07	2017-02-14 15:40:29	2017-02-26 16:57:56.422179	t	t	\N	f
404	Devon	Travis	1991-02-21	2017-02-14 15:40:29	2017-02-26 16:57:56.425549	t	t	\N	f
415	Cameron	Maybin	1987-04-04	2017-02-14 15:40:29	2017-03-01 14:06:42.531535	t	t	\N	f
407	Domingo	Santana	1992-08-05	2017-02-14 15:40:29	2017-02-26 16:57:56.443963	t	t	\N	f
442	Steven	Matz	1991-05-29	2017-02-14 16:58:45	2017-03-01 20:45:37.636508	t	f	\N	f
427	Hernan	Perez	1991-03-26	2017-02-14 15:40:29	2017-02-28 22:12:11.772488	t	t	\N	f
475	Brandon	Drury	1992-08-21	2017-02-17 14:38:47	2017-03-01 14:06:13.452177	t	t	\N	f
469	Tyler	Naquin	1991-04-24	2017-02-17 14:38:47	2017-03-04 01:51:06.751559	t	t	\N	f
456	Michael	Wacha	1991-07-01	2017-02-14 16:58:45	2017-03-04 01:53:20.410456	t	f	\N	f
405	Jose	Peraza	1994-04-30	2017-02-14 15:40:29	2017-03-18 19:01:31.877604	f	t	13	t
462	Jacob	deGrom	1988-06-19	2017-02-14 17:17:30	2017-03-05 21:23:46.586655	f	f	7	t
464	Yu	Darvish	1986-08-16	2017-02-14 17:17:30	2017-03-05 21:27:45.43229	f	f	11	t
163	Jose	Quintana	1989-01-24	2017-02-12 06:00:56	2017-03-24 12:43:40.755404	f	f	5	t
450	Lance	McCullers	1993-10-02	2017-02-14 16:58:45	2017-03-06 23:06:01.428285	t	f	\N	f
458	Tyler	Glasnow	1993-08-23	2017-02-14 16:58:45	2017-03-06 23:11:41.547303	t	f	\N	f
409	David	Peralta	1987-08-14	2017-02-14 15:40:29	2017-02-26 16:57:56.452746	t	t	\N	f
410	Neil	Walker	1985-09-10	2017-02-14 15:40:29	2017-02-26 16:57:56.457817	t	t	\N	f
411	Welington	Castillo	1987-04-24	2017-02-14 15:40:29	2017-02-26 16:57:56.463355	t	t	\N	f
412	Kevin	Kiermaier	1990-04-22	2017-02-14 15:40:29	2017-02-26 16:57:56.469021	t	t	\N	f
434	Felix	Hernandez	1986-04-08	2017-02-14 16:58:45	2017-03-06 23:12:46.58209	t	f	\N	f
413	Ben	Revere	1988-05-03	2017-02-14 15:40:29	2017-02-26 16:57:56.475047	t	t	\N	f
460	Dylan	Bundy	1992-11-15	2017-02-14 16:58:45	2017-03-08 13:16:46.635365	t	f	\N	f
414	Josh	Reddick	1987-02-19	2017-02-14 15:40:29	2017-03-07 21:59:37.227091	t	t	\N	f
489	Justin	Bour	1988-05-28	2017-02-17 14:38:47	2017-03-07 22:01:11.676128	t	t	\N	f
440	Sonny	Gray	1989-11-07	2017-02-14 16:58:45	2017-03-08 13:20:04.859728	t	f	\N	f
448	Eduardo	Rodriguez	1993-04-07	2017-02-14 16:58:45	2017-03-25 12:26:51.949443	f	f	12	t
438	Michael	Fulmer	1993-03-15	2017-02-14 16:58:45	2017-03-25 12:16:02.571745	t	f	\N	f
431	Carlos	Carrasco	1987-03-21	2017-02-14 16:58:45	2017-03-24 12:30:17.072572	f	f	8	t
451	Julio	Urias	1996-08-12	2017-02-14 16:58:45	2017-03-25 12:26:12.837177	t	f	\N	f
437	Anthony	DeSclafani	1990-04-18	2017-02-14 16:58:45	2017-03-25 12:28:51.023549	t	f	\N	f
417	Jorge	Soler	1992-02-25	2017-02-14 15:40:29	2017-02-26 16:57:56.493029	t	t	\N	f
418	Tom	Murphy	1991-04-03	2017-02-14 15:40:29	2017-02-26 16:57:56.496437	t	t	\N	f
419	Ketel	Marte	1993-10-12	2017-02-14 15:40:29	2017-02-26 16:57:56.499751	t	t	\N	f
421	Francisco	Cervelli	1986-03-06	2017-02-14 15:40:29	2017-02-26 16:57:56.506649	t	t	\N	f
422	Jarrod	Dyson	1984-08-15	2017-02-14 15:40:29	2017-02-26 16:57:56.51013	t	t	\N	f
424	Steven	Souza Jr.	1989-04-24	2017-02-14 15:40:29	2017-02-26 16:57:56.519606	t	t	\N	f
425	Wilmer	Flores	1991-08-06	2017-02-14 15:40:29	2017-02-26 16:57:56.524336	t	t	\N	f
426	Pedro	Alvarez	1987-02-06	2017-02-14 15:40:29	2017-02-26 16:57:56.527602	t	t	\N	f
428	Pablo	Sandoval	1986-08-11	2017-02-14 15:40:29	2017-02-26 16:57:56.534225	t	t	\N	f
441	Aaron	Nola	1993-06-04	2017-02-14 16:58:45	2017-02-26 16:57:56.552367	t	f	\N	f
444	Taijuan	Walker	1992-08-13	2017-02-14 16:58:45	2017-02-26 16:57:56.556103	t	f	\N	f
447	Matt	Shoemaker	1986-09-27	2017-02-14 16:58:45	2017-02-26 16:57:56.559926	t	f	\N	f
449	Joe	Ross	1993-05-21	2017-02-14 16:58:45	2017-02-26 16:57:56.567012	t	f	\N	f
452	James	Paxton	1988-11-06	2017-02-14 16:58:45	2017-02-26 16:57:56.57149	t	f	\N	f
454	Michael	Lorenzen	1992-01-04	2017-02-14 16:58:45	2017-02-26 16:57:56.579276	t	f	\N	f
455	Steven	Wright	1984-08-30	2017-02-14 16:58:45	2017-02-26 16:57:56.582546	t	f	\N	f
459	Garrett	Richards	1988-05-27	2017-02-14 16:58:45	2017-02-26 16:57:56.586019	t	f	\N	f
461	Scott	Kazmir	1984-01-24	2017-02-14 16:58:45	2017-02-26 16:57:56.589748	t	f	\N	f
465	Trey	Mancini	1992-03-18	2017-02-17 14:38:47	2017-02-26 16:57:56.593153	t	t	\N	f
466	Andrew	Toles	1992-05-24	2017-02-17 14:38:47	2017-02-26 16:57:56.596633	t	t	\N	f
470	Steve	Pearce	1983-04-13	2017-02-17 14:38:47	2017-02-26 16:57:56.604129	t	t	\N	f
471	Lonnie	Chisenhall	1988-10-04	2017-02-17 14:38:47	2017-02-26 16:57:56.608794	t	t	\N	f
472	Chris	Herrmann	1987-11-24	2017-02-17 14:38:47	2017-02-26 16:57:56.613502	t	t	\N	f
473	Whit	Merrifield	1989-01-24	2017-02-17 14:38:47	2017-02-26 16:57:56.617282	t	t	\N	f
474	Mark	Reynolds	1983-08-03	2017-02-17 14:38:47	2017-02-26 16:57:56.62081	t	t	\N	f
476	Tyler	Saladino	1989-07-20	2017-02-17 14:38:47	2017-02-26 16:57:56.625271	t	t	\N	f
478	Andrelton	Simmons	1989-09-04	2017-02-17 14:38:47	2017-02-26 16:57:56.63253	t	t	\N	f
479	Derek	Dietrich	1989-07-18	2017-02-17 14:38:47	2017-02-26 16:57:56.635889	t	t	\N	f
480	Chris	Owings	1991-08-12	2017-02-17 14:38:47	2017-02-26 16:57:56.639173	t	t	\N	f
481	Jorge	De La Rosa	1994-04-16	2017-02-17 14:38:47	2017-02-26 16:57:56.642443	t	t	\N	f
482	Josh	Bell	1992-08-14	2017-02-17 14:38:47	2017-02-26 16:57:56.645684	t	t	\N	f
483	Tyler	Flowers	1986-01-24	2017-02-17 14:38:47	2017-02-26 16:57:56.649283	t	t	\N	f
485	Sean	Rodriguez	1985-04-26	2017-02-17 14:38:47	2017-02-26 16:57:56.65856	t	t	\N	f
486	J.J.	Hardy	1982-08-19	2017-02-17 14:38:47	2017-02-26 16:57:56.663057	t	t	\N	f
487	Eddie	Rosario	1991-09-28	2017-02-17 14:38:47	2017-02-26 16:57:56.666438	t	t	\N	f
488	Jose	Reyes	1983-06-11	2017-02-17 14:38:47	2017-02-26 16:57:56.669734	t	t	\N	f
490	Jed	Lowrie	1984-04-17	2017-02-17 14:38:47	2017-02-26 16:57:56.674488	t	t	\N	f
491	Roman	Quinn	1993-05-14	2017-02-17 14:38:47	2017-02-26 16:57:56.678456	t	t	\N	f
493	Johnny	Giavotella	1987-07-10	2017-02-17 14:38:47	2017-02-26 16:57:56.705291	t	t	\N	f
494	Jhonny	Peralta	1982-05-28	2017-02-17 14:38:47	2017-02-26 16:57:56.709784	t	t	\N	f
495	Nick	Hundley	1983-09-08	2017-02-17 14:38:47	2017-02-26 16:57:56.713971	t	t	\N	f
496	Tony	Wolters	1992-06-09	2017-02-17 14:38:47	2017-02-26 16:57:56.717284	t	t	\N	f
497	Matt	Duffy	1991-01-15	2017-02-17 14:38:47	2017-02-26 16:57:56.720523	t	t	\N	f
498	Blake	Swihart	1992-04-03	2017-02-17 14:38:47	2017-02-26 16:57:56.72506	t	t	\N	f
500	Tucker	Barnhart	1991-01-07	2017-02-17 14:38:47	2017-02-26 16:57:56.731654	t	t	\N	f
501	Alex	Dickerson	1990-05-26	2017-02-17 14:38:47	2017-02-26 16:57:56.734884	t	t	\N	f
502	Jace	Peterson	1990-05-09	2017-02-17 14:38:47	2017-02-26 16:57:56.738255	t	t	\N	f
503	Gerardo	Parra	1987-05-06	2017-02-17 14:38:47	2017-02-26 16:57:56.741541	t	t	\N	f
504	Cameron	Rupp	1988-09-28	2017-02-17 14:38:47	2017-02-26 16:57:56.745113	t	t	\N	f
505	Matt	Adams	1988-08-31	2017-02-17 14:38:47	2017-02-26 16:57:56.749174	t	t	\N	f
433	Gerrit	Cole	1990-09-08	2017-02-14 16:58:45	2017-02-26 16:57:56.816854	f	f	11	f
572	Kyle	Barraclough	1990-05-23	2017-02-20 05:56:56	2017-03-04 01:52:03.69951	t	f	\N	f
522	Max	Kepler	1993-02-10	2017-02-17 14:38:47	2017-03-25 12:14:50.463489	t	t	\N	f
571	Junior	Guerra	1985-01-16	2017-02-20 05:56:56	2017-03-07 22:01:26.471298	t	f	\N	f
517	Jurickson	Profar	1993-02-20	2017-02-17 14:38:47	2017-03-13 11:56:28.955627	t	t	\N	f
537	Yoan	Moncada	1995-05-27	2017-02-17 14:38:47	2017-03-14 00:47:25.280201	t	t	\N	f
432	Zack	Greinke	1983-10-21	2017-02-14 16:58:45	2017-03-14 00:47:50.520542	t	f	\N	t
506	Seth	Smith	1982-09-30	2017-02-17 14:38:47	2017-02-26 16:57:56.842017	t	t	\N	f
507	Brett	Lawrie	1990-01-18	2017-02-17 14:38:47	2017-02-26 16:57:56.846702	t	t	\N	f
509	Matt	Holliday	1980-01-15	2017-02-17 14:38:47	2017-02-26 16:57:56.856008	t	t	\N	f
510	Travis	Jankowski	1991-06-15	2017-02-17 14:38:47	2017-02-26 16:57:56.909546	t	t	\N	f
511	Avisail	Garcia	1991-06-12	2017-02-17 14:38:47	2017-02-26 16:57:56.91341	t	t	\N	f
513	Matt	Joyce	1984-08-03	2017-02-17 14:38:47	2017-02-26 16:57:56.920184	t	t	\N	f
514	Shin-Soo	Choo	1982-07-13	2017-02-17 14:38:47	2017-02-26 16:57:56.923494	t	t	\N	f
516	Adam	Lind	1983-07-17	2017-02-17 14:38:47	2017-02-26 16:57:56.930851	t	t	\N	f
518	Mallex	Smith	1993-05-06	2017-02-17 14:38:47	2017-02-26 16:57:56.938593	t	t	\N	f
519	Logan	Morrison	1987-08-25	2017-02-17 14:38:47	2017-02-26 16:57:56.941886	t	t	\N	f
520	Andrew	Susac	1990-03-22	2017-02-17 14:38:47	2017-02-26 16:57:56.9455	t	t	\N	f
521	Chad	Pinder	1992-03-29	2017-02-17 14:38:47	2017-02-26 16:57:56.952732	t	t	\N	f
523	Jett	Bandy	1990-03-26	2017-02-17 14:38:47	2017-02-26 16:57:56.964841	t	t	\N	f
524	Mitch	Haniger	1990-12-23	2017-02-17 14:38:47	2017-02-26 16:57:56.969016	t	t	\N	f
525	Cory	Spangenberg	1991-03-16	2017-02-17 14:38:47	2017-02-26 16:57:56.974877	t	t	\N	f
526	Lucas	Duda	1986-02-03	2017-02-17 14:38:47	2017-02-26 16:57:56.979011	t	t	\N	f
527	Christian	Bethancourt	1991-09-02	2017-02-17 14:38:47	2017-02-26 16:57:56.983181	t	t	\N	f
528	Christian	Vazquez	1990-08-21	2017-02-17 14:38:47	2017-02-26 16:57:56.987439	t	t	\N	f
530	James	McCann	1990-06-13	2017-02-17 14:38:47	2017-02-26 16:57:56.995292	t	t	\N	f
531	Orlando	Arcia	1994-08-04	2017-02-17 14:38:47	2017-02-26 16:57:56.999391	t	t	\N	f
532	Nick	Ahmed	1990-03-15	2017-02-17 14:38:47	2017-02-26 16:57:57.00463	t	t	\N	f
533	Ryan	Zimmerman	1984-09-28	2017-02-17 14:38:47	2017-02-26 16:57:57.008751	t	t	\N	f
534	Justin	Smoak	1986-12-05	2017-02-17 14:38:47	2017-02-26 16:57:57.012738	t	t	\N	f
535	Ryan	Schimpf	1988-04-11	2017-02-17 14:38:47	2017-02-26 16:57:57.016007	t	t	\N	f
538	Chris	Iannetta	1983-04-08	2017-02-17 14:38:47	2017-02-26 16:57:57.023874	t	t	\N	f
539	Jason	Castro	1987-06-18	2017-02-17 14:38:47	2017-02-26 16:57:57.027246	t	t	\N	f
540	Carlos	Perez	1990-10-27	2017-02-17 14:38:47	2017-02-26 16:57:57.030532	t	t	\N	f
541	Mike	Zunino	1991-03-25	2017-02-17 14:38:47	2017-02-26 16:57:57.033796	t	t	\N	f
542	Colby	Rasmus	1986-08-11	2017-02-17 14:38:47	2017-02-26 16:57:57.037111	t	t	\N	f
543	Aaron	Altherr	1991-01-14	2017-02-17 14:38:47	2017-02-26 16:57:57.040442	t	t	\N	f
545	Curt	Casali	1988-11-09	2017-02-17 14:38:47	2017-02-26 16:57:57.052866	t	t	\N	f
546	Derek	Norris	1989-02-14	2017-02-17 14:38:47	2017-02-26 16:57:57.057492	t	t	\N	f
547	Raul	Mondesi	1995-07-27	2017-02-17 14:38:47	2017-02-26 16:57:57.060871	t	t	\N	f
548	Aaron	Judge	1992-04-26	2017-02-17 14:38:47	2017-02-26 16:57:57.064084	t	t	\N	f
549	Jarrod	Saltalamacchia	1985-05-02	2017-02-17 14:38:47	2017-02-26 16:57:57.067294	t	t	\N	f
550	Yan	Gomes	1987-07-19	2017-02-17 14:38:47	2017-02-26 16:57:57.071705	t	t	\N	f
552	Devin	Mesoraco	1988-06-19	2017-02-17 14:38:47	2017-02-26 16:57:57.078384	t	t	\N	f
553	Jorge	Alfaro	1993-06-11	2017-02-17 14:38:47	2017-02-26 16:57:57.081566	t	t	\N	f
554	Austin	Hedges	1992-08-18	2017-02-17 14:38:47	2017-02-26 16:57:57.085502	t	t	\N	f
555	Dan	Vogelbach	1992-12-17	2017-02-17 14:38:47	2017-02-26 16:57:57.088991	t	t	\N	f
556	Joey	Gallo	1993-11-19	2017-02-17 14:38:47	2017-02-26 16:57:57.100057	t	t	\N	f
557	Dalton	Pompey	1992-12-11	2017-02-17 14:38:47	2017-02-26 16:57:57.103587	t	t	\N	f
560	Joe	Nathan	1974-11-22	2017-02-20 05:56:56	2017-02-26 16:57:57.11135	t	f	\N	f
561	Matt	Strahm	1991-11-12	2017-02-20 05:56:56	2017-02-26 16:57:57.115491	t	f	\N	f
562	Matt	Belisle	1980-06-06	2017-02-20 05:56:56	2017-02-26 16:57:57.119058	t	f	\N	f
563	Logan	Kensing	1982-07-03	2017-02-20 05:56:56	2017-02-26 16:57:57.122944	t	f	\N	f
564	Grant	Dayton	1987-11-25	2017-02-20 05:56:56	2017-02-26 16:57:57.127043	t	f	\N	f
565	Jharel	Cotton	1992-01-19	2017-02-20 05:56:56	2017-02-26 16:57:57.130385	t	f	\N	f
567	Robert	Gsellman	1993-07-18	2017-02-20 05:56:56	2017-02-26 16:57:57.144568	t	f	\N	f
568	Joe	Blanton	1980-12-11	2017-02-20 05:56:56	2017-02-26 16:57:57.147893	t	f	\N	f
569	Mike	Montgomery	1989-07-01	2017-02-20 05:56:56	2017-02-26 16:57:57.151132	t	f	\N	f
570	Seth	Lugo	1989-11-17	2017-02-20 05:56:56	2017-02-26 16:57:57.155519	t	f	\N	f
573	Pedro	Strop	1985-06-13	2017-02-20 05:56:56	2017-02-26 16:57:57.158765	t	f	\N	f
574	Bruce	Rondon	1990-12-09	2017-02-20 05:56:56	2017-02-26 16:57:57.16199	t	f	\N	f
576	Mychal	Givens	1990-05-13	2017-02-20 05:56:56	2017-02-26 16:57:57.168469	t	f	\N	f
577	Sean	Burnett	1982-09-17	2017-02-20 05:56:56	2017-02-26 16:57:57.171642	t	f	\N	f
578	Daniel	Norris	1993-04-25	2017-02-20 05:56:56	2017-02-26 16:57:57.174929	t	f	\N	f
579	Zach	McAllister	1987-12-08	2017-02-20 05:56:56	2017-02-26 16:57:57.178423	t	f	\N	f
580	Tyler	Anderson	1989-12-30	2017-02-20 05:56:56	2017-02-26 16:57:57.182653	t	f	\N	f
581	Colby	Lewis	1979-08-02	2017-02-20 05:56:56	2017-02-26 16:57:57.196458	t	f	\N	f
583	Miguel	Gonzalez	1984-05-27	2017-02-20 05:56:56	2017-02-26 16:57:57.208549	t	f	\N	f
585	Tyler	Chatwood	1989-12-16	2017-02-20 05:56:56	2017-02-26 16:57:57.211861	t	f	\N	f
586	Ariel	Miranda	1989-01-10	2017-02-20 05:56:56	2017-02-26 16:57:57.215331	t	f	\N	f
587	Brett	Cecil	1986-07-02	2017-02-20 05:56:56	2017-02-26 16:57:57.218683	t	f	\N	f
588	Gavin	Floyd	1983-01-27	2017-02-20 05:56:56	2017-02-26 16:57:57.222423	t	f	\N	f
589	Joe	Musgrove	1992-12-04	2017-02-20 05:56:56	2017-02-26 16:57:57.225661	t	f	\N	f
591	Charlie	Morton	1983-11-12	2017-02-20 05:56:56	2017-02-26 16:57:57.232712	t	f	\N	f
592	Tyler	Skaggs	1991-07-13	2017-02-20 05:56:56	2017-02-26 16:57:57.237419	t	f	\N	f
593	Chad	Kuhl	1992-09-10	2017-02-20 05:56:56	2017-02-26 16:57:57.241448	t	f	\N	f
594	Chien-Ming	Wang	1980-03-31	2017-02-20 05:56:56	2017-02-26 16:57:57.246291	t	f	\N	f
595	Mike	Foltynewicz	1991-10-07	2017-02-20 05:56:56	2017-02-26 16:57:57.249556	t	f	\N	f
596	Andrew	Triggs	1989-03-16	2017-02-20 05:56:56	2017-02-26 16:57:57.253082	t	f	\N	f
598	Michael	Feliz	1993-06-28	2017-02-20 05:56:56	2017-02-26 16:57:57.310521	t	f	\N	f
599	Jesse	Chavez	1983-08-21	2017-02-20 05:56:56	2017-02-26 16:57:57.314911	t	f	\N	f
600	Juan	Nicasio	1986-08-31	2017-02-20 05:56:56	2017-02-26 16:57:57.319756	t	f	\N	f
601	Matt	Boyd	1991-02-02	2017-02-20 05:56:56	2017-02-26 16:57:57.324611	t	f	\N	f
602	Clay	Buchholz	1984-08-14	2017-02-20 05:56:56	2017-02-26 16:57:57.328503	t	f	\N	f
603	Ryan	Vogelsong	1977-07-22	2017-02-20 05:56:56	2017-02-26 16:57:57.3358	t	f	\N	f
605	Reynaldo	Lopez	1994-01-04	2017-02-20 05:56:56	2017-02-26 16:57:57.344503	t	f	\N	f
606	Oliver	Perez	1981-08-15	2017-02-20 05:56:56	2017-02-26 16:57:57.347846	t	f	\N	f
607	Brandon	McCarthy	1983-07-07	2017-02-20 05:56:56	2017-02-26 16:57:57.351097	t	f	\N	f
608	Archie	Bradley	1992-08-10	2017-02-20 05:56:56	2017-02-26 16:57:57.355562	t	f	\N	f
609	Kyle	Gibson	1987-10-23	2017-02-20 05:56:56	2017-02-26 16:57:57.358716	t	f	\N	f
610	Joe	Kelly	1988-06-09	2017-02-20 05:56:56	2017-02-26 16:57:57.361995	t	f	\N	f
103	Mark	Trumbo	1986-01-16	2017-02-11 10:37:20	2017-03-05 21:32:09.460483	f	t	12	t
231	Aroldis	Chapman	1988-02-28	2017-02-14 09:59:57	2017-02-28 20:39:42.572773	f	f	6	t
106	Maikel	Franco	1992-08-26	2017-02-11 10:37:20	2017-02-28 22:13:07.656184	t	t	\N	f
249	Tony	Watson	1985-05-30	2017-02-14 09:59:57	2017-02-28 22:15:34.317974	t	f	\N	f
221	Jeurys	Familia	1989-10-10	2017-02-14 09:59:57	2017-03-15 18:22:53.712518	t	f	\N	t
617	Jorge	De La Rosa	1981-04-05	2017-02-20 05:56:56	2017-02-26 16:57:57.538868	t	f	\N	f
641	Eric	Thames	1986-11-10	2017-02-20 20:04:54.398665	2017-02-26 16:57:57.543728	t	t	\N	f
435	Danny	Salazar	1990-01-11	2017-02-14 16:58:45	2017-03-24 12:41:54.956794	f	f	10	t
643	Greg	Holland	1985-11-20	2017-02-20 21:38:22.787302	2017-02-26 16:57:57.550458	t	f	\N	f
233	Cody	Allen	1988-11-20	2017-02-14 09:59:57	2017-03-25 12:12:38.672948	t	f	\N	f
153	Jose	Fernandez	1992-07-31	2017-02-12 06:00:56	2017-02-26 16:57:55.250528	t	f	\N	f
178	Jeremy	Hellickson	1987-04-08	2017-02-12 06:00:56	2017-02-26 16:57:55.377209	t	f	\N	f
117	Jake	Lamb	1990-10-09	2017-02-11 10:37:20	2017-03-25 12:15:31.489696	t	t	\N	f
632	Lucas	Giolito	1994-07-14	2017-02-20 05:56:56	2017-03-01 20:44:18.207929	t	f	\N	f
402	Byron	Buxton	1993-12-18	2017-02-14 15:40:29	2017-03-25 12:17:30.261323	t	t	\N	f
199	Ricky	Nolasco	1982-12-13	2017-02-12 06:00:56	2017-02-26 16:57:55.431806	t	f	\N	f
391	Nick	Castellanos	1992-03-04	2017-02-14 15:40:29	2017-03-25 12:23:12.856051	t	t	\N	f
209	Jaime	Garcia	1986-07-08	2017-02-12 06:00:56	2017-02-26 16:57:55.524521	t	f	\N	f
219	Edinson	Volquez	1983-07-03	2017-02-12 06:00:56	2017-02-26 16:57:55.560299	t	f	\N	f
244	Jonathan	Papelbon	1980-11-23	2017-02-14 09:59:57	2017-02-26 16:57:55.612999	t	f	\N	f
253	Trevor	Rosenthal	1990-05-29	2017-02-14 09:59:57	2017-02-26 16:57:55.644841	t	f	\N	f
267	Kevin	Jepsen	1984-07-26	2017-02-14 09:59:57	2017-02-26 16:57:55.675306	t	f	\N	f
278	Jake	Barrett	1991-07-22	2017-02-14 09:59:57	2017-02-26 16:57:55.730555	t	f	\N	f
287	John	Axford	1983-04-01	2017-02-14 09:59:57	2017-02-26 16:57:55.778158	t	f	\N	f
293	Carlos	Torres	1982-10-22	2017-02-14 09:59:57	2017-02-26 16:57:55.909844	t	f	\N	f
302	Ross	Ohlendorf	1982-08-08	2017-02-14 09:59:57	2017-02-26 16:57:55.965775	t	f	\N	f
316	Tommy	Kahnle	1989-08-07	2017-02-14 09:59:57	2017-02-26 16:57:56.005169	t	f	\N	f
325	Bryan	Shaw	1987-11-08	2017-02-14 09:59:57	2017-02-26 16:57:56.046008	t	f	\N	f
332	Fernando	Abad	1985-12-17	2017-02-14 09:59:57	2017-02-26 16:57:56.131241	t	f	\N	f
339	Javier	Lopez	1977-07-11	2017-02-14 09:59:57	2017-02-26 16:57:56.157389	t	f	\N	f
346	Ryan	Garton	1989-12-05	2017-02-14 09:59:57	2017-02-26 16:57:56.185075	t	f	\N	f
353	Patrick	Corbin	1989-07-19	2017-02-14 09:59:57	2017-02-26 16:57:56.218551	t	f	\N	f
360	Jordan	Lyles	1990-10-19	2017-02-14 09:59:57	2017-02-26 16:57:56.247975	t	f	\N	f
367	Tom	Wilhelmsen	1983-12-16	2017-02-14 09:59:57	2017-02-26 16:57:56.277434	t	f	\N	f
392	Michael	Conforto	1993-03-01	2017-02-14 15:40:29	2017-02-26 16:57:56.303694	t	t	\N	f
400	C.J.	Cron	1990-01-05	2017-02-14 15:40:29	2017-02-26 16:57:56.407335	t	t	\N	f
416	Tommy	Joseph	1991-07-16	2017-02-14 15:40:29	2017-02-26 16:57:56.489398	t	t	\N	f
423	Tim	Anderson	1993-06-23	2017-02-14 15:40:29	2017-02-26 16:57:56.514721	t	t	\N	f
429	Yangervis	Solarte	1987-07-07	2017-02-14 15:40:29	2017-02-26 16:57:56.537597	t	t	\N	f
453	Blake	Snell	1992-12-04	2017-02-14 16:58:45	2017-02-26 16:57:56.575979	t	f	\N	f
468	Ryon	Healy	1992-01-10	2017-02-17 14:38:47	2017-02-26 16:57:56.600084	t	t	\N	f
477	Jorge	Polanco	1993-07-05	2017-02-17 14:38:47	2017-02-26 16:57:56.629127	t	t	\N	f
484	David	Freese	1983-04-28	2017-02-17 14:38:47	2017-02-26 16:57:56.653843	t	t	\N	f
492	Trevor	Plouffe	1986-06-15	2017-02-17 14:38:47	2017-02-26 16:57:56.696324	t	t	\N	f
499	Kurt	Suzuki	1983-10-04	2017-02-17 14:38:47	2017-02-26 16:57:56.72827	t	t	\N	f
508	Travis	d'Arnaud	1989-02-10	2017-02-17 14:38:47	2017-02-26 16:57:56.851139	t	t	\N	f
515	Kolten	Wong	1990-10-10	2017-02-17 14:38:47	2017-02-26 16:57:56.927463	t	t	\N	f
529	Brandon	Moss	1983-09-16	2017-02-17 14:38:47	2017-02-26 16:57:56.99143	t	t	\N	f
536	Miguel	Montero	1983-07-09	2017-02-17 14:38:47	2017-02-26 16:57:57.019309	t	t	\N	f
544	Byung 	Park	1986-07-10	2017-02-17 14:38:47	2017-02-26 16:57:57.043651	t	t	\N	f
551	A.J.	Reed	1993-05-10	2017-02-17 14:38:47	2017-02-26 16:57:57.075071	t	t	\N	f
558	Matt	Duffy	1989-02-06	2017-02-17 14:38:47	2017-02-26 16:57:57.108023	t	t	\N	f
566	Alec	Asher	1991-10-04	2017-02-20 05:56:56	2017-02-26 16:57:57.133757	t	f	\N	f
575	Pedro	Baez	1988-03-11	2017-02-20 05:56:56	2017-02-26 16:57:57.16527	t	f	\N	f
612	Andrew	Cashner	1986-09-11	2017-02-20 05:56:56	2017-02-26 16:57:57.385436	t	f	\N	f
613	Drew	Hutchison	1990-08-22	2017-02-20 05:56:56	2017-02-26 16:57:57.390578	t	f	\N	f
614	Trevor	May	1989-09-23	2017-02-20 05:56:56	2017-02-26 16:57:57.393969	t	f	\N	f
615	Chin-Hui	Tsao	1981-06-02	2017-02-20 05:56:56	2017-02-26 16:57:57.397216	t	f	\N	f
616	Yovani	Gallardo	1986-02-27	2017-02-20 05:56:56	2017-02-26 16:57:57.400424	t	f	\N	f
618	Jake	Peavy	1981-05-31	2017-02-20 05:56:56	2017-02-26 16:57:57.404964	t	f	\N	f
620	Luke	Weaver	1993-08-21	2017-02-20 05:56:56	2017-02-26 16:57:57.411451	t	f	\N	f
621	Jake	Thompson	1994-01-31	2017-02-20 05:56:56	2017-02-26 16:57:57.414848	t	f	\N	f
622	Luis	Perdomo	1993-05-09	2017-02-20 05:56:56	2017-02-26 16:57:57.418599	t	f	\N	f
623	Jerome	Williams	1981-12-04	2017-02-20 05:56:56	2017-02-26 16:57:57.421992	t	f	\N	f
624	Matt	Thornton	1976-09-15	2017-02-20 05:56:56	2017-02-26 16:57:57.426273	t	f	\N	f
625	Luis	Severino	1994-02-20	2017-02-20 05:56:56	2017-02-26 16:57:57.43097	t	f	\N	f
627	Phil	Hughes	1986-06-24	2017-02-20 05:56:56	2017-02-26 16:57:57.44177	t	f	\N	f
628	Jesse	Hahn	1989-07-30	2017-02-20 05:56:56	2017-02-26 16:57:57.445026	t	f	\N	f
629	Shelby	Miller	1990-10-10	2017-02-20 05:56:56	2017-02-26 16:57:57.449288	t	f	\N	f
631	Tyler	Duffey	1990-12-27	2017-02-20 05:56:56	2017-02-26 16:57:57.454764	t	f	\N	f
633	Aaron	Blair	1992-05-26	2017-02-20 05:56:56	2017-02-26 16:57:57.459543	t	f	\N	f
634	Jose	Berrios	1994-05-27	2017-02-20 05:56:56	2017-02-26 16:57:57.463616	t	f	\N	f
637	Hyun-Jin	Ryu	1987-03-25	2017-02-20 05:56:56	2017-02-26 16:57:57.494907	t	f	\N	f
638	Tyson	Ross	1987-04-22	2017-02-20 05:56:56	2017-02-26 16:57:57.498439	t	f	\N	f
639	Kyle	Lohse	1978-10-04	2017-02-20 05:56:56	2017-02-26 16:57:57.501773	t	f	\N	f
640	Adam	Loewen	1984-04-09	2017-02-20 05:56:56	2017-02-26 16:57:57.506824	t	f	\N	f
393	Brian	McCann	1984-02-20	2017-02-14 15:40:29	2017-03-11 15:40:46.340368	t	t	\N	f
439	Rich	Hill	1980-03-11	2017-02-14 16:58:45	2017-03-01 20:46:43.96814	t	f	\N	f
642	Carter	Capps	1990-08-07	2017-02-20 21:24:10.292477	2017-02-26 16:57:57.547043	t	f	\N	f
644	Lance	Lynn	1987-05-12	2017-02-20 21:40:01.055806	2017-02-26 16:57:57.554869	t	f	\N	f
394	Rajai	Davis	1980-10-19	2017-02-14 15:40:29	2017-03-04 01:49:29.760923	t	t	\N	f
584	Adam	Conley	1990-05-24	2017-02-20 05:56:56	2017-03-04 01:52:57.568231	t	f	\N	f
408	Jedd	Gyorko	1988-09-23	2017-02-14 15:40:29	2017-03-04 01:55:45.615685	t	t	\N	f
227	Sam	Dyson	1988-05-07	2017-02-14 09:59:57	2017-03-04 01:59:35.883895	t	f	\N	f
173	Danny	Duffy	1988-12-21	2017-02-12 06:00:56	2017-03-05 21:23:40.991688	f	f	7	t
646	Ozzie	Albies	1997-01-07	2017-03-14 14:04:55.517719	2017-03-14 14:04:55.517719	t	t	\N	\N
463	Stephen	Strasburg	1988-07-20	2017-02-14 17:17:30	2017-03-05 21:32:23.278016	f	f	12	t
370	Trevor	Story	1992-11-15	2017-02-14 15:40:29	2017-03-05 21:33:14.321052	f	t	13	t
445	Vince	Velasquez	1992-06-07	2017-02-14 16:58:45	2017-03-06 23:05:42.832516	t	f	\N	f
124	Jayson	Werth	1979-05-20	2017-02-11 10:37:20	2017-03-07 22:00:41.670835	t	t	\N	f
274	David	Phelps	1986-10-09	2017-02-14 09:59:57	2017-03-07 22:02:10.062578	t	f	\N	f
395	Yulieski	Gurriel	1984-06-09	2017-02-14 15:40:29	2017-03-13 11:36:44.510198	t	t	\N	f
582	Alex	Wood	1991-01-12	2017-02-20 05:56:56	2017-02-26 16:57:57.202849	t	f	\N	f
590	Chris	Capuano	1978-08-19	2017-02-20 05:56:56	2017-02-26 16:57:57.229099	t	f	\N	f
597	Luis	Cessa	1992-04-25	2017-02-20 05:56:56	2017-02-26 16:57:57.257391	t	f	\N	f
604	Steven	Brault	1992-04-29	2017-02-20 05:56:56	2017-02-26 16:57:57.340947	t	f	\N	f
611	Chad	Qualls	1978-08-17	2017-02-20 05:56:56	2017-02-26 16:57:57.365184	t	f	\N	f
619	Matt	Cain	1984-10-01	2017-02-20 05:56:56	2017-02-26 16:57:57.408178	t	f	\N	f
626	Edwin	Jackson	1983-09-09	2017-02-20 05:56:56	2017-02-26 16:57:57.436532	t	f	\N	f
636	Chris	Narveson	1981-12-20	2017-02-20 05:56:56	2017-02-26 16:57:57.468579	t	f	\N	f
630	Jose	De Leon	1992-08-07	2017-02-20 05:56:56	2017-02-26 16:57:57.529013	t	f	\N	f
7	Mookie	Betts	1992-10-07	2017-02-07 09:39:00	2017-03-16 12:45:54.433599	f	t	8	t
108	Marwin	Gonzalez	1989-03-14	2017-02-11 10:37:20	2017-03-01 14:06:29.188252	t	t	\N	f
648	Lewis	Brinson	1994-05-08	2017-03-21 13:12:49.648448	2017-03-21 13:40:18.179882	t	t	\N	\N
12	Jose	Ramirez	1992-09-17	2017-02-11 10:37:20	2017-03-22 13:04:46.564443	f	t	13	t
69	Stephen	Piscotty	1991-01-14	2017-02-11 10:37:20	2017-03-23 12:08:05.681463	f	t	5	t
512	Manuel	Margot	1994-09-28	2017-02-17 14:38:47	2017-03-25 12:18:04.273599	t	t	\N	f
420	Hunter	Renfroe	1992-01-28	2017-02-14 15:40:29	2017-03-13 11:39:48.121836	t	t	\N	f
\.


--
-- Name: players_id_seq; Type: SEQUENCE SET; Schema: public; Owner: Home
--

SELECT pg_catalog.setval('players_id_seq', 2, true);


--
-- Data for Name: players_positions; Type: TABLE DATA; Schema: public; Owner: Home
--

COPY players_positions (id, position_id, player_id) FROM stdin;
3	1	1
733	9	221
5	1	2
734	9	222
7	1	3
8	4	4
9	10	5
10	5	6
11	10	7
12	1	8
13	4	9
14	10	10
15	11	11
16	5	12
17	10	13
18	6	14
19	7	15
20	7	16
21	10	17
22	10	18
23	5	19
24	5	20
25	7	21
26	6	22
27	4	23
28	6	24
29	5	25
30	10	26
31	1	27
32	10	28
33	4	29
34	10	30
35	10	31
36	5	32
37	6	33
38	1	34
735	9	223
40	4	36
41	5	37
42	7	38
43	4	39
44	10	40
45	1	41
46	11	42
47	1	43
48	7	44
49	5	45
50	11	46
51	5	47
52	10	48
53	4	49
54	6	50
55	4	51
736	9	224
57	10	53
58	5	54
59	1	55
60	6	56
61	10	57
62	5	58
63	10	59
64	10	60
65	6	61
66	1	62
67	5	63
68	4	64
69	6	65
70	6	66
71	5	67
72	5	68
73	10	69
74	5	70
75	10	71
76	1	72
77	1	73
78	10	74
79	5	75
80	1	76
81	5	77
82	10	78
83	1	79
737	9	225
85	10	81
86	10	82
87	1	83
88	10	84
89	4	85
90	10	86
91	10	87
92	10	88
93	10	89
94	1	90
738	9	226
96	10	92
97	1	93
739	9	227
99	10	95
100	4	96
101	10	97
102	6	98
103	11	99
104	4	100
105	10	101
106	6	102
107	10	103
108	10	104
109	6	105
110	5	106
111	1	107
112	4	108
113	6	109
114	4	110
115	10	111
116	6	112
117	1	113
118	7	114
119	5	115
120	10	116
121	5	117
122	5	118
123	10	119
124	7	120
125	10	121
126	10	122
127	10	123
128	10	124
129	10	125
130	6	126
131	5	127
132	6	128
133	10	129
134	6	130
135	1	131
136	4	132
137	6	133
138	10	134
139	6	135
140	10	136
141	6	137
142	10	138
143	4	139
144	7	140
145	10	141
146	5	142
147	4	143
148	4	144
149	10	145
150	1	146
740	9	228
741	9	229
742	9	230
743	9	231
744	9	232
745	9	233
746	9	234
747	9	235
748	9	236
749	9	237
750	9	238
751	9	239
752	9	240
753	9	241
754	9	242
755	9	243
756	9	244
757	9	245
758	9	246
759	9	247
760	9	248
761	9	249
762	9	250
763	9	251
764	9	252
765	9	253
766	9	254
767	9	255
768	9	256
769	9	257
770	9	258
771	9	259
772	9	260
773	9	261
774	9	262
775	9	263
776	9	264
777	9	265
778	9	266
779	9	267
780	9	268
781	9	269
782	9	270
783	9	271
784	9	272
785	9	273
786	9	274
787	9	275
788	9	276
789	9	277
790	9	278
791	9	279
792	9	280
793	9	281
794	9	282
795	9	283
796	9	284
797	9	285
798	9	286
799	9	287
800	9	288
801	9	289
802	9	290
803	9	291
804	9	292
805	9	293
806	9	294
807	9	295
808	9	296
809	9	297
810	9	298
811	9	299
812	9	300
813	9	301
225	8	147
226	8	148
227	8	149
228	8	150
229	8	151
230	8	152
231	8	153
232	8	154
233	8	155
234	8	156
235	8	157
236	8	158
237	8	159
238	8	160
239	8	161
240	8	162
241	8	163
242	8	164
243	8	165
244	8	166
245	8	167
246	8	168
247	8	169
248	8	170
249	8	171
250	8	172
251	8	173
252	8	174
253	8	175
254	8	176
255	8	177
256	8	178
257	8	179
258	8	180
259	8	181
260	8	182
261	8	183
262	8	184
263	8	185
264	8	186
265	8	187
266	8	188
267	8	189
268	8	190
269	8	191
270	8	192
271	8	193
272	8	194
273	8	195
274	8	196
275	8	197
276	8	198
277	8	199
278	8	200
279	8	201
280	8	202
281	8	203
282	8	204
283	8	205
284	8	206
285	8	207
286	8	208
287	8	209
288	8	210
289	8	211
290	8	212
291	8	213
292	8	214
293	8	215
294	8	216
295	8	217
296	8	218
297	8	219
298	8	220
814	9	302
815	9	303
816	9	304
817	9	305
818	9	306
819	9	307
820	9	308
821	9	309
822	9	310
823	9	311
824	9	312
825	9	313
826	9	314
827	9	315
828	9	316
829	9	317
830	9	318
831	9	319
832	9	320
833	9	321
834	9	322
835	9	323
836	9	324
837	9	325
838	9	326
839	9	327
840	9	328
841	9	329
842	9	330
843	9	331
844	9	332
845	9	333
846	9	334
847	9	335
848	9	336
849	9	337
850	9	338
851	9	339
852	9	340
853	9	341
854	9	342
855	9	343
856	9	344
857	9	346
858	9	347
859	9	348
860	9	349
861	9	350
862	9	351
863	9	352
864	9	353
865	9	354
866	9	355
867	9	356
868	9	357
869	9	358
870	9	359
871	9	360
872	9	361
873	9	362
874	9	363
875	9	364
876	9	365
877	9	366
878	9	367
879	9	560
880	9	561
881	9	562
882	9	563
883	9	564
884	9	565
885	9	568
886	9	570
887	9	572
888	9	573
889	9	574
890	9	575
891	9	576
892	9	579
893	9	587
894	9	588
895	9	590
896	9	594
897	9	596
898	9	597
899	9	598
900	9	599
901	9	600
902	9	603
903	9	606
904	9	610
905	9	611
906	9	614
907	9	615
908	9	623
909	9	624
910	9	625
911	9	636
912	9	639
913	9	640
914	9	643
915	9	642
447	10	369
448	6	370
449	10	371
450	1	372
451	10	373
452	10	374
453	5	375
454	10	376
455	7	377
456	11	378
457	10	379
458	10	380
459	10	382
460	6	383
461	7	384
462	10	385
463	7	386
464	10	387
465	6	388
466	5	389
467	7	390
468	5	391
469	10	392
470	7	393
471	10	394
472	5	395
473	6	396
474	7	397
475	5	398
476	10	399
477	4	400
478	10	401
479	10	402
480	10	403
481	1	404
483	10	406
484	10	407
485	5	408
486	10	409
487	1	410
488	7	411
489	10	412
490	10	413
491	10	414
492	10	415
493	7	416
494	10	417
495	7	418
496	6	419
497	10	420
498	7	421
499	10	422
500	6	423
501	10	424
502	1	425
503	11	426
504	5	427
505	5	428
506	5	429
507	8	430
508	8	431
509	8	432
510	8	433
511	8	434
512	8	435
513	8	436
514	8	437
515	8	438
516	8	439
517	8	440
518	8	441
519	8	442
520	8	443
521	8	444
522	8	445
523	8	446
524	8	447
525	8	448
526	8	449
527	8	450
528	8	451
529	8	452
530	8	453
531	8	454
532	8	455
533	8	456
534	8	457
535	8	458
536	8	459
537	8	460
538	8	461
539	8	462
540	8	463
541	8	464
542	11	465
543	10	466
544	7	467
545	5	468
546	10	469
547	4	470
548	10	471
549	7	472
550	1	473
551	4	474
552	10	475
553	1	476
554	6	477
555	6	478
556	1	479
557	6	480
558	4	482
559	7	483
560	5	484
561	4	485
562	6	486
563	10	487
564	5	488
565	4	489
566	1	490
567	10	491
568	5	492
569	1	493
570	5	494
571	7	495
572	7	496
573	5	497
574	10	498
575	7	499
576	7	500
577	10	501
578	1	502
579	10	503
580	7	504
581	4	505
582	10	506
583	1	507
584	7	508
585	10	509
586	10	510
587	11	511
588	10	512
589	10	513
590	10	514
591	1	515
592	4	516
593	5	517
594	10	518
595	4	519
596	7	520
597	1	521
598	10	522
599	7	523
600	10	524
601	1	525
602	4	526
603	7	527
604	7	528
605	10	529
606	7	530
607	6	531
608	6	532
609	4	533
610	4	534
611	1	535
612	7	536
613	5	537
614	7	538
615	7	539
616	7	540
617	7	541
618	10	542
619	10	543
620	11	544
621	7	545
622	7	546
623	1	547
624	10	548
625	7	549
626	7	550
627	4	551
628	7	552
629	7	553
630	7	554
631	4	555
632	5	556
633	10	557
634	5	558
641	8	566
642	8	567
646	8	571
652	8	577
653	8	578
655	8	580
656	8	581
657	8	582
658	8	583
659	8	584
660	8	585
661	8	586
664	8	589
666	8	591
667	8	592
668	8	593
670	8	595
676	8	601
677	8	602
679	8	604
680	8	605
682	8	607
683	8	608
684	8	609
687	8	612
688	8	613
691	8	616
692	8	617
693	8	618
694	8	619
695	8	620
696	8	621
697	8	622
701	8	626
702	8	627
703	8	628
704	8	629
705	8	630
706	8	631
707	8	632
708	8	633
709	8	634
710	8	635
712	8	637
713	8	638
717	10	641
720	8	644
721	4	645
722	6	405
723	6	646
724	4	94
725	6	35
726	11	91
727	4	80
728	6	368
729	4	647
730	10	648
731	10	52
732	8	569
\.


--
-- Name: players_positions_id_seq; Type: SEQUENCE SET; Schema: public; Owner: Home
--

SELECT pg_catalog.setval('players_positions_id_seq', 915, true);


--
-- Data for Name: positions; Type: TABLE DATA; Schema: public; Owner: Home
--

COPY positions (id, pos, created_at, updated_at, sort) FROM stdin;
7	C	2017-02-07 21:07:34.825282	2017-03-03 15:08:01.562897	1
4	1B	2017-02-07 21:06:27.581844	2017-03-03 15:08:17.656398	2
1	2B	2017-02-07 19:59:01.332682	2017-03-03 15:08:28.973017	3
5	3B	2017-02-07 21:06:42.117869	2017-03-03 15:08:40.22885	4
6	SS	2017-02-07 21:07:18.983559	2017-03-03 15:08:49.012747	5
10	OF	2017-02-07 21:08:07.962788	2017-03-03 15:09:33.169257	6
11	DH	2017-02-11 18:43:34.853257	2017-03-03 15:09:47.296447	7
8	SP	2017-02-07 21:07:46.285954	2017-03-03 15:10:15.296735	8
9	RP	2017-03-27 13:21:09.70911	2017-03-27 13:23:04.813583	9
\.


--
-- Name: positions_id_seq; Type: SEQUENCE SET; Schema: public; Owner: Home
--

SELECT pg_catalog.setval('positions_id_seq', 11, true);


--
-- Data for Name: schema_migrations; Type: TABLE DATA; Schema: public; Owner: Home
--

COPY schema_migrations (version) FROM stdin;
20160710225252
20160711135948
20160711175314
20160711181027
20160711181329
20160713161644
20160721121537
20160721121800
20160721141711
20170205142157
20170205150120
20170205150830
20170207144920
20170207145944
20170207192932
20170207195312
20170207214130
20170207214201
20170208130143
20170208131017
20170209143606
20170209203037
20170211172055
20170212142716
20170217131132
20170218123929
20170221131331
20170221132429
20170221132553
20170221142608
20170221143016
20170222123548
20170226160635
20170303150448
20170307234530
20170314153725
20170315142752
20170320190155
\.


--
-- Data for Name: team_seasons; Type: TABLE DATA; Schema: public; Owner: Home
--

COPY team_seasons (id, year, place, run_points, hr_points, rbi_points, sb_points, avg_points, win_points, k_points, sv_points, whip_points, era_points, total_run, total_hr, total_rbi, total_sb, total_avg, total_win, total_k, total_sv, total_whip, total_era, total_points, owner_id, created_at, updated_at, current_season, innings, gp) FROM stdin;
139	2015	3	8	6	7	10	8	7	9.5	7	8	5	935	239	897	157	0.278600000000000014	93	1497	141	1.123	3.39500000000000002	75.5	8	2016-07-12 13:50:00	2016-07-22 15:45:28.36728	f	\N	\N
133	2015	5	7	9	4	7	4	10	2.5	10	4	4	870	242	927	124	0.276700000000000002	72	1302	160	1.22700000000000009	3.5950000000000002	56.5	7	2016-07-12 13:50:00	2016-07-22 15:45:28.402227	f	\N	\N
175	2015	10	1	2	1	1	6	1	1	1	1	1	740	190	731	60	0.271899999999999975	69	1017	28	1.40700000000000003	4.47100000000000009	16	12	2016-07-12 13:50:00	2016-07-22 15:45:28.405512	f	\N	\N
169	2015	9	4	1	2	5.5	5	2.5	2	2	3	2	844	179	749	128	0.270199999999999996	72	1073	42	1.24399999999999999	3.74400000000000022	29	13	2016-07-12 13:50:00	2016-07-22 15:45:28.409814	f	\N	\N
331	2007	1	10	10	8	7	10	6	7	7	3.5	3	927	237	866	130	0.298999999999999988	82	1089	104	1.29000000000000004	3.9700000000000002	71.5	6	2016-07-23 14:10:14.374745	2016-07-23 14:10:14.374745	f	\N	\N
332	2007	2	7	5	7	6	4	10	6	10	8.5	5	849	200	864	115	0.280000000000000027	96	1076	115	1.25	3.93000000000000016	68.5	7	2016-07-23 14:10:14.382916	2016-07-23 14:10:14.382916	f	\N	\N
333	2007	3	9	9	9	8	6	8	8	3	2	6	877	229	874	141	0.287999999999999978	84	1097	87	1.30000000000000004	3.87999999999999989	68	8	2016-07-23 14:10:14.390212	2016-07-23 14:10:14.390212	f	\N	\N
334	2007	4	6	1	3	9	8	5	10	9	5.5	7	830	166	756	167	0.293999999999999984	79	1138	112	1.28000000000000003	3.81999999999999984	63.5	11	2016-07-23 14:10:14.398969	2016-07-23 14:10:14.398969	f	\N	\N
163	2015	7	2	3	3	3	3	6	8	5	5	6	814	209	772	116	0.260299999999999976	91	1459	113	1.19999999999999996	3.35899999999999999	44	14	2016-07-12 13:50:00	2016-07-22 15:45:28.413788	f	\N	\N
157	2015	4	7	8	10	8	2	9	9.5	8	6	7	917	254	965	139	0.258299999999999974	99	1497	151	1.15300000000000002	3.31999999999999984	74.5	11	2016-07-12 13:50:00	2016-07-22 15:45:28.416618	f	\N	\N
127	2015	1	10	9	8	9	9	10	6	6	9	9	1018	259	919	149	0.280299999999999994	100	1366	139	1.11899999999999999	3.08199999999999985	85	6	2016-07-12 13:50:00	2016-07-22 15:45:28.41956	f	\N	\N
121	2015	5	6	4	4	7	10	5	5	4	7	8	906	210	812	136	0.282799999999999996	85	1323	111	1.1379999999999999	3.23799999999999999	60	5	2016-07-12 13:50:00	2016-07-22 15:45:28.422366	f	\N	\N
151	2015	8	3	5	5	2	1	4	3	3	2	3	818	230	832	83	0.254800000000000026	80	1145	77	1.25299999999999989	3.66800000000000015	31	10	2016-07-12 13:50:00	2016-07-22 15:45:28.424964	f	\N	\N
145	2015	2	9	10	6	5.5	4	8	7	9	10	10	971	260	883	128	0.2626	98	1416	153	1.10200000000000009	2.996	78.5	9	2016-07-12 13:50:00	2016-07-22 15:45:28.427505	f	\N	\N
128	2014	9	3	5	4	3	3.5	3	3	2	2	1	830	192	815	126	0.266600000000000004	74	1214	73	1.2629999999999999	3.71399999999999997	29.5	6	2016-07-12 13:50:00	2016-07-22 15:45:28.430226	f	\N	\N
122	2014	8	1	2	3	4	9	2	2	1	5	4	803	178	796	128	0.276000000000000023	73	1176	66	1.19399999999999995	3.29300000000000015	33	5	2016-07-12 13:50:00	2016-07-22 15:45:28.4328	f	\N	\N
134	2014	4	7	6	7	5	10	7	8	8	6	6	893	202	876	129	0.280299999999999994	92	1392	122	1.18399999999999994	3.23799999999999999	70	7	2016-07-12 13:50:00	2016-07-22 15:45:28.435929	f	\N	\N
140	2014	2	9	9	8	7	8	10	7	6.5	10	10	935	237	889	139	0.272199999999999998	99	1364	121	1.07299999999999995	2.70100000000000007	84.5	8	2016-07-12 13:50:00	2016-07-22 15:45:28.441373	f	\N	\N
146	2014	1	10	10	10	6	5	9	10	10	9	8	956	239	893	131	0.269399999999999973	97	1517	175	1.1319999999999999	3.10899999999999999	87	9	2016-07-12 13:50:00	2016-07-22 15:45:28.444698	f	\N	\N
152	2014	5	4	7	5	1	2	8	6	4	8	7	838	217	841	96	0.258400000000000019	94	1330	102	1.1419999999999999	3.22599999999999998	52	10	2016-07-12 13:50:00	2016-07-22 15:45:28.450177	f	\N	\N
158	2014	6	6	4	2	8	1	4	5	6.5	4	5	864	191	787	140	0.253400000000000014	85	1313	121	1.19599999999999995	3.27800000000000002	45.5	11	2016-07-12 13:50:00	2016-07-22 15:45:28.452878	f	\N	\N
164	2014	3	8	8	9	9	7	10	7	6.5	10	10	921	236	890	160	0.270699999999999996	87	1403	93	1.15999999999999992	3.04099999999999993	74	14	2016-07-12 13:50:00	2016-07-22 15:45:28.455517	f	\N	\N
170	2014	7	5	1	1	10	6	6	4	9	1	2	839	145	669	178	0.269899999999999973	88	1232	129	1.28000000000000003	3.69399999999999995	45	15	2016-07-12 13:50:00	2016-07-22 15:45:28.460157	f	\N	\N
176	2014	10	2	3	6	2	3.5	1	1	5	3	3	807	185	854	101	0.266600000000000004	71	1102	110	1.21599999999999997	3.46799999999999997	29.5	18	2016-07-12 13:50:00	2016-07-22 15:45:28.462933	f	\N	\N
335	2007	5	5	6	5	1	3	8	4	4	10	10	817	202	809	89	0.279000000000000026	84	1054	92	1.23999999999999999	3.45000000000000018	56	14	2016-07-23 14:10:14.407948	2016-07-23 14:10:14.407948	f	\N	\N
336	2007	6	8	8	6	5	7	1.5	5	5	7	1	860	220	830	114	0.290999999999999981	72	1058	94	1.26000000000000001	4.03000000000000025	53.5	21	2016-07-23 14:10:14.416016	2016-07-23 14:10:14.416016	f	\N	\N
337	2007	7	4	2	4	4	5	8	3	1	8.5	9	787	168	775	111	0.284999999999999976	84	1041	69	1.25	3.7200000000000002	48.5	22	2016-07-23 14:10:14.423828	2016-07-23 14:10:14.423828	f	\N	\N
338	2007	8	2	4	1	10	2	1.5	9	8	3.5	2	782	188	724	179	0.278000000000000025	72	1126	108	1.29000000000000004	3.99000000000000021	43	9	2016-07-23 14:10:14.431221	2016-07-23 14:10:14.431221	f	\N	\N
141	2013	3	8	7	10	2	4	10	7	7	6	5	960	243	960	96	0.269100000000000006	106	1371	124	1.19100000000000006	3.41000000000000014	66	8	2016-07-12 13:50:00	2016-07-22 15:45:28.465744	f	\N	\N
165	2013	5	9	4	2	10	6	10	7	7	6	5	966	200	804	184	0.272199999999999998	83	1398	130	1.19199999999999995	3.38700000000000001	63	14	2016-07-12 13:50:00	2016-07-22 15:45:28.468614	f	\N	\N
123	2013	7	5	5	9	3	7	1.5	1	5.5	3	3	896	226	929	107	0.273299999999999987	80	1223	118	1.22100000000000009	3.67600000000000016	43	5	2016-07-12 13:50:00	2016-07-22 15:45:28.471227	f	\N	\N
147	2013	1	7	10	4	8	5	8	9	9	10	10	953	255	868	166	0.270100000000000007	96	1433	138	1.1379999999999999	3.08000000000000007	80	9	2016-07-12 13:50:00	2016-07-22 15:45:28.474285	f	\N	\N
135	2013	10	3	1	5	5	10	1.5	5	3	2	1	862	192	871	145	0.283299999999999996	80	1327	100	1.2569999999999999	3.80900000000000016	36.5	7	2016-07-12 13:50:00	2016-07-22 15:45:28.477036	f	\N	\N
339	2007	9	1	7	10	3	9	3	1	2	1	4	781	207	880	101	0.296999999999999986	75	873	74	1.37000000000000011	3.95999999999999996	41	17	2016-07-23 14:10:14.439628	2016-07-23 14:10:14.439628	f	\N	\N
340	2007	10	3	3	2	2	1	4	2	6	5.5	8	783	181	746	90	0.276000000000000023	77	951	100	1.28000000000000003	3.77000000000000002	36.5	5	2016-07-23 14:10:14.447764	2016-07-23 14:10:14.447764	f	\N	\N
341	2008	1	5	8	7	5	3	7	10	9	10	10	836	215	822	107	0.277000000000000024	84	1244	129	1.19999999999999996	3.14999999999999991	74	14	2016-07-23 14:10:14.456067	2016-07-23 14:10:14.456067	f	\N	\N
342	2008	2	6	10	10	2.5	8.5	8.5	9	6	5.5	7	844	237	899	97	0.290999999999999981	85	1240	117	1.28000000000000003	3.56999999999999984	73	8	2016-07-23 14:10:14.46595	2016-07-23 14:10:14.46595	f	\N	\N
343	2008	2	7	6	6	8	4.5	8.5	7	8	9	9	852	210	814	152	0.281999999999999973	85	1161	121	1.23999999999999999	3.39999999999999991	73	6	2016-07-23 14:10:14.474629	2016-07-23 14:10:14.474629	f	\N	\N
344	2008	4	8.5	7	8	6	10	10	2	1	7.5	6	864	211	828	114	0.294999999999999984	94	959	48	1.27000000000000002	3.74000000000000021	66	17	2016-07-23 14:10:14.482286	2016-07-23 14:10:14.482286	f	\N	\N
345	2008	5	8.5	4	5	9	6.5	3.5	8	10	4	4	864	180	756	158	0.282999999999999974	74	1214	150	1.29000000000000004	3.89000000000000012	62.5	11	2016-07-23 14:10:14.490299	2016-07-23 14:10:14.490299	f	\N	\N
346	2008	6	10	9	9	10	6.5	1	5	5	3	3	868	230	830	161	0.282999999999999974	70	1107	103	1.32000000000000006	3.93000000000000016	61.5	9	2016-07-23 14:10:14.499658	2016-07-23 14:10:14.499658	f	\N	\N
347	2008	7	4	5	3	4	4.5	5	3	4	5.5	5	812	204	740	100	0.281999999999999973	75	1009	82	1.28000000000000003	3.87999999999999989	43	21	2016-07-23 14:10:14.507506	2016-07-23 14:10:14.507506	f	\N	\N
348	2008	8	3	2	2	1	8.5	6	1	3	7.5	8	751	164	700	86	0.290999999999999981	80	843	79	1.27000000000000002	3.49000000000000021	42	5	2016-07-23 14:10:14.515301	2016-07-23 14:10:14.515301	f	\N	\N
349	2008	9	1	1	1	7	1	3.5	6	7	2	1	719	162	688	119	0.267000000000000015	74	1114	120	1.33000000000000007	4.04999999999999982	30.5	7	2016-07-23 14:10:14.523698	2016-07-23 14:10:14.523698	f	\N	\N
351	2009	1	10	6.5	9	8	5.5	10	6	3	8	7	1050	256	971	188	0.279000000000000026	97	1255	83	1.23999999999999999	3.66999999999999993	73	7	2016-07-23 14:10:14.538884	2016-07-23 14:10:14.538884	f	\N	\N
352	2009	2	9	9	5	5	8	5	7	10	6	6	1001	268	919	146	0.283999999999999975	85	1274	150	1.30000000000000004	3.89000000000000012	70	11	2016-07-23 14:10:14.546344	2016-07-23 14:10:14.546344	f	\N	\N
353	2009	3	7	8	8	7	9.5	7	4	8	5	5	959	258	968	162	0.286999999999999977	94	1191	129	1.32000000000000006	3.89999999999999991	68.5	9	2016-07-23 14:10:14.555526	2016-07-23 14:10:14.555526	f	\N	\N
354	2009	4	6	4	7	2	2	6	9	9	10	10	958	239	962	105	0.274000000000000021	91	1307	143	1.14999999999999991	3.12000000000000011	65	14	2016-07-23 14:10:14.563178	2016-07-23 14:10:14.563178	f	\N	\N
355	2009	5	4.5	1.5	2	4	9.5	8	8	7	7	8	957	230	909	135	0.286999999999999977	95	1294	117	1.25	3.58000000000000007	59.5	8	2016-07-23 14:10:14.570714	2016-07-23 14:10:14.570714	f	\N	\N
357	2009	7	8	10	10	9	3.5	2	5	5	3.5	2	994	305	1057	190	0.276000000000000023	74	1223	93	1.33000000000000007	4.13999999999999968	58	6	2016-07-23 14:10:14.586486	2016-07-23 14:10:14.586486	f	\N	\N
358	2009	8	2	1.5	3	10	7	3	3	4	3.5	4	906	230	913	208	0.282999999999999974	76	1109	86	1.33000000000000007	3.95000000000000018	41	17	2016-07-23 14:10:14.594212	2016-07-23 14:10:14.594212	f	\N	\N
359	2009	9	4.5	5	1	3	5.5	1	1	6	1	1	957	240	886	125	0.279000000000000026	65	965	110	1.3899999999999999	4.70000000000000018	29	21	2016-07-23 14:10:14.602862	2016-07-23 14:10:14.602862	f	\N	\N
360	2009	10	1	6.5	6	1	1	4	2	1	2	3	894	256	950	81	0.27200000000000002	83	1091	62	1.34000000000000008	4	27.5	5	2016-07-23 14:10:14.61062	2016-07-23 14:10:14.61062	f	\N	\N
679	2016	1	10	10	10	6	10	6	8	9	7	7	1025	316	1064	115	0.288200000000000012	89	1484	198	1.18700000000000006	3.60000000000000009	83	8	2017-01-24 14:47:17.63262	2017-01-24 14:47:17.63262	f	1457.09999999999991	1775
680	2016	2	9	4	8	10	5	10	10	6	9	9	1020	260	1021	178	0.270799999999999985	110	1606	185	1.1120000000000001	3.23899999999999988	80	6	2017-01-24 14:47:17.641504	2017-01-24 14:47:17.641504	f	1459	1771
681	2016	2	8	8	9	5	7	8	9	10	8	8	1016	304	1024	99	0.281000000000000028	95	1516	216	1.17900000000000005	3.3919999999999999	80	5	2017-01-24 14:47:17.650124	2017-01-24 14:47:17.650124	f	1425	1792
691	2012	6	4	2	2	6	6	6.5	5	5	9	8	917	191	746	162	0.272100000000000009	92	1327	110	1.18999999999999995	3.3490000000000002	53.5	21	2017-02-09 14:15:09.36443	2017-02-09 14:15:09.36443	f	\N	\N
350	2008	10	2	3	4	2.5	2	2	4	2	1	2	740	172	753	97	0.270000000000000018	72	1067	70	1.37000000000000011	4.03000000000000025	24.5	20	2016-07-23 14:10:14.530985	2016-07-23 14:10:14.530985	f	\N	\N
129	2013	2	6	9	8	6	3	9	10	5.5	8	6	931	253	910	146	0.267299999999999982	98	1450	118	1.18399999999999994	3.3879999999999999	70.5	6	2016-07-12 13:50:00	2016-07-22 15:45:28.479862	f	\N	\N
153	2013	8	4	8	3	1	1	6	6	2	7	4	866	245	862	85	0.263799999999999979	85	1336	74	1.18700000000000006	3.6030000000000002	42	10	2016-07-12 13:50:00	2016-07-22 15:45:28.482498	f	\N	\N
171	2013	3	10	6	6	9	8	3	2	4	9	9	978	235	876	167	0.277799999999999991	81	1250	102	1.18100000000000005	3.25199999999999978	66	15	2016-07-12 13:50:00	2016-07-22 15:45:28.485596	f	\N	\N
177	2013	9	2	3	7	4	9	5	3	1	1	2	852	198	883	111	0.280600000000000016	84	1285	63	1.254	3.68100000000000005	37	18	2016-07-12 13:50:00	2016-07-22 15:45:28.489673	f	\N	\N
159	2013	6	1	2	1	7	2	7	4	10	4	8	820	195	778	156	0.267000000000000015	90	1319	156	1.21199999999999997	3.38099999999999978	46	11	2016-07-12 13:50:00	2016-07-22 15:45:28.493138	f	\N	\N
160	2012	4	6	4	6	10	7	6.5	8	7	2	4	939	236	908	176	0.276600000000000013	92	1349	130	1.2629999999999999	3.72299999999999986	60.5	11	2016-07-12 13:50:00	2016-07-22 15:45:28.498791	f	\N	\N
166	2012	8	3	1	1	9	2	8.5	7	6	3	2	831	168	704	166	0.26419999999999999	91	1336	127	1.2569999999999999	3.84299999999999997	42.5	14	2016-07-12 13:50:00	2016-07-22 15:45:28.501537	f	\N	\N
130	2012	3	10	8	4	4.5	9	5	6	1	10	9	1030	268	890	146	0.284100000000000019	89	1344	28	1.18599999999999994	3.35000000000000009	66.5	6	2016-07-12 13:50:00	2016-07-22 15:45:28.504216	f	\N	\N
178	2012	9	2	5	8	1	5	3	2	3	6	5	819	240	952	104	0.269600000000000006	84	1116	67	1.21599999999999997	3.62800000000000011	40	18	2016-07-12 13:50:00	2016-07-22 15:45:28.507975	f	\N	\N
124	2012	10	1	3	3	3	1	1	1	2	1	1	797	209	822	122	0.263000000000000012	68	1010	50	1.40100000000000002	4.34700000000000042	17	5	2016-07-12 13:50:00	2016-07-22 15:45:28.514169	f	\N	\N
148	2012	2	8	10	10	8	4	10	10	8	7	7	987	289	976	166	0.269799999999999984	95	1425	136	1.19300000000000006	3.54199999999999982	82	9	2016-07-12 13:50:00	2016-07-22 15:45:28.519539	f	\N	\N
142	2012	1	9	6	7	7	8	8.5	9	10	8	10	1019	249	941	164	0.279799999999999993	93	1399	164	1.18900000000000006	3.20599999999999996	82.5	8	2016-07-12 13:50:00	2016-07-22 15:45:28.522155	f	\N	\N
136	2012	5	7	7	9	2	10	2	4	9	4	3	973	261	966	114	0.291600000000000026	79	1221	143	1.25	3.75599999999999978	57	7	2016-07-12 13:50:00	2016-07-22 15:45:28.524807	f	\N	\N
161	2011	6	3	2	2.5	10	4	3.5	8	10	2	2	857	201	817	201	0.270000000000000018	85	1305	185	1.2609999999999999	3.78699999999999992	47	11	2016-07-12 13:50:00	2016-07-22 15:45:28.527441	f	\N	\N
143	2011	9	8	5	4	6	5	1	3	2	3	3	967	237	878	154	0.273299999999999987	70	1236	72	1.24199999999999999	3.62000000000000011	40	8	2016-07-12 13:50:00	2016-07-22 15:45:28.530377	f	\N	\N
149	2011	2	10	9	8.5	9	7	9	9	9	1	1	1050	260	923	184	0.2747	98	1362	141	1.26899999999999991	3.81400000000000006	72.5	9	2016-07-12 13:50:00	2016-07-22 15:45:28.533432	f	\N	\N
155	2011	4	9	10	7	7	3	3.5	4	6	9	8	1000	269	922	156	0.269199999999999995	85	1238	114	1.18599999999999994	3.42399999999999993	66.5	10	2016-07-12 13:50:00	2016-07-22 15:45:28.539979	f	\N	\N
125	2011	5	6	3	8.5	4	9	8	5	8	7	5	949	203	923	143	0.278700000000000003	93	1245	129	1.20799999999999996	3.44899999999999984	63.5	5	2016-07-12 13:50:00	2016-07-22 15:45:28.543784	f	\N	\N
167	2011	10	1.5	1	2.5	2	1	3.5	2	4	4	9	803	187	817	121	0.253900000000000015	85	1170	93	1.2390000000000001	3.39599999999999991	30.5	14	2016-07-12 13:50:00	2016-07-22 15:45:28.548493	f	\N	\N
179	2011	8	1.5	4	1	1	2	10	7	3	8	4	803	228	805	107	0.258799999999999975	99	1296	74	1.24199999999999999	3.48600000000000021	41.5	19	2016-07-12 13:50:00	2016-07-22 15:45:28.551265	f	\N	\N
173	2011	7	4	6	6	3	10	3.5	1	1	6	6	871	240	921	140	0.28460000000000002	85	1136	37	1.21100000000000008	3.44700000000000006	46.5	17	2016-07-12 13:50:00	2016-07-22 15:45:28.553981	f	\N	\N
137	2011	1	5	8	10	8	6	6	6	5	10	10	944	248	992	158	0.273799999999999988	89	1280	113	1.16999999999999993	3.18800000000000017	74	7	2016-07-12 13:50:00	2016-07-22 15:45:28.557799	f	\N	\N
131	2011	3	7	7	5	5	8	7	10	7	5	7	961	245	918	148	0.276899999999999979	90	1384	115	1.21199999999999997	3.44200000000000017	68	6	2016-07-12 13:50:00	2016-07-22 15:45:28.561481	f	\N	\N
156	2010	6	5	10	9	3	5	4	6	1	2	2	926	270	952	118	0.27410000000000001	86	1289	37	1.30499999999999994	3.97100000000000009	47	10	2016-07-12 13:50:00	2016-07-22 15:45:28.564201	f	\N	\N
180	2010	10	4	1	2	4	3	2	2	2	3	4	905	189	843	124	0.273199999999999998	83	1186	51	1.29200000000000004	3.59200000000000008	27	20	2016-07-12 13:50:00	2016-07-22 15:45:28.566839	f	\N	\N
132	2010	9	2	2.5	3	2	1	5.5	4	5	8	5	904	197	848	116	0.266400000000000026	92	1247	102	1.21799999999999997	3.53699999999999992	38	6	2016-07-12 13:50:00	2016-07-22 15:45:28.569491	f	\N	\N
138	2010	2	9	9	9	8	4	7	3	8	6	8	975	256	933	175	0.274299999999999988	97	1213	123	1.24700000000000011	3.31300000000000017	71	7	2016-07-12 13:50:00	2016-07-22 15:45:28.572194	f	\N	\N
150	2010	3	8	7	10	8	7	5.5	5	10	4	3	958	246	984	160	0.277799999999999991	94	1287	179	1.27600000000000002	3.6549999999999998	67.5	9	2016-07-12 13:50:00	2016-07-22 15:45:28.575614	f	\N	\N
162	2010	5	7	6	5	10	9	3	8	9	1	1	938	219	871	184	0.280100000000000016	84	1337	143	1.33200000000000007	4.12999999999999989	59	11	2016-07-12 13:50:00	2016-07-22 15:45:28.578364	f	\N	\N
144	2010	1	10	8	7	6	8	9	9	6	9	9	1010	249	925	135	0.276899999999999979	101	1340	115	1.16100000000000003	3.05200000000000005	81	8	2016-07-12 13:50:00	2016-07-22 15:45:28.581052	f	\N	\N
168	2010	4	3	2.5	4	5	10	10	10	7	7	7	904	197	854	130	0.281000000000000028	111	1362	121	1.23100000000000009	3.43699999999999983	65.5	14	2016-07-12 13:50:00	2016-07-22 15:45:28.584164	f	\N	\N
126	2010	6	6	5	6	1	6	8	1	3	5	6	933	217	882	106	0.27629999999999999	100	1169	83	1.24399999999999999	3.48200000000000021	47	5	2016-07-12 13:50:00	2016-07-22 15:45:28.58947	f	\N	\N
174	2010	6	1	4	1	7	2	1	7	4	10	10	862	198	805	155	0.269799999999999984	82	1297	84	1.13300000000000001	3.02400000000000002	47	17	2016-07-12 13:50:00	2016-07-22 15:45:28.593082	f	\N	\N
154	2012	7	5	9	5	4.5	3	4	3	4	5	6	944	272	899	148	0.266799999999999982	86	1165	106	1.22399999999999998	3.67099999999999982	48.5	10	2016-07-12 13:50:00	2016-07-22 15:45:28.516783	f	\N	\N
682	2016	4	5.5	5	7	7	9	3.5	6	7	10	10	992	267	990	148	0.285299999999999998	86	1352	189	1.10299999999999998	3.08899999999999997	70	9	2017-01-24 14:47:17.657954	2017-01-24 14:47:17.657954	f	1290.20000000000005	1738
683	2016	5	5.5	7	5	9	8	1	5	8	3	5	992	287	927	164	0.282200000000000006	67	1343	197	1.28200000000000003	3.83599999999999985	56.5	7	2017-01-24 14:47:17.666164	2017-01-24 14:47:17.666164	f	1316.09999999999991	1720
684	2016	6	4	9	6	3	2	9	3	4	5	4	943	310	936	84	0.26319999999999999	109	1270	145	1.23999999999999999	3.88700000000000001	49	10	2017-01-24 14:47:17.673708	2017-01-24 14:47:17.673708	f	1451.20000000000005	1722
685	2016	7	7	6	3	8	3	5	1	3	2	1	997	284	908	154	0.26319999999999999	87	1254	120	1.33600000000000008	4.28099999999999969	39	11	2017-01-24 14:47:17.681682	2017-01-24 14:47:17.681682	f	1267.20000000000005	1746
686	2016	8	3	3	2	1	1	7	7	1	6	3	911	255	873	74	0.26319999999999999	91	1408	109	1.2370000000000001	3.92799999999999994	34	12	2017-01-24 14:47:17.690601	2017-01-24 14:47:17.690601	f	1423	1717
687	2016	9	1	2	1	2	6	3.5	4	2	4	6	887	249	867	83	0.271000000000000019	86	1317	119	1.25600000000000001	3.63600000000000012	31.5	14	2017-01-24 14:47:17.698906	2017-01-24 14:47:17.698906	f	1359	1725
688	2016	10	2	1	4	4	4	2	2	5	1	2	903	246	914	86	0.265900000000000025	81	1262	147	1.33800000000000008	4.01900000000000013	27	13	2017-01-24 14:47:17.706838	2017-01-24 14:47:17.706838	f	1305.20000000000005	1726
356	2009	6	3	3	4	6	3.5	9	10	2	9	9	950	238	917	150	0.276000000000000023	96	1351	77	1.19999999999999996	3.2200000000000002	58.5	20	2016-07-23 14:10:14.578568	2016-07-23 14:10:14.578568	f	\N	\N
655	2016	\N	\N	\N	\N	\N	\N	\N	\N	\N	\N	\N	815	249	841	82	0.284999999999999976	77	1216	172	1.19900000000000007	3.3490000000000002	\N	5	2016-08-26 11:27:57.43907	2016-08-26 11:27:57.43907	t	1158.09999999999991	1418
656	2016	\N	\N	\N	\N	\N	\N	\N	\N	\N	\N	\N	823	213	832	137	0.270500000000000018	80	1233	150	1.08899999999999997	3.08800000000000008	\N	6	2016-08-26 11:27:57.510637	2016-08-26 11:27:57.510637	t	1107.20000000000005	1405
657	2016	\N	\N	\N	\N	\N	\N	\N	\N	\N	\N	\N	825	254	852	84	0.288499999999999979	60	1172	151	1.17599999999999993	3.57600000000000007	\N	8	2016-08-26 11:27:57.518351	2016-08-26 11:27:57.518351	t	1152.20000000000005	1402
658	2016	\N	\N	\N	\N	\N	\N	\N	\N	\N	\N	\N	782	202	783	119	0.283100000000000018	72	1106	154	1.08600000000000008	2.95299999999999985	\N	9	2016-08-26 11:27:57.527605	2016-08-26 11:27:57.527605	t	1045.09999999999991	1377
659	2016	\N	\N	\N	\N	\N	\N	\N	\N	\N	\N	\N	798	218	725	142	0.288300000000000001	60	1108	161	1.2649999999999999	3.72999999999999998	\N	7	2016-08-26 11:27:57.53662	2016-08-26 11:27:57.53662	t	1102.20000000000005	1348
660	2016	\N	\N	\N	\N	\N	\N	\N	\N	\N	\N	\N	758	247	727	63	0.26419999999999999	82	994	119	1.25600000000000001	4.06200000000000028	\N	10	2016-08-26 11:27:57.546922	2016-08-26 11:27:57.546922	t	1161	1358
661	2016	\N	\N	\N	\N	\N	\N	\N	\N	\N	\N	\N	800	226	733	115	0.264000000000000012	66	943	100	1.31600000000000006	4.00300000000000011	\N	11	2016-08-26 11:27:57.554971	2016-08-26 11:27:57.554971	t	975.200000000000045	1376
662	2016	\N	\N	\N	\N	\N	\N	\N	\N	\N	\N	\N	728	201	696	67	0.264600000000000002	72	1108	95	1.23399999999999999	4.0990000000000002	\N	12	2016-08-26 11:27:57.563394	2016-08-26 11:27:57.563394	t	1117.20000000000005	1373
663	2016	\N	\N	\N	\N	\N	\N	\N	\N	\N	\N	\N	705	196	697	64	0.274299999999999988	72	1076	98	1.27800000000000002	3.7719999999999998	\N	14	2016-08-26 11:27:57.571316	2016-08-26 11:27:57.571316	t	1128.20000000000005	1367
664	2016	\N	\N	\N	\N	\N	\N	\N	\N	\N	\N	\N	726	198	707	73	0.263100000000000001	66	1021	125	1.31600000000000006	3.93699999999999983	\N	13	2016-08-26 11:27:57.580135	2016-08-26 11:27:57.580135	t	1058.09999999999991	1361
\.


--
-- Name: team_seasons_id_seq; Type: SEQUENCE SET; Schema: public; Owner: Home
--

SELECT pg_catalog.setval('team_seasons_id_seq', 691, true);


--
-- Data for Name: years; Type: TABLE DATA; Schema: public; Owner: Home
--

COPY years (id, year, created_at, updated_at) FROM stdin;
1	2016	2017-02-17 13:12:54.81303	2017-02-17 13:12:54.81303
2	2017	2017-02-17 13:13:05.036239	2017-02-17 13:13:05.036239
\.


--
-- Name: years_id_seq; Type: SEQUENCE SET; Schema: public; Owner: Home
--

SELECT pg_catalog.setval('years_id_seq', 2, true);


--
-- Name: battings_pkey; Type: CONSTRAINT; Schema: public; Owner: Home
--

ALTER TABLE ONLY battings
    ADD CONSTRAINT battings_pkey PRIMARY KEY (id);


--
-- Name: mlbteams_pkey; Type: CONSTRAINT; Schema: public; Owner: Home
--

ALTER TABLE ONLY mlbteams
    ADD CONSTRAINT mlbteams_pkey PRIMARY KEY (id);


--
-- Name: notes_pkey; Type: CONSTRAINT; Schema: public; Owner: Home
--

ALTER TABLE ONLY notes
    ADD CONSTRAINT notes_pkey PRIMARY KEY (id);


--
-- Name: owners_pkey; Type: CONSTRAINT; Schema: public; Owner: Home
--

ALTER TABLE ONLY owners
    ADD CONSTRAINT owners_pkey PRIMARY KEY (id);


--
-- Name: pitchings_pkey; Type: CONSTRAINT; Schema: public; Owner: Home
--

ALTER TABLE ONLY pitchings
    ADD CONSTRAINT pitchings_pkey PRIMARY KEY (id);


--
-- Name: player_rankings_pkey; Type: CONSTRAINT; Schema: public; Owner: Home
--

ALTER TABLE ONLY player_rankings
    ADD CONSTRAINT player_rankings_pkey PRIMARY KEY (id);


--
-- Name: players_pkey; Type: CONSTRAINT; Schema: public; Owner: Home
--

ALTER TABLE ONLY players
    ADD CONSTRAINT players_pkey PRIMARY KEY (id);


--
-- Name: players_positions_pkey; Type: CONSTRAINT; Schema: public; Owner: Home
--

ALTER TABLE ONLY players_positions
    ADD CONSTRAINT players_positions_pkey PRIMARY KEY (id);


--
-- Name: positions_pkey; Type: CONSTRAINT; Schema: public; Owner: Home
--

ALTER TABLE ONLY positions
    ADD CONSTRAINT positions_pkey PRIMARY KEY (id);


--
-- Name: team_seasons_pkey; Type: CONSTRAINT; Schema: public; Owner: Home
--

ALTER TABLE ONLY team_seasons
    ADD CONSTRAINT team_seasons_pkey PRIMARY KEY (id);


--
-- Name: years_pkey; Type: CONSTRAINT; Schema: public; Owner: Home
--

ALTER TABLE ONLY years
    ADD CONSTRAINT years_pkey PRIMARY KEY (id);


--
-- Name: index_battings_on_mlbteam_id; Type: INDEX; Schema: public; Owner: Home
--

CREATE INDEX index_battings_on_mlbteam_id ON battings USING btree (mlbteam_id);


--
-- Name: index_battings_on_player_id; Type: INDEX; Schema: public; Owner: Home
--

CREATE INDEX index_battings_on_player_id ON battings USING btree (player_id);


--
-- Name: index_notes_on_owner_id; Type: INDEX; Schema: public; Owner: Home
--

CREATE INDEX index_notes_on_owner_id ON notes USING btree (owner_id);


--
-- Name: index_notes_on_player_id; Type: INDEX; Schema: public; Owner: Home
--

CREATE INDEX index_notes_on_player_id ON notes USING btree (player_id);


--
-- Name: index_pitchings_on_mlbteam_id; Type: INDEX; Schema: public; Owner: Home
--

CREATE INDEX index_pitchings_on_mlbteam_id ON pitchings USING btree (mlbteam_id);


--
-- Name: index_pitchings_on_player_id; Type: INDEX; Schema: public; Owner: Home
--

CREATE INDEX index_pitchings_on_player_id ON pitchings USING btree (player_id);


--
-- Name: index_player_rankings_on_player_id; Type: INDEX; Schema: public; Owner: Home
--

CREATE INDEX index_player_rankings_on_player_id ON player_rankings USING btree (player_id);


--
-- Name: index_players_on_owner_id; Type: INDEX; Schema: public; Owner: Home
--

CREATE INDEX index_players_on_owner_id ON players USING btree (owner_id);


--
-- Name: index_players_positions_on_player_id; Type: INDEX; Schema: public; Owner: Home
--

CREATE INDEX index_players_positions_on_player_id ON players_positions USING btree (player_id);


--
-- Name: index_players_positions_on_position_id; Type: INDEX; Schema: public; Owner: Home
--

CREATE INDEX index_players_positions_on_position_id ON players_positions USING btree (position_id);


--
-- Name: index_team_seasons_on_owner_id; Type: INDEX; Schema: public; Owner: Home
--

CREATE INDEX index_team_seasons_on_owner_id ON team_seasons USING btree (owner_id);


--
-- Name: unique_schema_migrations; Type: INDEX; Schema: public; Owner: Home
--

CREATE UNIQUE INDEX unique_schema_migrations ON schema_migrations USING btree (version);


--
-- Name: fk_rails_08af262a09; Type: FK CONSTRAINT; Schema: public; Owner: Home
--

ALTER TABLE ONLY pitchings
    ADD CONSTRAINT fk_rails_08af262a09 FOREIGN KEY (player_id) REFERENCES players(id);


--
-- Name: fk_rails_26a457aa52; Type: FK CONSTRAINT; Schema: public; Owner: Home
--

ALTER TABLE ONLY battings
    ADD CONSTRAINT fk_rails_26a457aa52 FOREIGN KEY (mlbteam_id) REFERENCES mlbteams(id);


--
-- Name: fk_rails_2c081cec10; Type: FK CONSTRAINT; Schema: public; Owner: Home
--

ALTER TABLE ONLY team_seasons
    ADD CONSTRAINT fk_rails_2c081cec10 FOREIGN KEY (owner_id) REFERENCES owners(id);


--
-- Name: fk_rails_3184830631; Type: FK CONSTRAINT; Schema: public; Owner: Home
--

ALTER TABLE ONLY battings
    ADD CONSTRAINT fk_rails_3184830631 FOREIGN KEY (player_id) REFERENCES players(id);


--
-- Name: fk_rails_a17ce5fbb8; Type: FK CONSTRAINT; Schema: public; Owner: Home
--

ALTER TABLE ONLY players
    ADD CONSTRAINT fk_rails_a17ce5fbb8 FOREIGN KEY (owner_id) REFERENCES owners(id);


--
-- Name: fk_rails_c442a3cb7f; Type: FK CONSTRAINT; Schema: public; Owner: Home
--

ALTER TABLE ONLY players_positions
    ADD CONSTRAINT fk_rails_c442a3cb7f FOREIGN KEY (position_id) REFERENCES positions(id);


--
-- Name: fk_rails_cd8463ef55; Type: FK CONSTRAINT; Schema: public; Owner: Home
--

ALTER TABLE ONLY players_positions
    ADD CONSTRAINT fk_rails_cd8463ef55 FOREIGN KEY (player_id) REFERENCES players(id);


--
-- Name: fk_rails_cf9e3c7468; Type: FK CONSTRAINT; Schema: public; Owner: Home
--

ALTER TABLE ONLY notes
    ADD CONSTRAINT fk_rails_cf9e3c7468 FOREIGN KEY (owner_id) REFERENCES owners(id);


--
-- Name: fk_rails_d09ba54706; Type: FK CONSTRAINT; Schema: public; Owner: Home
--

ALTER TABLE ONLY player_rankings
    ADD CONSTRAINT fk_rails_d09ba54706 FOREIGN KEY (player_id) REFERENCES players(id);


--
-- Name: fk_rails_e5f5ab625d; Type: FK CONSTRAINT; Schema: public; Owner: Home
--

ALTER TABLE ONLY pitchings
    ADD CONSTRAINT fk_rails_e5f5ab625d FOREIGN KEY (mlbteam_id) REFERENCES mlbteams(id);


--
-- Name: fk_rails_ef02bfafe7; Type: FK CONSTRAINT; Schema: public; Owner: Home
--

ALTER TABLE ONLY notes
    ADD CONSTRAINT fk_rails_ef02bfafe7 FOREIGN KEY (player_id) REFERENCES players(id);


--
-- Name: public; Type: ACL; Schema: -; Owner: postgres
--

REVOKE ALL ON SCHEMA public FROM PUBLIC;
REVOKE ALL ON SCHEMA public FROM postgres;
GRANT ALL ON SCHEMA public TO postgres;
GRANT ALL ON SCHEMA public TO PUBLIC;


--
-- PostgreSQL database dump complete
--

