--
-- PostgreSQL database dump
--

-- Dumped from database version 9.5.3
-- Dumped by pg_dump version 9.5.3

SET statement_timeout = 0;
SET lock_timeout = 0;
SET client_encoding = 'UTF8';
SET standard_conforming_strings = on;
SET check_function_bodies = false;
SET client_min_messages = warning;
SET row_security = off;

--
-- Name: plpgsql; Type: EXTENSION; Schema: -; Owner: -
--

CREATE EXTENSION IF NOT EXISTS plpgsql WITH SCHEMA pg_catalog;


--
-- Name: EXTENSION plpgsql; Type: COMMENT; Schema: -; Owner: -
--

COMMENT ON EXTENSION plpgsql IS 'PL/pgSQL procedural language';


SET search_path = public, pg_catalog;

SET default_tablespace = '';

SET default_with_oids = false;

--
-- Name: battings; Type: TABLE; Schema: public; Owner: -
--

CREATE TABLE battings (
    id integer NOT NULL,
    year integer,
    games integer,
    ab integer,
    runs integer,
    hits integer,
    double integer,
    triple integer,
    hr integer,
    rbi integer,
    sb integer,
    cs integer,
    bb integer,
    so integer,
    player_id integer,
    created_at timestamp without time zone NOT NULL,
    updated_at timestamp without time zone NOT NULL,
    average double precision,
    mlbteam_id integer
);


--
-- Name: battings_id_seq; Type: SEQUENCE; Schema: public; Owner: -
--

CREATE SEQUENCE battings_id_seq
    START WITH 1
    INCREMENT BY 1
    NO MINVALUE
    NO MAXVALUE
    CACHE 1;


--
-- Name: battings_id_seq; Type: SEQUENCE OWNED BY; Schema: public; Owner: -
--

ALTER SEQUENCE battings_id_seq OWNED BY battings.id;


--
-- Name: team_seasons; Type: TABLE; Schema: public; Owner: -
--

CREATE TABLE team_seasons (
    id integer NOT NULL,
    year integer,
    place integer,
    run_points double precision,
    hr_points double precision,
    rbi_points double precision,
    sb_points double precision,
    avg_points double precision,
    win_points double precision,
    k_points double precision,
    sv_points double precision,
    whip_points double precision,
    era_points double precision,
    total_run integer,
    total_hr integer,
    total_rbi integer,
    total_sb integer,
    total_avg double precision,
    total_win integer,
    total_k integer,
    total_sv integer,
    total_whip double precision,
    total_era double precision,
    total_points double precision,
    owner_id integer,
    created_at timestamp without time zone NOT NULL,
    updated_at timestamp without time zone NOT NULL,
    current_season boolean,
    innings double precision,
    gp integer
);


--
-- Name: current_seasons; Type: VIEW; Schema: public; Owner: -
--

CREATE VIEW current_seasons AS
 SELECT ((team_seasons.total_run)::double precision / (team_seasons.gp)::double precision) AS run_ratio,
    ((team_seasons.total_hr)::double precision / (team_seasons.gp)::double precision) AS hr_ratio,
    ((team_seasons.total_rbi)::double precision / (team_seasons.gp)::double precision) AS rbi_ratio,
    ((team_seasons.total_sb)::double precision / (team_seasons.gp)::double precision) AS sb_ratio,
    team_seasons.total_avg AS avg_ratio,
    ((team_seasons.total_win)::double precision / team_seasons.innings) AS win_ratio,
    ((team_seasons.total_k)::double precision / team_seasons.innings) AS k_ratio,
    ((team_seasons.total_sv)::double precision / team_seasons.innings) AS sv_ratio,
    team_seasons.total_whip AS whip_ratio,
    team_seasons.total_era AS era_ratio,
    team_seasons.owner_id,
    team_seasons.updated_at
   FROM team_seasons
  WHERE (team_seasons.current_season = true);


--
-- Name: mlbteams; Type: TABLE; Schema: public; Owner: -
--

CREATE TABLE mlbteams (
    id integer NOT NULL,
    abbr character varying,
    name character varying,
    created_at timestamp without time zone NOT NULL,
    updated_at timestamp without time zone NOT NULL
);


--
-- Name: mlbteams_id_seq; Type: SEQUENCE; Schema: public; Owner: -
--

CREATE SEQUENCE mlbteams_id_seq
    START WITH 1
    INCREMENT BY 1
    NO MINVALUE
    NO MAXVALUE
    CACHE 1;


--
-- Name: mlbteams_id_seq; Type: SEQUENCE OWNED BY; Schema: public; Owner: -
--

ALTER SEQUENCE mlbteams_id_seq OWNED BY mlbteams.id;


--
-- Name: owners; Type: TABLE; Schema: public; Owner: -
--

CREATE TABLE owners (
    id integer NOT NULL,
    first_name character varying,
    last_name character varying,
    team_name character varying,
    created_at timestamp without time zone NOT NULL,
    updated_at timestamp without time zone NOT NULL,
    abbr character varying,
    active boolean
);


--
-- Name: owners_id_seq; Type: SEQUENCE; Schema: public; Owner: -
--

CREATE SEQUENCE owners_id_seq
    START WITH 1
    INCREMENT BY 1
    NO MINVALUE
    NO MAXVALUE
    CACHE 1;


--
-- Name: owners_id_seq; Type: SEQUENCE OWNED BY; Schema: public; Owner: -
--

ALTER SEQUENCE owners_id_seq OWNED BY owners.id;


--
-- Name: pitchings; Type: TABLE; Schema: public; Owner: -
--

CREATE TABLE pitchings (
    id integer NOT NULL,
    year integer,
    wins integer,
    loss integer,
    games integer,
    gs integer,
    innings double precision,
    cg integer,
    shutouts integer,
    sv integer,
    hits integer,
    er integer,
    hr integer,
    bb integer,
    so integer,
    ba_opp double precision,
    era double precision,
    whip double precision,
    player_id integer,
    created_at timestamp without time zone NOT NULL,
    updated_at timestamp without time zone NOT NULL,
    mlbteam_id integer
);


--
-- Name: pitchings_id_seq; Type: SEQUENCE; Schema: public; Owner: -
--

CREATE SEQUENCE pitchings_id_seq
    START WITH 1
    INCREMENT BY 1
    NO MINVALUE
    NO MAXVALUE
    CACHE 1;


--
-- Name: pitchings_id_seq; Type: SEQUENCE OWNED BY; Schema: public; Owner: -
--

ALTER SEQUENCE pitchings_id_seq OWNED BY pitchings.id;


--
-- Name: player_rankings; Type: TABLE; Schema: public; Owner: -
--

CREATE TABLE player_rankings (
    id integer NOT NULL,
    my_rank integer,
    espn integer,
    cbs integer,
    mlb integer,
    player_id integer,
    created_at timestamp without time zone NOT NULL,
    updated_at timestamp without time zone NOT NULL
);


--
-- Name: player_rankings_id_seq; Type: SEQUENCE; Schema: public; Owner: -
--

CREATE SEQUENCE player_rankings_id_seq
    START WITH 1
    INCREMENT BY 1
    NO MINVALUE
    NO MAXVALUE
    CACHE 1;


--
-- Name: player_rankings_id_seq; Type: SEQUENCE OWNED BY; Schema: public; Owner: -
--

ALTER SEQUENCE player_rankings_id_seq OWNED BY player_rankings.id;


--
-- Name: players; Type: TABLE; Schema: public; Owner: -
--

CREATE TABLE players (
    id integer NOT NULL,
    first_name character varying,
    last_name character varying,
    birthday date,
    created_at timestamp without time zone NOT NULL,
    updated_at timestamp without time zone NOT NULL,
    avail boolean,
    batter boolean,
    owner_id integer,
    starter boolean
);


--
-- Name: players_id_seq; Type: SEQUENCE; Schema: public; Owner: -
--

CREATE SEQUENCE players_id_seq
    START WITH 1
    INCREMENT BY 1
    NO MINVALUE
    NO MAXVALUE
    CACHE 1;


--
-- Name: players_id_seq; Type: SEQUENCE OWNED BY; Schema: public; Owner: -
--

ALTER SEQUENCE players_id_seq OWNED BY players.id;


--
-- Name: players_positions; Type: TABLE; Schema: public; Owner: -
--

CREATE TABLE players_positions (
    id integer NOT NULL,
    position_id integer,
    player_id integer
);


--
-- Name: players_positions_id_seq; Type: SEQUENCE; Schema: public; Owner: -
--

CREATE SEQUENCE players_positions_id_seq
    START WITH 1
    INCREMENT BY 1
    NO MINVALUE
    NO MAXVALUE
    CACHE 1;


--
-- Name: players_positions_id_seq; Type: SEQUENCE OWNED BY; Schema: public; Owner: -
--

ALTER SEQUENCE players_positions_id_seq OWNED BY players_positions.id;


--
-- Name: positions; Type: TABLE; Schema: public; Owner: -
--

CREATE TABLE positions (
    id integer NOT NULL,
    pos character varying,
    created_at timestamp without time zone NOT NULL,
    updated_at timestamp without time zone NOT NULL
);


--
-- Name: positions_id_seq; Type: SEQUENCE; Schema: public; Owner: -
--

CREATE SEQUENCE positions_id_seq
    START WITH 1
    INCREMENT BY 1
    NO MINVALUE
    NO MAXVALUE
    CACHE 1;


--
-- Name: positions_id_seq; Type: SEQUENCE OWNED BY; Schema: public; Owner: -
--

ALTER SEQUENCE positions_id_seq OWNED BY positions.id;


--
-- Name: schema_migrations; Type: TABLE; Schema: public; Owner: -
--

CREATE TABLE schema_migrations (
    version character varying NOT NULL
);


--
-- Name: team_seasons_id_seq; Type: SEQUENCE; Schema: public; Owner: -
--

CREATE SEQUENCE team_seasons_id_seq
    START WITH 1
    INCREMENT BY 1
    NO MINVALUE
    NO MAXVALUE
    CACHE 1;


--
-- Name: team_seasons_id_seq; Type: SEQUENCE OWNED BY; Schema: public; Owner: -
--

ALTER SEQUENCE team_seasons_id_seq OWNED BY team_seasons.id;


--
-- Name: years; Type: TABLE; Schema: public; Owner: -
--

CREATE TABLE years (
    id integer NOT NULL,
    year integer,
    created_at timestamp without time zone NOT NULL,
    updated_at timestamp without time zone NOT NULL
);


--
-- Name: years_id_seq; Type: SEQUENCE; Schema: public; Owner: -
--

CREATE SEQUENCE years_id_seq
    START WITH 1
    INCREMENT BY 1
    NO MINVALUE
    NO MAXVALUE
    CACHE 1;


--
-- Name: years_id_seq; Type: SEQUENCE OWNED BY; Schema: public; Owner: -
--

ALTER SEQUENCE years_id_seq OWNED BY years.id;


--
-- Name: id; Type: DEFAULT; Schema: public; Owner: -
--

ALTER TABLE ONLY battings ALTER COLUMN id SET DEFAULT nextval('battings_id_seq'::regclass);


--
-- Name: id; Type: DEFAULT; Schema: public; Owner: -
--

ALTER TABLE ONLY mlbteams ALTER COLUMN id SET DEFAULT nextval('mlbteams_id_seq'::regclass);


--
-- Name: id; Type: DEFAULT; Schema: public; Owner: -
--

ALTER TABLE ONLY owners ALTER COLUMN id SET DEFAULT nextval('owners_id_seq'::regclass);


--
-- Name: id; Type: DEFAULT; Schema: public; Owner: -
--

ALTER TABLE ONLY pitchings ALTER COLUMN id SET DEFAULT nextval('pitchings_id_seq'::regclass);


--
-- Name: id; Type: DEFAULT; Schema: public; Owner: -
--

ALTER TABLE ONLY player_rankings ALTER COLUMN id SET DEFAULT nextval('player_rankings_id_seq'::regclass);


--
-- Name: id; Type: DEFAULT; Schema: public; Owner: -
--

ALTER TABLE ONLY players ALTER COLUMN id SET DEFAULT nextval('players_id_seq'::regclass);


--
-- Name: id; Type: DEFAULT; Schema: public; Owner: -
--

ALTER TABLE ONLY players_positions ALTER COLUMN id SET DEFAULT nextval('players_positions_id_seq'::regclass);


--
-- Name: id; Type: DEFAULT; Schema: public; Owner: -
--

ALTER TABLE ONLY positions ALTER COLUMN id SET DEFAULT nextval('positions_id_seq'::regclass);


--
-- Name: id; Type: DEFAULT; Schema: public; Owner: -
--

ALTER TABLE ONLY team_seasons ALTER COLUMN id SET DEFAULT nextval('team_seasons_id_seq'::regclass);


--
-- Name: id; Type: DEFAULT; Schema: public; Owner: -
--

ALTER TABLE ONLY years ALTER COLUMN id SET DEFAULT nextval('years_id_seq'::regclass);


--
-- Data for Name: battings; Type: TABLE DATA; Schema: public; Owner: -
--

COPY battings (id, year, games, ab, runs, hits, double, triple, hr, rbi, sb, cs, bb, so, player_id, created_at, updated_at, average, mlbteam_id) FROM stdin;
1	2016	146	552	104	192	32	8	11	66	11	7	66	80	1	2017-02-07 10:08:00	2017-02-08 13:59:04.675266	0.347999999999999976	19
2	2016	142	531	88	184	47	5	25	104	5	3	35	57	2	2017-02-07 10:08:00	2017-02-08 14:00:30.238439	0.346999999999999975	29
3	2016	161	640	108	216	42	5	24	96	30	10	60	70	3	2017-02-07 10:08:00	2017-02-08 14:17:52.343488	0.338000000000000023	6
4	2016	158	556	101	181	34	2	29	97	8	1	108	120	4	2017-02-07 10:08:00	2017-02-08 14:18:42.771347	0.326000000000000012	18
5	2016	143	578	111	187	35	5	29	82	17	9	43	102	5	2017-02-07 10:08:00	2017-02-08 14:19:07.03192	0.32400000000000001	19
6	2016	153	637	102	203	41	7	20	64	33	10	39	101	6	2017-02-07 10:08:00	2017-02-08 14:19:34.671111	0.319000000000000006	11
7	2016	158	672	122	214	42	5	31	113	26	4	49	80	7	2017-02-07 10:08:00	2017-02-08 14:19:51.48693	0.318000000000000005	2
8	2016	154	633	105	201	36	1	15	74	7	4	61	73	8	2017-02-07 10:08:00	2017-02-08 14:20:02.238322	0.318000000000000005	2
9	2016	158	595	92	188	31	1	38	108	0	0	75	116	9	2017-02-07 10:08:00	2017-02-08 14:20:17.213835	0.316000000000000003	5
10	2016	159	549	123	173	32	5	29	100	30	7	116	137	10	2017-02-07 10:08:00	2017-02-08 14:20:32.789694	0.315000000000000002	7
11	2016	0	537	79	169	48	1	38	127	2	0	80	86	11	2017-02-11 10:39:06	2017-02-11 10:39:06	0.315000000000000002	2
12	2016	0	565	84	176	46	3	11	76	22	7	44	62	12	2017-02-11 10:39:06	2017-02-11 10:39:06	0.312	4
13	2016	0	489	71	152	34	5	9	46	47	12	23	104	13	2017-02-11 10:39:06	2017-02-11 10:39:06	0.310999999999999999	25
14	2016	0	627	105	193	40	5	26	72	3	3	54	133	14	2017-02-11 10:39:06	2017-02-11 10:39:06	0.307999999999999996	20
15	2016	0	534	56	164	38	1	8	58	3	2	39	63	15	2017-02-11 10:39:06	2017-02-11 10:39:06	0.306999999999999995	28
16	2016	0	482	58	148	25	0	22	80	0	0	35	79	16	2017-02-11 10:39:06	2017-02-11 10:39:06	0.306999999999999995	29
17	2016	0	460	69	141	35	2	22	68	1	2	49	128	17	2017-02-11 10:39:06	2017-02-11 10:39:06	0.306999999999999995	5
18	2016	0	511	80	156	23	3	30	91	16	5	46	98	18	2017-02-11 10:39:06	2017-02-11 10:39:06	0.304999999999999993	22
19	2016	0	600	70	183	37	3	8	75	2	2	49	69	19	2017-02-11 10:39:06	2017-02-11 10:39:06	0.304999999999999993	21
20	2016	0	517	68	157	28	1	5	39	0	3	40	67	20	2017-02-11 10:39:06	2017-02-11 10:39:06	0.303999999999999992	7
21	2016	0	509	60	154	31	0	11	48	12	4	28	100	21	2017-02-11 10:39:06	2017-02-11 10:39:06	0.302999999999999992	21
22	2016	0	506	75	153	31	7	8	69	24	8	47	70	22	2017-02-11 10:39:06	2017-02-11 10:39:06	0.301999999999999991	13
23	2016	0	589	102	178	43	6	34	91	6	1	89	171	23	2017-02-11 10:39:06	2017-02-11 10:39:06	0.301999999999999991	16
24	2016	0	604	99	182	30	3	15	78	19	5	57	88	24	2017-02-11 10:39:06	2017-02-11 10:39:06	0.30099999999999999	4
25	2016	0	583	89	175	31	1	32	104	1	1	48	66	25	2017-02-11 10:39:06	2017-02-11 10:39:06	0.299999999999999989	13
26	2016	0	584	87	174	42	2	25	100	2	2	46	129	26	2017-02-11 10:39:06	2017-02-11 10:39:06	0.297999999999999987	19
27	2016	0	655	107	195	33	2	39	103	0	1	47	100	27	2017-02-11 10:39:06	2017-02-11 10:39:06	0.297999999999999987	11
28	2016	0	578	78	172	38	3	21	98	9	4	72	138	28	2017-02-11 10:39:06	2017-02-11 10:39:06	0.297999999999999987	21
29	2016	0	579	106	172	33	3	24	95	32	5	110	150	29	2017-02-11 10:39:06	2017-02-11 10:39:06	0.296999999999999986	15
30	2016	0	591	70	175	42	5	14	86	2	0	47	69	30	2017-02-11 10:39:06	2017-02-11 10:39:06	0.295999999999999985	3
31	2016	0	552	73	163	33	0	29	93	1	0	35	101	31	2017-02-11 10:39:06	2017-02-11 10:39:06	0.294999999999999984	9
32	2016	0	618	116	182	35	6	41	133	2	3	68	103	32	2017-02-11 10:39:06	2017-02-11 10:39:06	0.293999999999999984	19
33	2016	0	652	115	192	34	1	21	89	13	4	58	123	33	2017-02-11 10:39:06	2017-02-11 10:39:06	0.293999999999999984	2
34	2016	0	547	67	161	14	11	6	39	17	13	66	116	34	2017-02-11 10:39:06	2017-02-11 10:39:06	0.293999999999999984	24
35	2016	0	640	105	188	40	1	37	96	0	3	48	120	35	2017-02-11 10:39:06	2017-02-11 10:39:06	0.293999999999999984	1
36	2016	0	624	67	183	32	1	25	100	0	2	47	125	36	2017-02-11 10:39:06	2017-02-11 10:39:06	0.292999999999999983	3
37	2016	0	603	121	176	35	3	39	102	8	5	75	154	37	2017-02-11 10:39:06	2017-02-11 10:39:06	0.291999999999999982	17
38	2016	0	490	67	143	24	3	24	81	5	0	47	100	38	2017-02-11 10:39:06	2017-02-11 10:39:06	0.291999999999999982	13
39	2016	0	583	94	170	43	4	32	109	3	5	74	108	39	2017-02-11 10:39:06	2017-02-11 10:39:06	0.291999999999999982	17
40	2016	0	522	85	152	24	7	3	29	16	7	45	68	40	2017-02-11 10:39:06	2017-02-11 10:39:06	0.290999999999999981	16
41	2016	0	550	74	160	34	1	11	64	14	8	18	68	41	2017-02-11 10:39:06	2017-02-11 10:39:06	0.290999999999999981	18
42	2016	0	553	65	160	22	0	27	86	0	0	50	90	42	2017-02-11 10:39:06	2017-02-11 10:39:06	0.288999999999999979	5
43	2016	0	618	117	178	29	4	28	83	14	6	45	115	43	2017-02-11 10:39:06	2017-02-11 10:39:06	0.287999999999999978	5
44	2016	0	539	82	155	33	2	14	80	6	1	64	68	44	2017-02-11 10:39:06	2017-02-11 10:39:06	0.287999999999999978	27
45	2016	0	553	73	159	24	4	16	67	40	10	29	88	45	2017-02-11 10:39:06	2017-02-11 10:39:06	0.287999999999999978	27
46	2016	0	589	96	169	27	1	43	105	2	0	62	159	46	2017-02-11 10:39:06	2017-02-11 10:39:06	0.286999999999999977	11
47	2016	0	471	72	135	22	1	17	51	1	1	41	115	47	2017-02-11 10:39:06	2017-02-11 10:39:06	0.286999999999999977	10
48	2016	0	583	87	167	21	6	15	49	25	7	63	134	48	2017-02-11 10:39:06	2017-02-11 10:39:06	0.285999999999999976	24
49	2016	0	549	81	157	28	1	30	111	9	3	60	120	49	2017-02-11 10:39:06	2017-02-11 10:39:06	0.285999999999999976	2
50	2016	0	589	92	168	38	3	19	63	62	18	79	174	50	2017-02-11 10:39:06	2017-02-11 10:39:06	0.284999999999999976	22
51	2016	0	568	69	162	31	0	18	90	0	2	55	117	51	2017-02-11 10:39:06	2017-02-11 10:39:06	0.284999999999999976	20
52	2016	0	625	107	178	29	3	22	86	21	6	44	160	52	2017-02-11 10:39:06	2017-02-11 10:39:06	0.284999999999999976	13
53	2016	0	619	91	176	29	9	14	59	14	5	63	115	53	2017-02-11 10:39:06	2017-02-11 10:39:06	0.283999999999999975	3
54	2016	0	577	122	164	32	5	37	99	7	1	109	119	54	2017-02-11 10:39:06	2017-02-11 10:39:06	0.283999999999999975	14
55	2016	0	487	57	138	25	7	4	59	19	4	18	76	55	2017-02-11 10:39:06	2017-02-11 10:39:06	0.282999999999999974	25
56	2016	0	521	65	146	30	1	23	62	5	1	38	103	56	2017-02-11 10:39:06	2017-02-11 10:39:06	0.280000000000000027	23
57	2016	0	479	72	134	25	1	31	86	3	1	51	108	57	2017-02-11 10:39:06	2017-02-11 10:39:06	0.280000000000000027	23
58	2016	0	597	89	166	36	3	30	99	3	1	69	108	58	2017-02-11 10:39:06	2017-02-11 10:39:06	0.278000000000000025	11
59	2016	0	495	71	137	24	5	12	55	15	4	42	66	59	2017-02-11 10:39:06	2017-02-11 10:39:06	0.277000000000000024	27
60	2016	0	456	84	126	25	7	13	48	13	4	79	124	60	2017-02-11 10:39:06	2017-02-11 10:39:06	0.276000000000000023	17
61	2016	0	562	68	155	32	2	20	70	7	1	19	82	61	2017-02-11 10:39:06	2017-02-11 10:39:06	0.276000000000000023	9
62	2016	0	610	91	168	41	4	23	82	15	3	60	146	62	2017-02-11 10:39:06	2017-02-11 10:39:06	0.275000000000000022	4
63	2016	0	556	79	153	34	3	27	90	4	1	48	107	63	2017-02-11 10:39:06	2017-02-11 10:39:06	0.275000000000000022	20
64	2016	0	542	77	149	41	8	17	82	0	4	104	148	64	2017-02-11 10:39:06	2017-02-11 10:39:06	0.275000000000000022	27
65	2016	0	553	67	152	28	11	12	84	7	0	57	115	65	2017-02-11 10:39:06	2017-02-11 10:39:06	0.275000000000000022	27
66	2016	0	577	76	158	36	3	20	96	13	3	75	139	66	2017-02-11 10:39:06	2017-02-11 10:39:06	0.274000000000000021	6
67	2016	0	475	49	130	28	1	12	46	2	0	32	96	67	2017-02-11 10:39:06	2017-02-11 10:39:06	0.274000000000000021	30
68	2016	0	633	81	173	41	4	36	98	0	3	42	144	68	2017-02-11 10:39:06	2017-02-11 10:39:06	0.27300000000000002	12
69	2016	0	582	86	159	35	3	22	85	7	5	51	133	69	2017-02-11 10:39:06	2017-02-11 10:39:06	0.27300000000000002	28
70	2016	0	532	65	145	29	0	14	65	3	2	24	93	70	2017-02-11 10:39:06	2017-02-11 10:39:06	0.27300000000000002	16
71	2016	0	530	72	144	30	1	31	83	2	4	31	136	71	2017-02-11 10:39:06	2017-02-11 10:39:06	0.27200000000000002	15
72	2016	0	523	94	142	31	3	18	76	6	4	96	82	72	2017-02-11 10:39:06	2017-02-11 10:39:06	0.27200000000000002	17
73	2016	0	605	89	164	33	4	33	88	14	7	19	135	73	2017-02-11 10:39:06	2017-02-11 10:39:06	0.271000000000000019	13
74	2016	0	594	91	161	35	5	18	75	2	3	67	118	74	2017-02-11 10:39:06	2017-02-11 10:39:06	0.271000000000000019	7
75	2016	0	473	81	128	36	6	21	68	0	4	81	108	75	2017-02-11 10:39:06	2017-02-11 10:39:06	0.271000000000000019	28
76	2016	0	577	63	156	29	1	21	70	4	0	24	118	76	2017-02-11 10:39:06	2017-02-11 10:39:06	0.270000000000000018	9
77	2016	0	567	91	153	38	2	20	85	12	6	65	117	77	2017-02-11 10:39:06	2017-02-11 10:39:06	0.270000000000000018	29
78	2016	0	599	67	161	38	0	13	89	0	2	71	101	78	2017-02-11 10:39:06	2017-02-11 10:39:06	0.269000000000000017	16
79	2016	0	615	104	165	35	5	42	99	18	2	61	138	79	2017-02-11 10:39:06	2017-02-11 10:39:06	0.268000000000000016	8
80	2016	0	593	71	159	19	0	31	119	4	0	49	75	80	2017-02-11 10:39:06	2017-02-11 10:39:06	0.268000000000000016	7
81	2016	0	623	89	167	39	0	35	108	1	0	36	156	81	2017-02-11 10:39:06	2017-02-11 10:39:06	0.268000000000000016	16
82	2016	0	558	94	149	30	7	26	87	9	2	63	143	82	2017-02-11 10:39:06	2017-02-11 10:39:06	0.267000000000000015	2
83	2016	0	615	82	164	38	1	25	82	1	2	21	137	83	2017-02-11 10:39:06	2017-02-11 10:39:06	0.267000000000000015	1
84	2016	0	548	59	146	35	2	7	53	14	6	24	90	84	2017-02-11 10:39:06	2017-02-11 10:39:06	0.266000000000000014	14
85	2016	0	605	80	161	24	1	25	104	5	3	57	132	85	2017-02-11 10:39:06	2017-02-11 10:39:06	0.266000000000000014	30
86	2016	0	572	70	152	23	5	11	53	12	7	53	79	86	2017-02-11 10:39:06	2017-02-11 10:39:06	0.266000000000000014	27
87	2016	0	557	75	148	23	6	23	76	0	3	43	115	87	2017-02-11 10:39:06	2017-02-11 10:39:06	0.266000000000000014	21
88	2016	0	516	59	137	13	3	20	64	0	2	39	112	88	2017-02-11 10:39:06	2017-02-11 10:39:06	0.266000000000000014	13
89	2016	0	619	86	164	19	0	29	83	2	0	39	115	89	2017-02-11 10:39:06	2017-02-11 10:39:06	0.265000000000000013	1
90	2016	0	511	76	135	24	4	20	52	6	6	46	127	90	2017-02-11 10:39:06	2017-02-11 10:39:06	0.264000000000000012	12
91	2016	0	558	65	147	24	0	30	93	0	0	48	120	91	2017-02-11 10:39:06	2017-02-11 10:39:06	0.263000000000000012	30
92	2016	0	551	71	145	24	5	9	56	20	8	54	84	92	2017-02-11 10:39:06	2017-02-11 10:39:06	0.263000000000000012	9
93	2016	0	498	58	131	30	1	14	56	8	1	38	114	93	2017-02-11 10:39:06	2017-02-11 10:39:06	0.263000000000000012	22
94	2016	0	601	99	158	34	0	42	127	2	0	87	138	94	2017-02-11 10:39:06	2017-02-11 10:39:06	0.263000000000000012	14
95	2016	0	547	80	143	22	6	7	41	16	4	70	106	95	2017-02-11 10:39:06	2017-02-11 10:39:06	0.26100000000000001	9
96	2016	0	494	68	129	22	4	11	49	2	0	79	93	96	2017-02-11 10:39:06	2017-02-11 10:39:06	0.26100000000000001	8
97	2016	0	644	116	168	29	5	29	82	9	10	88	178	97	2017-02-11 10:39:06	2017-02-11 10:39:06	0.26100000000000001	6
98	2016	0	637	57	166	24	6	7	55	17	4	27	96	98	2017-02-11 10:39:06	2017-02-11 10:39:06	0.26100000000000001	30
99	2016	0	582	89	151	31	3	34	87	5	2	99	99	99	2017-02-11 10:39:06	2017-02-11 10:39:06	0.259000000000000008	4
100	2016	0	599	99	155	29	4	28	94	28	6	68	160	100	2017-02-11 10:39:06	2017-02-11 10:39:06	0.259000000000000008	26
101	2016	0	527	79	136	34	4	22	86	17	6	53	119	101	2017-02-11 10:39:06	2017-02-11 10:39:06	0.258000000000000007	25
102	2016	0	519	66	133	22	3	11	59	1	1	51	83	102	2017-02-11 10:39:06	2017-02-11 10:39:06	0.256000000000000005	25
103	2016	0	613	94	157	27	1	47	108	2	0	51	170	103	2017-02-11 10:39:06	2017-02-11 10:39:06	0.256000000000000005	1
104	2016	0	598	81	153	26	3	24	79	6	7	69	143	104	2017-02-11 10:39:06	2017-02-11 10:39:06	0.256000000000000005	25
105	2016	0	467	57	119	26	0	4	32	7	4	28	50	105	2017-02-11 10:39:06	2017-02-11 10:39:06	0.255000000000000004	5
106	2016	0	581	67	148	23	1	25	88	1	1	40	106	106	2017-02-11 10:39:06	2017-02-11 10:39:06	0.255000000000000004	24
107	2016	0	487	65	124	26	2	8	40	10	2	50	96	107	2017-02-11 10:39:06	2017-02-11 10:39:06	0.255000000000000004	20
108	2016	0	484	55	123	26	3	13	51	12	6	22	118	108	2017-02-11 10:39:06	2017-02-11 10:39:06	0.254000000000000004	6
109	2016	0	492	54	125	21	0	24	79	1	0	43	101	109	2017-02-11 10:39:06	2017-02-11 10:39:06	0.254000000000000004	14
110	2016	0	482	52	122	34	0	7	56	3	1	45	74	110	2017-02-11 10:39:06	2017-02-11 10:39:06	0.253000000000000003	10
111	2016	0	490	70	124	32	3	24	57	1	2	59	157	111	2017-02-11 10:39:06	2017-02-11 10:39:06	0.253000000000000003	14
112	2016	0	464	67	117	28	2	16	50	4	1	37	84	112	2017-02-11 10:39:06	2017-02-11 10:39:06	0.252000000000000002	18
113	2016	0	512	79	129	26	3	14	52	2	2	40	115	113	2017-02-11 10:39:06	2017-02-11 10:39:06	0.252000000000000002	20
505	2017	\N	\N	76	\N	\N	\N	18	78	3	\N	\N	\N	64	2017-02-19 07:45:23	2017-02-19 07:45:23	0.267000000000000015	27
114	2016	0	490	54	123	30	2	14	56	0	0	35	83	114	2017-02-11 10:39:06	2017-02-11 10:39:06	0.251000000000000001	10
115	2016	0	467	58	117	18	1	14	51	8	2	51	118	115	2017-02-11 10:39:06	2017-02-11 10:39:06	0.251000000000000001	9
116	2016	0	539	74	135	27	6	33	99	4	2	44	126	116	2017-02-11 10:39:06	2017-02-11 10:39:06	0.25	23
117	2016	0	523	81	130	31	9	29	91	6	1	64	154	117	2017-02-11 10:39:06	2017-02-11 10:39:06	0.248999999999999999	15
118	2016	0	565	78	140	25	2	21	70	11	5	51	155	118	2017-02-11 10:39:06	2017-02-11 10:39:06	0.247999999999999998	18
119	2016	0	518	72	128	17	3	15	47	24	6	44	149	119	2017-02-11 10:39:06	2017-02-11 10:39:06	0.246999999999999997	11
120	2016	0	514	57	127	28	2	22	64	0	0	22	119	120	2017-02-11 10:39:06	2017-02-11 10:39:06	0.246999999999999997	30
121	2016	0	555	85	137	24	2	42	102	1	2	42	166	121	2017-02-11 10:39:06	2017-02-11 10:39:06	0.246999999999999997	10
122	2016	0	570	81	140	28	2	31	87	9	4	50	179	122	2017-02-11 10:39:06	2017-02-11 10:39:06	0.245999999999999996	5
123	2016	0	510	57	125	36	3	24	70	0	2	33	134	123	2017-02-11 10:39:06	2017-02-11 10:39:06	0.244999999999999996	12
124	2016	0	525	84	128	28	0	21	69	5	1	71	139	124	2017-02-11 10:39:06	2017-02-11 10:39:06	0.243999999999999995	29
125	2016	0	506	84	123	24	2	24	86	21	10	108	117	125	2017-02-11 10:39:06	2017-02-11 10:39:06	0.242999999999999994	29
126	2016	0	548	73	133	29	6	30	81	6	4	47	149	126	2017-02-11 10:39:06	2017-02-11 10:39:06	0.242999999999999994	12
127	2016	0	480	63	116	34	2	16	71	5	1	43	133	127	2017-02-11 10:39:06	2017-02-11 10:39:06	0.241999999999999993	2
128	2016	0	584	61	141	26	3	20	67	17	6	25	136	128	2017-02-11 10:39:06	2017-02-11 10:39:06	0.240999999999999992	24
129	2016	0	552	85	133	31	6	33	103	6	5	41	164	129	2017-02-11 10:39:06	2017-02-11 10:39:06	0.240999999999999992	18
130	2016	0	478	38	115	22	2	6	48	8	9	21	63	130	2017-02-11 10:39:06	2017-02-11 10:39:06	0.240999999999999992	12
131	2016	0	464	67	111	21	7	10	62	5	0	50	47	131	2017-02-11 10:39:06	2017-02-11 10:39:06	0.23899999999999999	27
132	2016	0	557	92	133	22	1	34	101	5	1	78	194	132	2017-02-11 10:39:06	2017-02-11 10:39:06	0.23899999999999999	4
133	2016	0	525	67	125	25	3	21	95	5	1	55	135	133	2017-02-11 10:39:06	2017-02-11 10:39:06	0.237999999999999989	17
134	2016	0	492	64	117	15	3	20	61	27	8	37	155	134	2017-02-11 10:39:06	2017-02-11 10:39:06	0.237999999999999989	14
135	2016	0	568	72	135	27	2	27	75	10	2	51	139	135	2017-02-11 10:39:06	2017-02-11 10:39:06	0.237999999999999989	10
136	2016	0	545	88	129	24	5	30	59	4	2	74	130	136	2017-02-11 10:39:06	2017-02-11 10:39:06	0.236999999999999988	23
137	2016	0	508	52	120	17	6	3	38	1	0	33	73	137	2017-02-11 10:39:06	2017-02-11 10:39:06	0.235999999999999988	21
138	2016	0	423	68	99	24	1	22	69	2	2	87	103	138	2017-02-11 10:39:06	2017-02-11 10:39:06	0.234000000000000014	14
139	2016	0	460	49	107	21	0	22	60	1	0	35	118	139	2017-02-11 10:39:06	2017-02-11 10:39:06	0.233000000000000013	13
140	2016	0	455	62	105	16	0	20	74	2	1	64	148	140	2017-02-11 10:39:06	2017-02-11 10:39:06	0.231000000000000011	14
141	2016	0	530	61	122	27	1	7	49	11	4	54	93	141	2017-02-11 10:39:06	2017-02-11 10:39:06	0.23000000000000001	17
142	2016	0	590	89	133	21	0	40	98	15	5	64	163	142	2017-02-11 10:39:06	2017-02-11 10:39:06	0.225000000000000006	3
143	2016	0	549	84	122	27	1	41	94	3	1	76	206	143	2017-02-11 10:39:06	2017-02-11 10:39:06	0.222000000000000003	22
144	2016	0	566	99	125	21	0	38	84	1	0	88	219	144	2017-02-11 10:39:06	2017-02-11 10:39:06	0.221000000000000002	1
145	2016	0	445	62	98	16	2	17	40	8	1	52	148	145	2017-02-11 10:39:06	2017-02-11 10:39:06	0.220000000000000001	30
146	2016	0	516	66	108	15	0	24	72	9	2	54	174	146	2017-02-11 10:39:06	2017-02-11 10:39:06	0.208999999999999991	29
147	2016	0	307	53	105	14	8	13	40	33	6	14	59	368	2017-02-14 15:38:46	2017-02-14 15:38:46	0.342000000000000026	29
148	2016	0	413	56	99	20	1	27	74	0	0	50	140	369	2017-02-14 15:38:46	2017-02-14 15:38:46	0.239999999999999991	21
149	2016	0	372	67	101	21	4	27	72	8	5	35	130	370	2017-02-14 15:38:46	2017-02-14 15:38:46	0.27200000000000002	19
150	2016	0	41	9	10	0	0	2	4	4	0	5	8	371	2017-02-14 15:38:46	2017-02-14 15:38:46	0.243999999999999995	15
151	2016	0	325	47	87	7	6	1	14	30	7	18	55	372	2017-02-14 15:38:46	2017-02-14 15:38:46	0.268000000000000016	21
152	2016	0	411	69	107	19	3	3	17	58	8	36	93	373	2017-02-14 15:38:46	2017-02-14 15:38:46	0.260000000000000009	18
153	2016	0	4	0	0	0	0	0	0	0	0	1	2	374	2017-02-14 15:38:46	2017-02-14 15:38:46	0	17
154	2016	0	201	31	53	13	3	8	34	2	0	15	52	375	2017-02-14 15:38:46	2017-02-14 15:38:46	0.264000000000000012	6
155	2016	0	39	5	9	2	0	0	7	1	0	3	6	376	2017-02-14 15:38:46	2017-02-14 15:38:46	0.231000000000000011	4
156	2016	0	201	34	60	12	0	20	42	1	0	24	57	377	2017-02-14 15:38:46	2017-02-14 15:38:46	0.298999999999999988	9
157	2016	0	437	57	103	22	1	25	66	1	0	54	178	378	2017-02-14 15:38:46	2017-02-14 15:38:46	0.235999999999999988	8
158	2016	0	397	56	114	19	1	9	56	14	5	31	84	379	2017-02-14 15:38:46	2017-02-14 15:38:46	0.286999999999999977	30
159	2016	0	105	16	31	11	1	2	14	1	0	10	25	380	2017-02-14 15:38:46	2017-02-14 15:38:46	0.294999999999999984	2
160	2016	0	222	42	70	12	4	7	24	5	0	15	59	382	2017-02-14 15:38:46	2017-02-14 15:38:46	0.315000000000000002	19
161	2016	0	404	71	121	28	3	17	65	4	4	41	60	383	2017-02-14 15:38:46	2017-02-14 15:38:46	0.299999999999999989	28
162	2016	0	252	33	71	14	1	12	35	2	2	26	67	384	2017-02-14 15:38:46	2017-02-14 15:38:46	0.281999999999999973	17
163	2016	0	446	66	107	29	3	24	68	5	4	28	141	385	2017-02-14 15:38:46	2017-02-14 15:38:46	0.239999999999999991	28
164	2016	0	390	49	89	14	1	27	72	1	3	64	116	386	2017-02-14 15:38:46	2017-02-14 15:38:46	0.228000000000000008	20
165	2016	0	406	64	100	26	0	25	68	6	2	63	130	387	2017-02-14 15:38:46	2017-02-14 15:38:46	0.245999999999999996	20
166	2016	0	129	20	39	7	1	3	17	3	0	13	34	388	2017-02-14 15:38:46	2017-02-14 15:38:46	0.301999999999999991	16
167	2016	0	318	45	81	19	0	21	62	3	1	36	79	389	2017-02-14 15:38:46	2017-02-14 15:38:46	0.255000000000000004	25
168	2016	0	447	58	112	19	0	32	72	2	1	43	127	390	2017-02-14 15:38:46	2017-02-14 15:38:46	0.251000000000000001	6
169	2016	0	411	54	117	25	4	18	58	1	1	28	111	391	2017-02-14 15:38:46	2017-02-14 15:38:46	0.284999999999999976	5
170	2016	0	304	38	67	21	1	12	42	2	1	36	89	392	2017-02-14 15:38:46	2017-02-14 15:38:46	0.220000000000000001	23
171	2016	0	429	56	104	13	0	20	58	1	0	54	99	393	2017-02-14 15:38:46	2017-02-14 15:38:46	0.241999999999999993	9
172	2016	0	454	74	113	23	2	12	48	43	6	33	106	394	2017-02-14 15:38:46	2017-02-14 15:38:46	0.248999999999999999	4
173	2016	0	130	13	34	7	0	3	15	1	1	5	12	395	2017-02-14 15:38:46	2017-02-14 15:38:46	0.262000000000000011	6
174	2016	0	421	50	115	19	1	14	59	12	3	15	108	396	2017-02-14 15:38:46	2017-02-14 15:38:46	0.27300000000000002	17
506	2017	\N	\N	69	\N	\N	\N	12	72	13	\N	\N	\N	380	2017-02-19 07:45:23	2017-02-19 07:45:23	0.293999999999999984	2
175	2016	0	423	48	103	17	1	17	66	1	0	32	85	397	2017-02-14 15:38:46	2017-02-14 15:38:46	0.242999999999999994	1
176	2016	0	104	12	25	6	0	7	13	0	1	9	13	398	2017-02-14 15:38:46	2017-02-14 15:38:46	0.239999999999999991	30
177	2016	0	411	45	95	22	1	13	53	18	5	34	136	399	2017-02-14 15:38:46	2017-02-14 15:38:46	0.231000000000000011	13
178	2016	0	407	51	113	25	2	16	69	2	3	24	75	400	2017-02-14 15:38:46	2017-02-14 15:38:46	0.278000000000000025	7
179	2016	0	334	45	88	14	2	11	45	5	2	24	74	401	2017-02-14 15:38:46	2017-02-14 15:38:46	0.263000000000000012	20
180	2016	0	298	44	67	19	6	10	38	10	2	23	118	402	2017-02-14 15:38:46	2017-02-14 15:38:46	0.225000000000000006	8
181	2016	0	207	28	50	10	1	9	19	23	4	36	88	403	2017-02-14 15:38:46	2017-02-14 15:38:46	0.241999999999999993	22
182	2016	0	410	54	123	28	1	11	50	4	1	20	87	404	2017-02-14 15:38:46	2017-02-14 15:38:46	0.299999999999999989	14
183	2016	0	241	25	78	8	2	3	25	21	10	7	33	405	2017-02-14 15:38:46	2017-02-14 15:38:46	0.32400000000000001	18
184	2016	0	395	58	114	23	1	13	57	1	1	43	95	406	2017-02-14 15:38:46	2017-02-14 15:38:46	0.288999999999999979	27
185	2016	0	246	34	63	14	0	11	32	2	3	32	91	407	2017-02-14 15:38:46	2017-02-14 15:38:46	0.256000000000000005	22
186	2016	0	400	58	97	9	1	30	59	0	0	37	96	408	2017-02-14 15:38:46	2017-02-14 15:38:46	0.242999999999999994	28
187	2016	0	171	23	43	9	5	4	15	2	0	8	42	409	2017-02-14 15:38:46	2017-02-14 15:38:46	0.251000000000000001	15
188	2016	0	412	57	116	9	1	23	55	3	1	42	84	410	2017-02-14 15:38:46	2017-02-14 15:38:46	0.281999999999999973	23
189	2016	0	416	41	110	24	0	14	68	2	0	33	121	411	2017-02-14 15:38:46	2017-02-14 15:38:46	0.264000000000000012	15
190	2016	0	366	55	90	20	2	12	37	21	3	40	74	412	2017-02-14 15:38:46	2017-02-14 15:38:46	0.245999999999999996	12
191	2016	0	350	44	76	9	7	2	24	14	5	18	34	413	2017-02-14 15:38:46	2017-02-14 15:38:46	0.216999999999999998	29
192	2016	0	398	53	112	17	1	10	37	8	3	39	56	414	2017-02-14 15:38:46	2017-02-14 15:38:46	0.281000000000000028	20
193	2016	0	349	65	110	14	5	4	43	15	6	36	69	415	2017-02-14 15:38:46	2017-02-14 15:38:46	0.315000000000000002	5
194	2016	0	315	47	81	15	0	21	47	1	1	22	75	416	2017-02-14 15:38:46	2017-02-14 15:38:46	0.257000000000000006	24
195	2016	0	227	37	54	9	0	12	31	0	0	31	66	417	2017-02-14 15:38:46	2017-02-14 15:38:46	0.237999999999999989	17
196	2016	0	44	8	12	2	0	5	13	1	0	4	19	418	2017-02-14 15:38:46	2017-02-14 15:38:46	0.27300000000000002	19
197	2016	0	437	55	113	21	2	1	33	11	5	18	84	419	2017-02-14 15:38:46	2017-02-14 15:38:46	0.259000000000000008	11
198	2016	0	35	8	13	3	0	4	14	0	0	1	5	420	2017-02-14 15:38:46	2017-02-14 15:38:46	0.370999999999999996	26
199	2016	0	326	42	86	14	1	1	33	6	2	56	72	421	2017-02-14 15:38:46	2017-02-14 15:38:46	0.264000000000000012	25
200	2016	0	299	46	83	14	8	1	25	30	7	26	39	422	2017-02-14 15:38:46	2017-02-14 15:38:46	0.278000000000000025	30
201	2016	0	410	57	116	22	6	9	30	10	2	13	117	423	2017-02-14 15:38:46	2017-02-14 15:38:46	0.282999999999999974	3
202	2016	0	430	58	106	17	1	17	49	7	6	31	159	424	2017-02-14 15:38:46	2017-02-14 15:38:46	0.246999999999999997	12
203	2016	0	307	38	82	14	0	16	49	1	1	23	48	425	2017-02-14 15:38:46	2017-02-14 15:38:46	0.267000000000000015	23
204	2016	0	337	43	84	20	0	22	49	1	0	37	97	426	2017-02-14 15:38:46	2017-02-14 15:38:46	0.248999999999999999	1
205	2016	0	404	50	110	18	3	13	56	34	7	18	94	427	2017-02-14 15:38:46	2017-02-14 15:38:46	0.27200000000000002	22
206	2016	0	6	0	0	0	0	0	0	0	0	1	4	428	2017-02-14 15:38:46	2017-02-14 15:38:46	0	2
207	2016	0	405	55	116	26	1	15	71	1	1	30	63	429	2017-02-14 15:38:46	2017-02-14 15:38:46	0.285999999999999976	26
208	2016	0	14	3	5	1	0	3	5	0	0	0	4	465	2017-02-17 14:40:17	2017-02-17 14:40:17	0.356999999999999984	1
209	2016	0	105	19	33	9	1	3	16	1	1	8	25	466	2017-02-17 14:40:17	2017-02-17 14:40:17	0.314000000000000001	20
210	2016	0	252	36	78	17	2	7	35	0	0	23	66	467	2017-02-17 14:40:17	2017-02-17 14:40:17	0.309999999999999998	2
211	2016	0	269	36	82	20	0	13	37	0	0	12	60	468	2017-02-17 14:40:17	2017-02-17 14:40:17	0.304999999999999993	10
212	2016	0	321	52	95	18	5	14	43	6	3	36	112	469	2017-02-17 14:40:17	2017-02-17 14:40:17	0.295999999999999985	4
213	2016	0	264	35	76	13	1	13	35	0	3	34	54	470	2017-02-17 14:40:17	2017-02-17 14:40:17	0.287999999999999978	1
214	2016	0	385	43	110	25	5	8	57	6	0	23	70	471	2017-02-17 14:40:17	2017-02-17 14:40:17	0.285999999999999976	4
215	2016	0	148	21	42	5	4	6	28	4	0	16	44	472	2017-02-17 14:40:17	2017-02-17 14:40:17	0.283999999999999975	15
216	2016	0	311	44	88	22	3	2	29	8	3	19	72	473	2017-02-17 14:40:17	2017-02-17 14:40:17	0.282999999999999974	30
217	2016	0	393	61	111	24	0	14	53	1	2	42	112	474	2017-02-17 14:40:17	2017-02-17 14:40:17	0.281999999999999973	19
218	2016	0	461	59	130	31	1	16	53	1	1	31	100	475	2017-02-17 14:40:17	2017-02-17 14:40:17	0.281999999999999973	15
219	2016	0	298	33	84	14	0	8	38	11	5	13	62	476	2017-02-17 14:40:17	2017-02-17 14:40:17	0.281999999999999973	3
220	2016	0	245	24	69	15	4	4	27	4	3	17	46	477	2017-02-17 14:40:17	2017-02-17 14:40:17	0.281999999999999973	8
221	2016	0	448	48	126	22	2	4	44	10	1	28	38	478	2017-02-17 14:40:17	2017-02-17 14:40:17	0.281000000000000028	7
222	2016	0	351	39	98	20	5	7	42	1	0	32	84	479	2017-02-17 14:40:17	2017-02-17 14:40:17	0.279000000000000026	21
223	2016	0	437	52	121	24	11	5	49	21	2	20	87	480	2017-02-17 14:40:17	2017-02-17 14:40:17	0.277000000000000024	15
224	2016	0	112	14	31	9	1	3	14	0	0	5	20	481	2017-02-17 14:40:17	2017-02-17 14:40:17	0.277000000000000024	17
225	2016	0	128	18	35	8	0	3	19	0	1	21	19	482	2017-02-17 14:40:17	2017-02-17 14:40:17	0.27300000000000002	25
226	2016	0	281	27	76	18	0	8	41	0	0	29	91	483	2017-02-17 14:40:17	2017-02-17 14:40:17	0.270000000000000018	16
227	2016	0	437	63	118	23	0	13	55	0	0	45	142	484	2017-02-17 14:40:17	2017-02-17 14:40:17	0.270000000000000018	25
228	2016	0	300	49	81	16	1	18	56	2	1	33	102	485	2017-02-17 14:40:17	2017-02-17 14:40:17	0.270000000000000018	25
229	2016	0	405	43	109	29	0	9	48	0	0	26	68	486	2017-02-17 14:40:17	2017-02-17 14:40:17	0.269000000000000017	1
230	2016	0	335	52	90	17	2	10	32	5	2	12	91	487	2017-02-17 14:40:17	2017-02-17 14:40:17	0.269000000000000017	8
231	2016	0	255	45	68	13	4	8	24	9	2	23	49	488	2017-02-17 14:40:17	2017-02-17 14:40:17	0.267000000000000015	23
232	2016	0	280	35	74	12	1	15	51	0	0	38	56	489	2017-02-17 14:40:17	2017-02-17 14:40:17	0.264000000000000012	21
233	2016	0	338	30	89	12	1	2	27	0	0	26	65	490	2017-02-17 14:40:17	2017-02-17 14:40:17	0.263000000000000012	10
234	2016	0	57	10	15	4	0	0	6	5	1	8	19	491	2017-02-17 14:40:17	2017-02-17 14:40:17	0.263000000000000012	24
235	2016	0	319	35	83	13	1	12	47	1	0	19	60	492	2017-02-17 14:40:17	2017-02-17 14:40:17	0.260000000000000009	8
507	2017	\N	\N	60	\N	\N	\N	25	85	3	\N	\N	\N	80	2017-02-19 07:45:23	2017-02-19 07:45:23	0.260000000000000009	7
236	2016	0	346	44	90	20	1	6	31	4	3	13	39	493	2017-02-17 14:40:17	2017-02-17 14:40:17	0.260000000000000009	7
237	2016	0	289	37	75	17	1	8	29	0	0	20	56	494	2017-02-17 14:40:17	2017-02-17 14:40:17	0.260000000000000009	28
238	2016	0	289	30	75	20	1	10	48	0	0	25	65	495	2017-02-17 14:40:17	2017-02-17 14:40:17	0.260000000000000009	19
239	2016	0	205	27	53	15	2	3	30	4	1	21	53	496	2017-02-17 14:40:17	2017-02-17 14:40:17	0.259000000000000008	19
240	2016	0	333	41	86	14	2	5	28	8	5	23	53	497	2017-02-17 14:40:17	2017-02-17 14:40:17	0.258000000000000007	27
241	2016	0	62	9	16	0	3	0	5	0	1	11	17	498	2017-02-17 14:40:17	2017-02-17 14:40:17	0.258000000000000007	2
242	2016	0	345	34	89	24	1	8	49	0	0	18	48	499	2017-02-17 14:40:17	2017-02-17 14:40:17	0.258000000000000007	8
243	2016	0	377	34	97	23	1	7	51	1	0	36	72	500	2017-02-17 14:40:17	2017-02-17 14:40:17	0.257000000000000006	18
244	2016	0	253	39	65	16	2	10	37	5	1	26	44	501	2017-02-17 14:40:17	2017-02-17 14:40:17	0.257000000000000006	26
245	2016	0	350	45	89	16	1	7	29	5	5	52	69	502	2017-02-17 14:40:17	2017-02-17 14:40:17	0.254000000000000004	16
246	2016	0	368	45	93	27	3	7	39	6	4	9	73	503	2017-02-17 14:40:17	2017-02-17 14:40:17	0.253000000000000003	19
247	2016	0	389	36	98	26	1	16	54	1	0	24	114	504	2017-02-17 14:40:17	2017-02-17 14:40:17	0.252000000000000002	24
248	2016	0	297	37	74	18	0	16	54	0	1	25	81	505	2017-02-17 14:40:17	2017-02-17 14:40:17	0.248999999999999999	28
249	2016	0	378	62	94	15	0	16	63	0	0	48	89	506	2017-02-17 14:40:17	2017-02-17 14:40:17	0.248999999999999999	11
250	2016	0	351	35	87	22	0	12	36	7	3	30	109	507	2017-02-17 14:40:17	2017-02-17 14:40:17	0.247999999999999998	3
251	2016	0	251	27	62	7	0	4	15	0	0	19	50	508	2017-02-17 14:40:17	2017-02-17 14:40:17	0.246999999999999997	23
252	2016	0	382	48	94	20	1	20	62	0	0	35	71	509	2017-02-17 14:40:17	2017-02-17 14:40:17	0.245999999999999996	28
253	2016	0	335	53	82	13	2	2	12	30	12	42	100	510	2017-02-17 14:40:17	2017-02-17 14:40:17	0.244999999999999996	26
254	2016	0	413	59	101	18	2	12	51	4	4	34	115	511	2017-02-17 14:40:17	2017-02-17 14:40:17	0.244999999999999996	3
255	2016	0	37	4	9	4	1	0	3	2	0	0	7	512	2017-02-17 14:40:17	2017-02-17 14:40:17	0.242999999999999994	26
256	2016	0	231	45	56	10	1	13	42	1	1	59	67	513	2017-02-17 14:40:17	2017-02-17 14:40:17	0.241999999999999993	25
257	2016	0	178	27	43	7	0	7	17	6	3	25	46	514	2017-02-17 14:40:17	2017-02-17 14:40:17	0.241999999999999993	13
258	2016	0	313	39	75	7	7	5	23	7	0	34	52	515	2017-02-17 14:40:17	2017-02-17 14:40:17	0.239999999999999991	28
259	2016	0	401	48	96	17	0	20	58	0	1	26	89	516	2017-02-17 14:40:17	2017-02-17 14:40:17	0.23899999999999999	11
260	2016	0	272	35	65	6	3	5	20	2	1	30	61	517	2017-02-17 14:40:17	2017-02-17 14:40:17	0.23899999999999999	13
261	2016	0	189	28	45	7	4	3	22	16	8	20	48	518	2017-02-17 14:40:17	2017-02-17 14:40:17	0.237999999999999989	16
262	2016	0	353	45	84	18	1	14	43	4	2	37	89	519	2017-02-17 14:40:17	2017-02-17 14:40:17	0.237999999999999989	12
263	2016	0	17	3	4	1	0	1	2	0	0	2	5	520	2017-02-17 14:40:17	2017-02-17 14:40:17	0.234999999999999987	22
264	2016	0	51	4	12	4	0	1	4	0	0	3	14	521	2017-02-17 14:40:17	2017-02-17 14:40:17	0.234999999999999987	10
265	2016	0	396	52	93	20	2	17	63	6	2	42	93	522	2017-02-17 14:40:17	2017-02-17 14:40:17	0.234999999999999987	8
266	2016	0	209	23	49	9	0	8	25	1	0	11	38	523	2017-02-17 14:40:17	2017-02-17 14:40:17	0.234000000000000014	7
267	2016	0	109	9	25	2	1	5	17	0	0	12	27	524	2017-02-17 14:40:17	2017-02-17 14:40:17	0.229000000000000009	15
268	2016	0	48	6	11	1	1	1	8	1	0	4	13	525	2017-02-17 14:40:17	2017-02-17 14:40:17	0.229000000000000009	26
269	2016	0	153	20	35	7	0	7	23	0	0	15	36	526	2017-02-17 14:40:17	2017-02-17 14:40:17	0.229000000000000009	23
270	2016	0	193	20	44	9	0	6	25	1	2	10	56	527	2017-02-17 14:40:17	2017-02-17 14:40:17	0.228000000000000008	26
271	2016	0	172	21	39	9	1	1	12	0	0	10	39	528	2017-02-17 14:40:17	2017-02-17 14:40:17	0.227000000000000007	2
272	2016	0	413	66	93	19	2	28	67	1	0	39	141	529	2017-02-17 14:40:17	2017-02-17 14:40:17	0.225000000000000006	28
273	2016	0	344	31	76	9	1	12	48	0	1	23	109	530	2017-02-17 14:40:17	2017-02-17 14:40:17	0.221000000000000002	5
274	2016	0	201	21	44	10	3	4	17	8	0	15	47	531	2017-02-17 14:40:17	2017-02-17 14:40:17	0.219	22
275	2016	0	284	26	62	9	1	4	20	5	2	15	58	532	2017-02-17 14:40:17	2017-02-17 14:40:17	0.217999999999999999	15
276	2016	0	427	60	93	18	1	15	46	4	1	29	104	533	2017-02-17 14:40:17	2017-02-17 14:40:17	0.217999999999999999	29
277	2016	0	299	33	65	10	0	14	34	1	0	40	112	534	2017-02-17 14:40:17	2017-02-17 14:40:17	0.216999999999999998	14
278	2016	0	276	48	60	17	5	20	51	1	1	42	105	535	2017-02-17 14:40:17	2017-02-17 14:40:17	0.216999999999999998	26
279	2016	0	241	33	52	8	1	8	33	1	0	38	58	536	2017-02-17 14:40:17	2017-02-17 14:40:17	0.215999999999999998	17
280	2016	0	19	3	4	1	0	0	1	0	0	1	12	537	2017-02-17 14:40:17	2017-02-17 14:40:17	0.210999999999999993	2
281	2016	0	295	23	62	14	0	7	24	0	0	38	83	538	2017-02-17 14:40:17	2017-02-17 14:40:17	0.209999999999999992	11
282	2016	0	329	41	69	16	3	11	32	2	1	45	123	539	2017-02-17 14:40:17	2017-02-17 14:40:17	0.209999999999999992	6
283	2016	0	268	25	56	16	0	5	31	1	0	12	49	540	2017-02-17 14:40:17	2017-02-17 14:40:17	0.208999999999999991	7
284	2016	0	164	16	34	7	0	12	31	0	0	21	65	541	2017-02-17 14:40:17	2017-02-17 14:40:17	0.20699999999999999	11
285	2016	0	369	38	76	10	0	15	54	4	1	43	121	542	2017-02-17 14:40:17	2017-02-17 14:40:17	0.205999999999999989	6
286	2016	0	198	23	40	6	0	4	23	7	2	23	69	543	2017-02-17 14:40:17	2017-02-17 14:40:17	0.202000000000000013	24
287	2016	0	215	28	41	9	1	12	24	1	0	21	80	544	2017-02-17 14:40:17	2017-02-17 14:40:17	0.191000000000000003	8
288	2016	0	226	23	42	10	0	8	25	0	0	25	82	545	2017-02-17 14:40:17	2017-02-17 14:40:17	0.185999999999999999	12
289	2016	0	415	50	77	17	0	14	42	9	2	36	139	546	2017-02-17 14:40:17	2017-02-17 14:40:17	0.185999999999999999	26
290	2016	0	135	16	25	1	3	2	13	9	1	6	48	547	2017-02-17 14:40:17	2017-02-17 14:40:17	0.184999999999999998	30
291	2016	0	84	10	15	2	0	4	10	0	1	9	42	548	2017-02-17 14:40:17	2017-02-17 14:40:17	0.178999999999999992	9
292	2016	0	246	30	42	5	1	12	38	0	0	41	104	549	2017-02-17 14:40:17	2017-02-17 14:40:17	0.171000000000000013	5
293	2016	0	251	22	42	11	1	9	34	0	0	9	69	550	2017-02-17 14:40:17	2017-02-17 14:40:17	0.16700000000000001	4
294	2016	0	122	11	20	3	0	3	8	0	0	18	48	551	2017-02-17 14:40:17	2017-02-17 14:40:17	0.164000000000000007	6
295	2016	0	50	2	7	1	0	0	1	0	1	5	10	552	2017-02-17 14:40:17	2017-02-17 14:40:17	0.140000000000000013	18
296	2016	0	16	0	2	0	0	0	0	0	0	1	8	553	2017-02-17 14:40:17	2017-02-17 14:40:17	0.125	24
508	2017	\N	\N	71	\N	\N	\N	20	79	6	\N	\N	\N	133	2017-02-19 07:45:23	2017-02-19 07:45:23	0.252000000000000002	17
297	2016	0	24	2	3	1	0	0	1	0	1	0	7	554	2017-02-17 14:40:17	2017-02-17 14:40:17	0.125	26
298	2016	0	12	0	1	0	0	0	0	0	0	1	6	555	2017-02-17 14:40:17	2017-02-17 14:40:17	0.0830000000000000043	11
299	2016	0	25	2	1	0	0	1	1	1	0	5	19	556	2017-02-17 14:40:17	2017-02-17 14:40:17	0.0400000000000000008	13
300	2016	0	2	3	0	0	0	0	0	2	1	0	1	557	2017-02-17 14:40:17	2017-02-17 14:40:17	0	14
301	2016	0	3	0	0	0	0	0	0	0	0	0	2	558	2017-02-17 14:40:17	2017-02-17 14:40:17	0	6
430	2017	\N	\N	116	\N	\N	\N	33	99	23	\N	\N	\N	10	2017-02-19 07:45:23	2017-02-19 07:45:23	0.30099999999999999	7
431	2017	\N	\N	96	\N	\N	\N	17	80	29	\N	\N	\N	3	2017-02-19 07:45:23	2017-02-19 07:45:23	0.32400000000000001	6
432	2017	\N	\N	110	\N	\N	\N	25	96	24	\N	\N	\N	7	2017-02-19 07:45:23	2017-02-19 07:45:23	0.309999999999999998	2
433	2017	\N	\N	102	\N	\N	\N	35	104	13	\N	\N	\N	37	2017-02-19 07:45:23	2017-02-19 07:45:23	0.283999999999999975	17
434	2017	\N	\N	104	\N	\N	\N	25	98	26	\N	\N	\N	29	2017-02-19 07:45:23	2017-02-19 07:45:23	0.299999999999999989	15
435	2017	\N	\N	107	\N	\N	\N	41	127	2	\N	\N	\N	32	2017-02-19 07:45:23	2017-02-19 07:45:23	0.296999999999999986	19
436	2017	\N	\N	101	\N	\N	\N	36	90	6	\N	\N	\N	35	2017-02-19 07:45:23	2017-02-19 07:45:23	0.291999999999999982	1
437	2017	\N	\N	119	\N	\N	\N	36	107	7	\N	\N	\N	54	2017-02-19 07:45:23	2017-02-19 07:45:23	0.283999999999999975	14
438	2017	\N	\N	96	\N	\N	\N	33	104	7	\N	\N	\N	39	2017-02-19 07:45:23	2017-02-19 07:45:23	0.287999999999999978	17
439	2017	\N	\N	95	\N	\N	\N	29	89	16	\N	\N	\N	125	2017-02-19 07:45:23	2017-02-19 07:45:23	0.278000000000000025	29
440	2017	\N	\N	103	\N	\N	\N	25	76	28	\N	\N	\N	5	2017-02-19 07:45:23	2017-02-19 07:45:23	0.305999999999999994	19
441	2017	\N	\N	90	\N	\N	\N	32	104	0	\N	\N	\N	9	2017-02-19 07:45:23	2017-02-19 07:45:23	0.306999999999999995	5
442	2017	\N	\N	89	\N	\N	\N	15	59	43	\N	\N	\N	368	2017-02-19 07:45:23	2017-02-19 07:45:23	0.27200000000000002	29
443	2017	\N	\N	81	\N	\N	\N	24	101	16	\N	\N	\N	66	2017-02-19 07:45:23	2017-02-19 07:45:23	0.277000000000000024	6
444	2017	\N	\N	99	\N	\N	\N	24	75	4	\N	\N	\N	14	2017-02-19 07:45:23	2017-02-19 07:45:23	0.295999999999999985	20
445	2017	\N	\N	85	\N	\N	\N	15	64	45	\N	\N	\N	13	2017-02-19 07:45:23	2017-02-19 07:45:23	0.293999999999999984	25
446	2017	\N	\N	94	\N	\N	\N	28	85	8	\N	\N	\N	4	2017-02-19 07:45:23	2017-02-19 07:45:23	0.302999999999999992	18
447	2017	\N	\N	98	\N	\N	\N	14	76	21	\N	\N	\N	24	2017-02-19 07:45:23	2017-02-19 07:45:23	0.298999999999999988	4
448	2017	\N	\N	97	\N	\N	\N	28	88	5	\N	\N	\N	23	2017-02-19 07:45:23	2017-02-19 07:45:23	0.287999999999999978	16
449	2017	\N	\N	101	\N	\N	\N	17	82	11	\N	\N	\N	33	2017-02-19 07:45:23	2017-02-19 07:45:23	0.294999999999999984	2
450	2017	\N	\N	83	\N	\N	\N	22	101	4	\N	\N	\N	2	2017-02-19 07:45:23	2017-02-19 07:45:23	0.320000000000000007	29
451	2017	\N	\N	104	\N	\N	\N	35	87	16	\N	\N	\N	79	2017-02-19 07:45:23	2017-02-19 07:45:23	0.25	8
452	2017	\N	\N	83	\N	\N	\N	29	94	3	\N	\N	\N	26	2017-02-19 07:45:23	2017-02-19 07:45:23	0.288999999999999979	19
453	2017	\N	\N	100	\N	\N	\N	39	115	2	\N	\N	\N	94	2017-02-19 07:45:23	2017-02-19 07:45:23	0.271000000000000019	4
454	2017	\N	\N	82	\N	\N	\N	16	82	14	\N	\N	\N	28	2017-02-19 07:45:23	2017-02-19 07:45:23	0.293999999999999984	21
455	2017	\N	\N	92	\N	\N	\N	29	90	2	\N	\N	\N	27	2017-02-19 07:45:23	2017-02-19 07:45:23	0.287999999999999978	11
456	2017	\N	\N	76	\N	\N	\N	27	84	15	\N	\N	\N	18	2017-02-19 07:45:23	2017-02-19 07:45:23	0.282999999999999974	22
457	2017	\N	\N	76	\N	\N	\N	37	99	4	\N	\N	\N	369	2017-02-19 07:45:23	2017-02-19 07:45:23	0.255000000000000004	21
458	2017	\N	\N	83	\N	\N	\N	30	91	4	\N	\N	\N	17	2017-02-19 07:45:23	2017-02-19 07:45:23	0.282999999999999974	5
459	2017	\N	\N	74	\N	\N	\N	29	101	1	\N	\N	\N	36	2017-02-19 07:45:23	2017-02-19 07:45:23	0.288999999999999979	3
460	2017	\N	\N	107	\N	\N	\N	30	78	12	\N	\N	\N	97	2017-02-19 07:45:23	2017-02-19 07:45:23	0.265000000000000013	6
461	2017	\N	\N	88	\N	\N	\N	25	88	11	\N	\N	\N	104	2017-02-19 07:45:23	2017-02-19 07:45:23	0.281999999999999973	25
462	2017	\N	\N	86	\N	\N	\N	16	58	57	\N	\N	\N	50	2017-02-19 07:45:23	2017-02-19 07:45:23	0.252000000000000002	22
463	2017	\N	\N	83	\N	\N	\N	17	76	23	\N	\N	\N	101	2017-02-19 07:45:23	2017-02-19 07:45:23	0.262000000000000011	25
464	2017	\N	\N	87	\N	\N	\N	28	95	5	\N	\N	\N	58	2017-02-19 07:45:23	2017-02-19 07:45:23	0.277000000000000024	11
465	2017	\N	\N	95	\N	\N	\N	32	96	17	\N	\N	\N	370	2017-02-19 07:45:23	2017-02-19 07:45:23	0.26100000000000001	19
466	2017	\N	\N	87	\N	\N	\N	32	98	5	\N	\N	\N	57	2017-02-19 07:45:23	2017-02-19 07:45:23	0.275000000000000022	23
467	2017	\N	\N	90	\N	\N	\N	41	99	2	\N	\N	\N	46	2017-02-19 07:45:23	2017-02-19 07:45:23	0.279000000000000026	11
468	2017	\N	\N	68	\N	\N	\N	24	82	20	\N	\N	\N	52	2017-02-19 07:45:23	2017-02-19 07:45:23	0.278000000000000025	19
469	2017	\N	\N	89	\N	\N	\N	24	83	18	\N	\N	\N	100	2017-02-19 07:45:23	2017-02-19 07:45:23	0.255000000000000004	26
470	2017	\N	\N	83	\N	\N	\N	25	90	1	\N	\N	\N	25	2017-02-19 07:45:23	2017-02-19 07:45:23	0.294999999999999984	13
471	2017	\N	\N	103	\N	\N	\N	20	79	13	\N	\N	\N	43	2017-02-19 07:45:23	2017-02-19 07:45:23	0.281000000000000028	5
472	2017	\N	\N	86	\N	\N	\N	28	87	13	\N	\N	\N	73	2017-02-19 07:45:23	2017-02-19 07:45:23	0.274000000000000021	13
473	2017	\N	\N	82	\N	\N	\N	22	95	6	\N	\N	\N	85	2017-02-19 07:45:23	2017-02-19 07:45:23	0.27300000000000002	30
474	2017	\N	\N	90	\N	\N	\N	15	58	30	\N	\N	\N	371	2017-02-19 07:45:23	2017-02-19 07:45:23	0.283999999999999975	15
475	2017	\N	\N	89	\N	\N	\N	2	34	58	\N	\N	\N	372	2017-02-19 07:45:23	2017-02-19 07:45:23	0.284999999999999976	21
476	2017	\N	\N	88	\N	\N	\N	30	91	4	\N	\N	\N	138	2017-02-19 07:45:23	2017-02-19 07:45:23	0.247999999999999998	14
477	2017	\N	\N	76	\N	\N	\N	4	29	67	\N	\N	\N	373	2017-02-19 07:45:23	2017-02-19 07:45:23	0.244999999999999996	18
478	2017	\N	\N	82	\N	\N	\N	29	89	11	\N	\N	\N	122	2017-02-19 07:45:23	2017-02-19 07:45:23	0.25	5
479	2017	\N	\N	86	\N	\N	\N	36	91	16	\N	\N	\N	142	2017-02-19 07:45:23	2017-02-19 07:45:23	0.243999999999999995	3
480	2017	\N	\N	81	\N	\N	\N	26	100	10	\N	\N	\N	49	2017-02-19 07:45:23	2017-02-19 07:45:23	0.277000000000000024	2
481	2017	\N	\N	87	\N	\N	\N	27	80	4	\N	\N	\N	374	2017-02-19 07:45:23	2017-02-19 07:45:23	0.247999999999999998	17
482	2017	\N	\N	75	\N	\N	\N	16	82	4	\N	\N	\N	44	2017-02-19 07:45:23	2017-02-19 07:45:23	0.301999999999999991	27
483	2017	\N	\N	91	\N	\N	\N	9	60	15	\N	\N	\N	1	2017-02-19 07:45:23	2017-02-19 07:45:23	0.315000000000000002	19
484	2017	\N	\N	87	\N	\N	\N	16	70	17	\N	\N	\N	62	2017-02-19 07:45:23	2017-02-19 07:45:23	0.280000000000000027	4
485	2017	\N	\N	86	\N	\N	\N	30	88	3	\N	\N	\N	89	2017-02-19 07:45:23	2017-02-19 07:45:23	0.270000000000000018	1
486	2017	\N	\N	85	\N	\N	\N	20	84	8	\N	\N	\N	69	2017-02-19 07:45:23	2017-02-19 07:45:23	0.271000000000000019	28
487	2017	\N	\N	81	\N	\N	\N	28	87	7	\N	\N	\N	99	2017-02-19 07:45:23	2017-02-19 07:45:23	0.247999999999999998	4
488	2017	\N	\N	76	\N	\N	\N	13	50	29	\N	\N	\N	6	2017-02-19 07:45:23	2017-02-19 07:45:23	0.27200000000000002	11
489	2017	\N	\N	88	\N	\N	\N	24	84	10	\N	\N	\N	375	2017-02-19 07:45:23	2017-02-19 07:45:23	0.270000000000000018	6
490	2017	\N	\N	91	\N	\N	\N	21	81	10	\N	\N	\N	82	2017-02-19 07:45:23	2017-02-19 07:45:23	0.255000000000000004	2
491	2017	\N	\N	96	\N	\N	\N	25	93	1	\N	\N	\N	75	2017-02-19 07:45:23	2017-02-19 07:45:23	0.268000000000000016	28
492	2017	\N	\N	87	\N	\N	\N	13	64	6	\N	\N	\N	8	2017-02-19 07:45:23	2017-02-19 07:45:23	0.294999999999999984	2
493	2017	\N	\N	96	\N	\N	\N	40	92	1	\N	\N	\N	144	2017-02-19 07:45:23	2017-02-19 07:45:23	0.234000000000000014	1
494	2017	\N	\N	86	\N	\N	\N	38	100	2	\N	\N	\N	103	2017-02-19 07:45:23	2017-02-19 07:45:23	0.260000000000000009	1
495	2017	\N	\N	51	\N	\N	\N	10	59	12	\N	\N	\N	376	2017-02-19 07:45:23	2017-02-19 07:45:23	0.281000000000000028	4
496	2017	\N	\N	78	\N	\N	\N	29	89	2	\N	\N	\N	68	2017-02-19 07:45:23	2017-02-19 07:45:23	0.269000000000000017	12
497	2017	\N	\N	84	\N	\N	\N	38	98	3	\N	\N	\N	121	2017-02-19 07:45:23	2017-02-19 07:45:23	0.253000000000000003	10
498	2017	\N	\N	86	\N	\N	\N	28	104	5	\N	\N	\N	81	2017-02-19 07:45:23	2017-02-19 07:45:23	0.267000000000000015	16
499	2017	\N	\N	94	\N	\N	\N	11	56	16	\N	\N	\N	53	2017-02-19 07:45:23	2017-02-19 07:45:23	0.291999999999999982	29
500	2017	\N	\N	73	\N	\N	\N	21	74	1	\N	\N	\N	87	2017-02-19 07:45:23	2017-02-19 07:45:23	0.264000000000000012	21
501	2017	\N	\N	82	\N	\N	\N	9	63	23	\N	\N	\N	12	2017-02-19 07:45:23	2017-02-19 07:45:23	0.285999999999999976	4
502	2017	\N	\N	55	\N	\N	\N	25	69	7	\N	\N	\N	377	2017-02-19 07:45:23	2017-02-19 07:45:23	0.256000000000000005	9
503	2017	\N	\N	72	\N	\N	\N	32	79	2	\N	\N	\N	378	2017-02-19 07:45:23	2017-02-19 07:45:23	0.232000000000000012	8
504	2017	\N	\N	79	\N	\N	\N	12	69	24	\N	\N	\N	379	2017-02-19 07:45:23	2017-02-19 07:45:23	0.283999999999999975	30
509	2017	\N	\N	91	\N	\N	\N	19	77	10	\N	\N	\N	77	2017-02-19 07:45:23	2017-02-19 07:45:23	0.269000000000000017	29
510	2017	\N	\N	71	\N	\N	\N	21	92	0	\N	\N	\N	51	2017-02-19 07:45:23	2017-02-19 07:45:23	0.277000000000000024	20
511	2017	\N	\N	71	\N	\N	\N	19	77	4	\N	\N	\N	38	2017-02-19 07:45:23	2017-02-19 07:45:23	0.297999999999999987	13
512	2017	\N	\N	80	\N	\N	\N	26	88	5	\N	\N	\N	63	2017-02-19 07:45:23	2017-02-19 07:45:23	0.282999999999999974	20
513	2017	\N	\N	67	\N	\N	\N	20	73	21	\N	\N	\N	382	2017-02-19 07:45:23	2017-02-19 07:45:23	0.276000000000000023	19
514	2017	\N	\N	72	\N	\N	\N	26	76	9	\N	\N	\N	126	2017-02-19 07:45:23	2017-02-19 07:45:23	0.25	12
515	2017	\N	\N	68	\N	\N	\N	15	63	6	\N	\N	\N	383	2017-02-19 07:45:23	2017-02-19 07:45:23	0.281000000000000028	28
516	2017	\N	\N	78	\N	\N	\N	30	95	6	\N	\N	\N	129	2017-02-19 07:45:23	2017-02-19 07:45:23	0.233000000000000013	18
517	2017	\N	\N	53	\N	\N	\N	15	56	5	\N	\N	\N	384	2017-02-19 07:45:23	2017-02-19 07:45:23	0.271000000000000019	17
518	2017	\N	\N	59	\N	\N	\N	22	79	1	\N	\N	\N	42	2017-02-19 07:45:23	2017-02-19 07:45:23	0.275000000000000022	5
519	2017	\N	\N	69	\N	\N	\N	6	58	24	\N	\N	\N	22	2017-02-19 07:45:23	2017-02-19 07:45:23	0.279000000000000026	13
520	2017	\N	\N	81	\N	\N	\N	13	46	21	\N	\N	\N	48	2017-02-19 07:45:23	2017-02-19 07:45:23	0.274000000000000021	24
521	2017	\N	\N	61	\N	\N	\N	22	67	4	\N	\N	\N	132	2017-02-19 07:45:23	2017-02-19 07:45:23	0.237999999999999989	13
522	2017	\N	\N	91	\N	\N	\N	20	77	3	\N	\N	\N	74	2017-02-19 07:45:23	2017-02-19 07:45:23	0.266000000000000014	7
523	2017	\N	\N	73	\N	\N	\N	20	56	7	\N	\N	\N	90	2017-02-19 07:45:23	2017-02-19 07:45:23	0.260000000000000009	20
524	2017	\N	\N	65	\N	\N	\N	24	74	1	\N	\N	\N	109	2017-02-19 07:45:23	2017-02-19 07:45:23	0.271000000000000019	14
525	2017	\N	\N	58	\N	\N	\N	10	50	12	\N	\N	\N	21	2017-02-19 07:45:23	2017-02-19 07:45:23	0.278000000000000025	21
526	2017	\N	\N	73	\N	\N	\N	27	90	6	\N	\N	\N	116	2017-02-19 07:45:23	2017-02-19 07:45:23	0.242999999999999994	23
527	2017	\N	\N	62	\N	\N	\N	22	64	5	\N	\N	\N	385	2017-02-19 07:45:23	2017-02-19 07:45:23	0.245999999999999996	28
528	2017	\N	\N	79	\N	\N	\N	26	87	6	\N	\N	\N	117	2017-02-19 07:45:23	2017-02-19 07:45:23	0.260000000000000009	15
529	2017	\N	\N	77	\N	\N	\N	31	96	0	\N	\N	\N	91	2017-02-19 07:45:23	2017-02-19 07:45:23	0.270000000000000018	14
530	2017	\N	\N	54	\N	\N	\N	19	67	1	\N	\N	\N	31	2017-02-19 07:45:23	2017-02-19 07:45:23	0.26100000000000001	6
531	2017	\N	\N	88	\N	\N	\N	15	47	14	\N	\N	\N	60	2017-02-19 07:45:23	2017-02-19 07:45:23	0.263000000000000012	28
532	2017	\N	\N	69	\N	\N	\N	13	63	38	\N	\N	\N	45	2017-02-19 07:45:23	2017-02-19 07:45:23	0.280000000000000027	27
533	2017	\N	\N	50	\N	\N	\N	23	65	1	\N	\N	\N	386	2017-02-19 07:45:23	2017-02-19 07:45:23	0.237999999999999989	20
534	2017	\N	\N	61	\N	\N	\N	23	58	9	\N	\N	\N	387	2017-02-19 07:45:23	2017-02-19 07:45:23	0.227000000000000007	20
535	2017	\N	\N	72	\N	\N	\N	10	61	10	\N	\N	\N	388	2017-02-19 07:45:23	2017-02-19 07:45:23	0.255000000000000004	16
536	2017	\N	\N	64	\N	\N	\N	9	54	19	\N	\N	\N	84	2017-02-19 07:45:23	2017-02-19 07:45:23	0.267000000000000015	14
537	2017	\N	\N	63	\N	\N	\N	25	77	5	\N	\N	\N	389	2017-02-19 07:45:23	2017-02-19 07:45:23	0.263000000000000012	25
538	2017	\N	\N	84	\N	\N	\N	26	60	6	\N	\N	\N	136	2017-02-19 07:45:23	2017-02-19 07:45:23	0.23899999999999999	23
539	2017	\N	\N	51	\N	\N	\N	25	65	1	\N	\N	\N	390	2017-02-19 07:45:23	2017-02-19 07:45:23	0.254000000000000004	6
540	2017	\N	\N	85	\N	\N	\N	16	65	6	\N	\N	\N	72	2017-02-19 07:45:23	2017-02-19 07:45:23	0.268000000000000016	17
541	2017	\N	\N	54	\N	\N	\N	20	65	0	\N	\N	\N	120	2017-02-19 07:45:23	2017-02-19 07:45:23	0.253000000000000003	30
542	2017	\N	\N	60	\N	\N	\N	21	76	1	\N	\N	\N	391	2017-02-19 07:45:23	2017-02-19 07:45:23	0.264000000000000012	5
543	2017	\N	\N	70	\N	\N	\N	13	80	3	\N	\N	\N	30	2017-02-19 07:45:23	2017-02-19 07:45:23	0.281000000000000028	3
544	2017	\N	\N	69	\N	\N	\N	10	53	21	\N	\N	\N	92	2017-02-19 07:45:23	2017-02-19 07:45:23	0.257000000000000006	9
545	2017	\N	\N	58	\N	\N	\N	17	68	4	\N	\N	\N	76	2017-02-19 07:45:23	2017-02-19 07:45:23	0.269000000000000017	9
546	2017	\N	\N	67	\N	\N	\N	24	85	2	\N	\N	\N	106	2017-02-19 07:45:23	2017-02-19 07:45:23	0.260000000000000009	24
547	2017	\N	\N	65	\N	\N	\N	14	83	6	\N	\N	\N	65	2017-02-19 07:45:23	2017-02-19 07:45:23	0.260000000000000009	27
548	2017	\N	\N	49	\N	\N	\N	15	51	3	\N	\N	\N	392	2017-02-19 07:45:23	2017-02-19 07:45:23	0.259000000000000008	23
549	2017	\N	\N	85	\N	\N	\N	4	37	22	\N	\N	\N	40	2017-02-19 07:45:23	2017-02-19 07:45:23	0.280000000000000027	16
550	2017	\N	\N	76	\N	\N	\N	25	77	2	\N	\N	\N	83	2017-02-19 07:45:23	2017-02-19 07:45:23	0.260000000000000009	1
551	2017	\N	\N	50	\N	\N	\N	16	59	1	\N	\N	\N	393	2017-02-19 07:45:23	2017-02-19 07:45:23	0.235999999999999988	6
552	2017	\N	\N	84	\N	\N	\N	11	49	18	\N	\N	\N	95	2017-02-19 07:45:23	2017-02-19 07:45:23	0.253000000000000003	9
553	2017	\N	\N	62	\N	\N	\N	9	41	37	\N	\N	\N	394	2017-02-19 07:45:23	2017-02-19 07:45:23	0.240999999999999992	10
554	2017	\N	\N	57	\N	\N	\N	21	66	3	\N	\N	\N	71	2017-02-19 07:45:23	2017-02-19 07:45:23	0.265000000000000013	15
555	2017	\N	\N	49	\N	\N	\N	11	57	4	\N	\N	\N	395	2017-02-19 07:45:23	2017-02-19 07:45:23	0.284999999999999976	6
556	2017	\N	\N	60	\N	\N	\N	18	72	18	\N	\N	\N	396	2017-02-19 07:45:23	2017-02-19 07:45:23	0.269000000000000017	17
557	2017	\N	\N	46	\N	\N	\N	16	61	1	\N	\N	\N	397	2017-02-19 07:45:23	2017-02-19 07:45:23	0.260000000000000009	12
558	2017	\N	\N	67	\N	\N	\N	21	76	1	\N	\N	\N	398	2017-02-19 07:45:23	2017-02-19 07:45:23	0.274000000000000021	30
559	2017	\N	\N	75	\N	\N	\N	18	72	25	\N	\N	\N	399	2017-02-19 07:45:23	2017-02-19 07:45:23	0.258000000000000007	13
560	2017	\N	\N	62	\N	\N	\N	23	85	4	\N	\N	\N	400	2017-02-19 07:45:23	2017-02-19 07:45:23	0.27200000000000002	7
561	2017	\N	\N	75	\N	\N	\N	20	69	11	\N	\N	\N	118	2017-02-19 07:45:23	2017-02-19 07:45:23	0.244999999999999996	18
562	2017	\N	\N	70	\N	\N	\N	22	66	10	\N	\N	\N	135	2017-02-19 07:45:23	2017-02-19 07:45:23	0.240999999999999992	10
563	2017	\N	\N	60	\N	\N	\N	18	65	1	\N	\N	\N	88	2017-02-19 07:45:23	2017-02-19 07:45:23	0.27200000000000002	13
564	2017	\N	\N	55	\N	\N	\N	15	57	1	\N	\N	\N	468	2017-02-19 07:45:23	2017-02-19 07:45:23	0.274000000000000021	10
565	2017	\N	\N	64	\N	\N	\N	9	60	13	\N	\N	\N	41	2017-02-19 07:45:23	2017-02-19 07:45:23	0.281000000000000028	16
566	2017	\N	\N	45	\N	\N	\N	26	58	2	\N	\N	\N	143	2017-02-19 07:45:23	2017-02-19 07:45:23	0.228000000000000008	9
567	2017	\N	\N	65	\N	\N	\N	16	62	6	\N	\N	\N	61	2017-02-19 07:45:23	2017-02-19 07:45:23	0.265000000000000013	9
568	2017	\N	\N	54	\N	\N	\N	14	51	5	\N	\N	\N	401	2017-02-19 07:45:23	2017-02-19 07:45:23	0.266000000000000014	20
569	2017	\N	\N	75	\N	\N	\N	16	54	21	\N	\N	\N	402	2017-02-19 07:45:23	2017-02-19 07:45:23	0.234999999999999987	8
570	2017	\N	\N	58	\N	\N	\N	13	45	42	\N	\N	\N	403	2017-02-19 07:45:23	2017-02-19 07:45:23	0.237999999999999989	22
571	2017	\N	\N	41	\N	\N	\N	5	32	10	\N	\N	\N	141	2017-02-19 07:45:23	2017-02-19 07:45:23	0.254000000000000004	17
572	2017	\N	\N	70	\N	\N	\N	14	62	8	\N	\N	\N	404	2017-02-19 07:45:23	2017-02-19 07:45:23	0.277000000000000024	14
573	2017	\N	\N	63	\N	\N	\N	21	74	3	\N	\N	\N	140	2017-02-19 07:45:23	2017-02-19 07:45:23	0.240999999999999992	14
574	2017	\N	\N	64	\N	\N	\N	5	45	41	\N	\N	\N	405	2017-02-19 07:45:23	2017-02-19 07:45:23	0.27200000000000002	18
575	2017	\N	\N	45	\N	\N	\N	7	52	2	\N	\N	\N	15	2017-02-19 07:45:23	2017-02-19 07:45:23	0.286999999999999977	28
576	2017	\N	\N	67	\N	\N	\N	15	63	5	\N	\N	\N	406	2017-02-19 07:45:23	2017-02-19 07:45:23	0.282999999999999974	27
577	2017	\N	\N	48	\N	\N	\N	15	51	4	\N	\N	\N	407	2017-02-19 07:45:23	2017-02-19 07:45:23	0.245999999999999996	22
578	2017	\N	\N	52	\N	\N	\N	23	60	1	\N	\N	\N	408	2017-02-19 07:45:23	2017-02-19 07:45:23	0.252000000000000002	28
579	2017	\N	\N	65	\N	\N	\N	7	53	18	\N	\N	\N	55	2017-02-19 07:45:23	2017-02-19 07:45:23	0.279000000000000026	25
580	2017	\N	\N	61	\N	\N	\N	8	66	2	\N	\N	\N	19	2017-02-19 07:45:23	2017-02-19 07:45:23	0.294999999999999984	21
581	2017	\N	\N	63	\N	\N	\N	13	63	7	\N	\N	\N	409	2017-02-19 07:45:23	2017-02-19 07:45:23	0.277000000000000024	15
582	2017	\N	\N	60	\N	\N	\N	21	60	3	\N	\N	\N	410	2017-02-19 07:45:23	2017-02-19 07:45:23	0.271000000000000019	23
583	2017	\N	\N	38	\N	\N	\N	14	59	1	\N	\N	\N	411	2017-02-19 07:45:23	2017-02-19 07:45:23	0.251000000000000001	1
584	2017	\N	\N	70	\N	\N	\N	15	48	24	\N	\N	\N	412	2017-02-19 07:45:23	2017-02-19 07:45:23	0.256000000000000005	12
585	2017	\N	\N	34	\N	\N	\N	1	18	15	\N	\N	\N	413	2017-02-19 07:45:23	2017-02-19 07:45:23	0.26100000000000001	7
586	2017	\N	\N	62	\N	\N	\N	5	50	19	\N	\N	\N	98	2017-02-19 07:45:23	2017-02-19 07:45:23	0.26100000000000001	30
587	2017	\N	\N	54	\N	\N	\N	14	47	7	\N	\N	\N	414	2017-02-19 07:45:23	2017-02-19 07:45:23	0.271000000000000019	6
588	2017	\N	\N	55	\N	\N	\N	15	61	0	\N	\N	\N	114	2017-02-19 07:45:23	2017-02-19 07:45:23	0.262000000000000011	10
589	2017	\N	\N	57	\N	\N	\N	6	41	16	\N	\N	\N	415	2017-02-19 07:45:23	2017-02-19 07:45:23	0.252000000000000002	7
590	2017	\N	\N	63	\N	\N	\N	26	72	1	\N	\N	\N	416	2017-02-19 07:45:23	2017-02-19 07:45:23	0.26100000000000001	24
591	2017	\N	\N	59	\N	\N	\N	15	61	1	\N	\N	\N	417	2017-02-19 07:45:23	2017-02-19 07:45:23	0.251000000000000001	30
592	2017	\N	\N	68	\N	\N	\N	5	40	18	\N	\N	\N	34	2017-02-19 07:45:23	2017-02-19 07:45:23	0.277000000000000024	24
593	2017	\N	\N	28	\N	\N	\N	11	33	2	\N	\N	\N	418	2017-02-19 07:45:23	2017-02-19 07:45:23	0.260000000000000009	19
594	2017	\N	\N	65	\N	\N	\N	2	41	21	\N	\N	\N	419	2017-02-19 07:45:23	2017-02-19 07:45:23	0.271000000000000019	15
595	2017	\N	\N	56	\N	\N	\N	22	65	5	\N	\N	\N	420	2017-02-19 07:45:23	2017-02-19 07:45:23	0.260000000000000009	26
596	2017	\N	\N	70	\N	\N	\N	10	71	1	\N	\N	\N	78	2017-02-19 07:45:23	2017-02-19 07:45:23	0.27200000000000002	16
597	2017	\N	\N	52	\N	\N	\N	18	70	1	\N	\N	\N	139	2017-02-19 07:45:23	2017-02-19 07:45:23	0.271000000000000019	2
598	2017	\N	\N	46	\N	\N	\N	3	35	4	\N	\N	\N	421	2017-02-19 07:45:23	2017-02-19 07:45:23	0.254000000000000004	25
599	2017	\N	\N	53	\N	\N	\N	2	29	44	\N	\N	\N	422	2017-02-19 07:45:23	2017-02-19 07:45:23	0.248999999999999999	11
600	2017	\N	\N	73	\N	\N	\N	9	39	27	\N	\N	\N	423	2017-02-19 07:45:23	2017-02-19 07:45:23	0.269000000000000017	3
601	2017	\N	\N	73	\N	\N	\N	9	60	5	\N	\N	\N	131	2017-02-19 07:45:23	2017-02-19 07:45:23	0.262000000000000011	27
602	2017	\N	\N	33	\N	\N	\N	12	49	0	\N	\N	\N	16	2017-02-19 07:45:23	2017-02-19 07:45:23	0.271000000000000019	12
603	2017	\N	\N	50	\N	\N	\N	16	59	1	\N	\N	\N	425	2017-02-19 07:45:23	2017-02-19 07:45:23	0.263000000000000012	23
604	2017	\N	\N	65	\N	\N	\N	20	59	6	\N	\N	\N	56	2017-02-19 07:45:23	2017-02-19 07:45:23	0.267000000000000015	23
605	2017	\N	\N	33	\N	\N	\N	15	39	2	\N	\N	\N	426	2017-02-19 07:45:23	2017-02-19 07:45:23	0.247999999999999998	1
606	2017	\N	\N	43	\N	\N	\N	9	46	23	\N	\N	\N	427	2017-02-19 07:45:23	2017-02-19 07:45:23	0.251000000000000001	22
607	2017	\N	\N	32	\N	\N	\N	14	41	0	\N	\N	\N	541	2017-02-19 07:45:23	2017-02-19 07:45:23	0.20699999999999999	11
608	2017	\N	\N	53	\N	\N	\N	19	58	4	\N	\N	\N	127	2017-02-19 07:45:23	2017-02-19 07:45:23	0.234999999999999987	22
609	2017	\N	\N	41	\N	\N	\N	9	44	0	\N	\N	\N	428	2017-02-19 07:45:23	2017-02-19 07:45:23	0.276000000000000023	2
610	2017	\N	\N	71	\N	\N	\N	17	60	4	\N	\N	\N	124	2017-02-19 07:45:23	2017-02-19 07:45:23	0.23899999999999999	29
611	2017	\N	\N	72	\N	\N	\N	18	81	1	\N	\N	\N	429	2017-02-19 07:45:23	2017-02-19 07:45:23	0.275000000000000022	26
612	2017	\N	\N	65	\N	\N	\N	21	70	1	\N	\N	\N	529	2017-02-19 07:45:23	2017-02-19 07:45:23	0.231000000000000011	30
613	2017	\N	\N	36	\N	\N	\N	16	50	1	\N	\N	\N	504	2017-02-19 07:45:23	2017-02-19 07:45:23	0.235999999999999988	24
614	2017	\N	\N	58	\N	\N	\N	23	67	1	\N	\N	\N	526	2017-02-19 07:45:23	2017-02-19 07:45:23	0.242999999999999994	23
615	2017	\N	\N	55	\N	\N	\N	13	42	6	\N	\N	\N	514	2017-02-19 07:45:23	2017-02-19 07:45:23	0.255000000000000004	13
616	2017	\N	\N	44	\N	\N	\N	11	41	5	\N	\N	\N	546	2017-02-19 07:45:23	2017-02-19 07:45:23	0.213999999999999996	29
617	2017	\N	\N	58	\N	\N	\N	9	52	23	\N	\N	\N	531	2017-02-19 07:45:23	2017-02-19 07:45:23	0.23899999999999999	22
618	2017	\N	\N	63	\N	\N	\N	11	48	15	\N	\N	\N	515	2017-02-19 07:45:23	2017-02-19 07:45:23	0.256000000000000005	28
619	2017	\N	\N	9	\N	\N	\N	3	10	0	\N	\N	\N	551	2017-02-19 07:45:23	2017-02-19 07:45:23	0.224000000000000005	6
620	2017	\N	\N	58	\N	\N	\N	23	67	2	\N	\N	\N	123	2017-02-19 07:45:23	2017-02-19 07:45:23	0.256000000000000005	12
621	2017	\N	\N	43	\N	\N	\N	4	36	14	\N	\N	\N	480	2017-02-19 07:45:23	2017-02-19 07:45:23	0.252000000000000002	15
622	2017	\N	\N	67	\N	\N	\N	10	54	2	\N	\N	\N	96	2017-02-19 07:45:23	2017-02-19 07:45:23	0.260000000000000009	8
623	2017	\N	\N	70	\N	\N	\N	16	78	12	\N	\N	\N	522	2017-02-19 07:45:23	2017-02-19 07:45:23	0.257000000000000006	8
624	2017	\N	\N	30	\N	\N	\N	10	40	0	\N	\N	\N	550	2017-02-19 07:45:23	2017-02-19 07:45:23	0.23899999999999999	4
625	2017	\N	\N	66	\N	\N	\N	22	63	9	\N	\N	\N	146	2017-02-19 07:45:23	2017-02-19 07:45:23	0.212999999999999995	7
626	2017	\N	\N	71	\N	\N	\N	10	52	10	\N	\N	\N	107	2017-02-19 07:45:23	2017-02-19 07:45:23	0.266000000000000014	24
627	2017	\N	\N	31	\N	\N	\N	7	26	0	\N	\N	\N	508	2017-02-19 07:45:23	2017-02-19 07:45:23	0.251000000000000001	23
628	2017	\N	\N	56	\N	\N	\N	12	54	2	\N	\N	\N	475	2017-02-19 07:45:23	2017-02-19 07:45:23	0.269000000000000017	15
629	2017	\N	\N	49	\N	\N	\N	18	70	1	\N	\N	\N	489	2017-02-19 07:45:23	2017-02-19 07:45:23	0.259000000000000008	21
630	2017	\N	\N	50	\N	\N	\N	5	44	8	\N	\N	\N	478	2017-02-19 07:45:23	2017-02-19 07:45:23	0.268000000000000016	7
631	2017	\N	\N	65	\N	\N	\N	4	41	34	\N	\N	\N	512	2017-02-19 07:45:23	2017-02-19 07:45:23	0.26100000000000001	26
632	2017	\N	\N	71	\N	\N	\N	26	79	2	\N	\N	\N	535	2017-02-19 07:45:23	2017-02-19 07:45:23	0.226000000000000006	26
633	2017	\N	\N	52	\N	\N	\N	14	64	2	\N	\N	\N	492	2017-02-19 07:45:23	2017-02-19 07:45:23	0.25	10
634	2017	\N	\N	63	\N	\N	\N	14	48	9	\N	\N	\N	487	2017-02-19 07:45:23	2017-02-19 07:45:23	0.255000000000000004	8
635	2017	\N	\N	55	\N	\N	\N	14	57	3	\N	\N	\N	533	2017-02-19 07:45:23	2017-02-19 07:45:23	0.239999999999999991	29
636	2017	\N	\N	63	\N	\N	\N	18	53	1	\N	\N	\N	47	2017-02-19 07:45:23	2017-02-19 07:45:23	0.266000000000000014	11
637	2017	\N	\N	27	\N	\N	\N	10	36	1	\N	\N	\N	552	2017-02-19 07:45:23	2017-02-19 07:45:23	0.248999999999999999	18
638	2017	\N	\N	46	\N	\N	\N	6	34	7	\N	\N	\N	503	2017-02-19 07:45:23	2017-02-19 07:45:23	0.277000000000000024	19
639	2017	\N	\N	42	\N	\N	\N	14	44	5	\N	\N	\N	507	2017-02-19 07:45:23	2017-02-19 07:45:23	0.247999999999999998	3
640	2017	\N	\N	49	\N	\N	\N	14	36	14	\N	\N	\N	537	2017-02-19 07:45:23	2017-02-19 07:45:23	0.240999999999999992	3
641	2017	\N	\N	37	\N	\N	\N	10	42	0	\N	\N	\N	555	2017-02-19 07:45:23	2017-02-19 07:45:23	0.23000000000000001	11
642	2017	\N	\N	70	\N	\N	\N	15	55	6	\N	\N	\N	112	2017-02-19 07:45:23	2017-02-19 07:45:23	0.251000000000000001	18
643	2017	\N	\N	62	\N	\N	\N	14	54	6	\N	\N	\N	115	2017-02-19 07:45:23	2017-02-19 07:45:23	0.251000000000000001	9
644	2017	\N	\N	34	\N	\N	\N	9	46	2	\N	\N	\N	530	2017-02-19 07:45:23	2017-02-19 07:45:23	0.234000000000000014	5
645	2017	\N	\N	8	\N	\N	\N	2	7	1	\N	\N	\N	93	2017-02-19 07:45:23	2017-02-19 07:45:23	0.268000000000000016	22
646	2017	\N	\N	60	\N	\N	\N	20	50	2	\N	\N	\N	111	2017-02-19 07:45:23	2017-02-19 07:45:23	0.234000000000000014	24
647	2017	\N	\N	71	\N	\N	\N	9	63	16	\N	\N	\N	497	2017-02-19 07:45:23	2017-02-19 07:45:23	0.263000000000000012	12
648	2017	\N	\N	55	\N	\N	\N	9	58	5	\N	\N	\N	482	2017-02-19 07:45:23	2017-02-19 07:45:23	0.286999999999999977	25
649	2017	\N	\N	58	\N	\N	\N	9	41	7	\N	\N	\N	517	2017-02-19 07:45:23	2017-02-19 07:45:23	0.253000000000000003	13
650	2017	\N	\N	39	\N	\N	\N	8	37	0	\N	\N	\N	484	2017-02-19 07:45:23	2017-02-19 07:45:23	0.251000000000000001	25
651	2017	\N	\N	44	\N	\N	\N	11	39	1	\N	\N	\N	539	2017-02-19 07:45:23	2017-02-19 07:45:23	0.224000000000000005	8
652	2017	\N	\N	28	\N	\N	\N	6	26	1	\N	\N	\N	479	2017-02-19 07:45:23	2017-02-19 07:45:23	0.252000000000000002	21
653	2017	\N	\N	25	\N	\N	\N	9	35	1	\N	\N	\N	505	2017-02-19 07:45:23	2017-02-19 07:45:23	0.253000000000000003	28
654	2017	\N	\N	60	\N	\N	\N	12	40	23	\N	\N	\N	119	2017-02-19 07:45:23	2017-02-19 07:45:23	0.237999999999999989	11
655	2017	\N	\N	44	\N	\N	\N	18	55	1	\N	\N	\N	509	2017-02-19 07:45:23	2017-02-19 07:45:23	0.256000000000000005	9
656	2017	\N	\N	38	\N	\N	\N	15	38	1	\N	\N	\N	470	2017-02-19 07:45:23	2017-02-19 07:45:23	0.276000000000000023	14
657	2017	\N	\N	35	\N	\N	\N	7	35	0	\N	\N	\N	467	2017-02-19 07:45:23	2017-02-19 07:45:23	0.255000000000000004	2
658	2017	\N	\N	12	\N	\N	\N	4	14	1	\N	\N	\N	485	2017-02-19 07:45:23	2017-02-19 07:45:23	0.246999999999999997	16
659	2017	\N	\N	53	\N	\N	\N	20	56	5	\N	\N	\N	548	2017-02-19 07:45:23	2017-02-19 07:45:23	0.227000000000000007	9
660	2017	\N	\N	25	\N	\N	\N	7	24	1	\N	\N	\N	474	2017-02-19 07:45:23	2017-02-19 07:45:23	0.264000000000000012	19
661	2017	\N	\N	22	\N	\N	\N	2	18	3	\N	\N	\N	498	2017-02-19 07:45:23	2017-02-19 07:45:23	0.257000000000000006	2
662	2017	\N	\N	40	\N	\N	\N	11	47	3	\N	\N	\N	523	2017-02-19 07:45:23	2017-02-19 07:45:23	0.23899999999999999	22
663	2017	\N	\N	28	\N	\N	\N	6	28	12	\N	\N	\N	476	2017-02-19 07:45:23	2017-02-19 07:45:23	0.252000000000000002	3
664	2017	\N	\N	66	\N	\N	\N	18	73	5	\N	\N	\N	70	2017-02-19 07:45:23	2017-02-19 07:45:23	0.26100000000000001	16
665	2017	\N	\N	71	\N	\N	\N	3	23	41	\N	\N	\N	510	2017-02-19 07:45:23	2017-02-19 07:45:23	0.231000000000000011	26
666	2017	\N	\N	37	\N	\N	\N	11	49	1	\N	\N	\N	554	2017-02-19 07:45:23	2017-02-19 07:45:23	0.245999999999999996	26
667	2017	\N	\N	67	\N	\N	\N	18	54	8	\N	\N	\N	145	2017-02-19 07:45:23	2017-02-19 07:45:23	0.239999999999999991	30
668	2017	\N	\N	56	\N	\N	\N	14	56	12	\N	\N	\N	128	2017-02-19 07:45:23	2017-02-19 07:45:23	0.244999999999999996	24
669	2017	\N	\N	6	\N	\N	\N	1	6	0	\N	\N	\N	520	2017-02-19 07:45:23	2017-02-19 07:45:23	0.213999999999999996	22
670	2017	\N	\N	30	\N	\N	\N	2	18	11	\N	\N	\N	473	2017-02-19 07:45:23	2017-02-19 07:45:23	0.247999999999999998	30
671	2017	\N	\N	54	\N	\N	\N	9	50	2	\N	\N	\N	102	2017-02-19 07:45:23	2017-02-19 07:45:23	0.254000000000000004	25
672	2017	\N	\N	22	\N	\N	\N	4	29	0	\N	\N	\N	500	2017-02-19 07:45:23	2017-02-19 07:45:23	0.25	18
673	2017	\N	\N	22	\N	\N	\N	2	13	16	\N	\N	\N	518	2017-02-19 07:45:23	2017-02-19 07:45:23	0.23899999999999999	12
674	2017	\N	\N	69	\N	\N	\N	10	42	22	\N	\N	\N	488	2017-02-19 07:45:23	2017-02-19 07:45:23	0.26100000000000001	23
675	2017	\N	\N	30	\N	\N	\N	9	30	4	\N	\N	\N	519	2017-02-19 07:45:23	2017-02-19 07:45:23	0.252000000000000002	12
676	2017	\N	\N	39	\N	\N	\N	8	40	7	\N	\N	\N	472	2017-02-19 07:45:23	2017-02-19 07:45:23	0.243999999999999995	15
677	2017	\N	\N	67	\N	\N	\N	15	62	0	\N	\N	\N	506	2017-02-19 07:45:23	2017-02-19 07:45:23	0.26100000000000001	1
678	2017	\N	\N	52	\N	\N	\N	15	52	1	\N	\N	\N	513	2017-02-19 07:45:23	2017-02-19 07:45:23	0.234000000000000014	10
679	2017	\N	\N	48	\N	\N	\N	8	52	13	\N	\N	\N	477	2017-02-19 07:45:23	2017-02-19 07:45:23	0.263000000000000012	8
680	2017	\N	\N	16	\N	\N	\N	4	21	1	\N	\N	\N	495	2017-02-19 07:45:23	2017-02-19 07:45:23	0.254000000000000004	27
681	2017	\N	\N	42	\N	\N	\N	14	50	8	\N	\N	\N	524	2017-02-19 07:45:23	2017-02-19 07:45:23	0.234999999999999987	11
682	2017	\N	\N	73	\N	\N	\N	9	47	12	\N	\N	\N	86	2017-02-19 07:45:23	2017-02-19 07:45:23	0.268000000000000016	27
683	2017	\N	\N	57	\N	\N	\N	4	31	9	\N	\N	\N	105	2017-02-19 07:45:23	2017-02-19 07:45:23	0.269000000000000017	5
684	2017	\N	\N	6	\N	\N	\N	2	6	0	\N	\N	\N	553	2017-02-19 07:45:23	2017-02-19 07:45:23	0.23000000000000001	24
685	2017	\N	\N	19	\N	\N	\N	8	20	1	\N	\N	\N	556	2017-02-19 07:45:23	2017-02-19 07:45:23	0.203000000000000014	13
686	2017	\N	\N	20	\N	\N	\N	4	15	1	\N	\N	\N	113	2017-02-19 07:45:23	2017-02-19 07:45:23	0.242999999999999994	20
687	2017	\N	\N	52	\N	\N	\N	3	39	3	\N	\N	\N	137	2017-02-19 07:45:23	2017-02-19 07:45:23	0.257000000000000006	21
688	2017	\N	\N	18	\N	\N	\N	3	16	2	\N	\N	\N	521	2017-02-19 07:45:23	2017-02-19 07:45:23	0.224000000000000005	10
689	2017	\N	\N	19	\N	\N	\N	6	24	0	\N	\N	\N	536	2017-02-19 07:45:23	2017-02-19 07:45:23	0.240999999999999992	17
690	2017	\N	\N	49	\N	\N	\N	15	59	0	\N	\N	\N	516	2017-02-19 07:45:23	2017-02-19 07:45:23	0.26100000000000001	29
691	2017	\N	\N	50	\N	\N	\N	11	45	4	\N	\N	\N	511	2017-02-19 07:45:23	2017-02-19 07:45:23	0.244999999999999996	3
692	2017	\N	\N	14	\N	\N	\N	1	11	2	\N	\N	\N	493	2017-02-19 07:45:23	2017-02-19 07:45:23	0.265000000000000013	1
693	2017	\N	\N	23	\N	\N	\N	2	13	10	\N	\N	\N	557	2017-02-19 07:45:23	2017-02-19 07:45:23	0.25	14
694	2017	\N	\N	11	\N	\N	\N	2	13	2	\N	\N	\N	527	2017-02-19 07:45:23	2017-02-19 07:45:23	0.234999999999999987	26
695	2017	\N	\N	50	\N	\N	\N	10	37	10	\N	\N	\N	469	2017-02-19 07:45:23	2017-02-19 07:45:23	0.260000000000000009	4
696	2017	\N	\N	9	\N	\N	\N	1	7	3	\N	\N	\N	525	2017-02-19 07:45:23	2017-02-19 07:45:23	0.237999999999999989	26
697	2017	\N	\N	22	\N	\N	\N	2	17	5	\N	\N	\N	502	2017-02-19 07:45:23	2017-02-19 07:45:23	0.233000000000000013	16
698	2017	\N	\N	17	\N	\N	\N	1	17	2	\N	\N	\N	496	2017-02-19 07:45:23	2017-02-19 07:45:23	0.242999999999999994	19
699	2017	\N	\N	49	\N	\N	\N	9	58	5	\N	\N	\N	471	2017-02-19 07:45:23	2017-02-19 07:45:23	0.27200000000000002	4
700	2017	\N	\N	48	\N	\N	\N	13	47	1	\N	\N	\N	494	2017-02-19 07:45:23	2017-02-19 07:45:23	0.265000000000000013	28
701	2017	\N	\N	44	\N	\N	\N	9	44	0	\N	\N	\N	486	2017-02-19 07:45:23	2017-02-19 07:45:23	0.259000000000000008	1
702	2017	\N	\N	38	\N	\N	\N	5	33	0	\N	\N	\N	490	2017-02-19 07:45:23	2017-02-19 07:45:23	0.253000000000000003	10
703	2017	\N	\N	36	\N	\N	\N	8	31	14	\N	\N	\N	466	2017-02-19 07:45:23	2017-02-19 07:45:23	0.279000000000000026	20
704	2017	\N	\N	18	\N	\N	\N	5	19	0	\N	\N	\N	538	2017-02-19 07:45:23	2017-02-19 07:45:23	0.232000000000000012	15
705	2017	\N	\N	50	\N	\N	\N	7	47	3	\N	\N	\N	110	2017-02-19 07:45:23	2017-02-19 07:45:23	0.265000000000000013	10
706	2017	\N	\N	24	\N	\N	\N	9	37	0	\N	\N	\N	483	2017-02-19 07:45:23	2017-02-19 07:45:23	0.235999999999999988	16
707	2017	\N	\N	45	\N	\N	\N	16	52	1	\N	\N	\N	534	2017-02-19 07:45:23	2017-02-19 07:45:23	0.231000000000000011	14
708	2017	\N	\N	24	\N	\N	\N	6	24	8	\N	\N	\N	543	2017-02-19 07:45:23	2017-02-19 07:45:23	0.225000000000000006	24
709	2017	\N	\N	22	\N	\N	\N	4	25	2	\N	\N	\N	540	2017-02-19 07:45:23	2017-02-19 07:45:23	0.232000000000000012	7
710	2017	\N	\N	18	\N	\N	\N	2	14	3	\N	\N	\N	532	2017-02-19 07:45:23	2017-02-19 07:45:23	0.23899999999999999	15
711	2017	\N	\N	8	\N	\N	\N	2	7	0	\N	\N	\N	465	2017-02-19 07:45:23	2017-02-19 07:45:23	0.254000000000000004	1
712	2017	\N	\N	22	\N	\N	\N	2	16	1	\N	\N	\N	528	2017-02-19 07:45:23	2017-02-19 07:45:23	0.242999999999999994	2
713	2017	\N	\N	31	\N	\N	\N	3	14	17	\N	\N	\N	491	2017-02-19 07:45:23	2017-02-19 07:45:23	0.246999999999999997	24
714	2017	\N	\N	55	\N	\N	\N	6	37	1	\N	\N	\N	20	2017-02-19 07:45:23	2017-02-19 07:45:23	0.278000000000000025	7
715	2017	\N	\N	40	\N	\N	\N	7	45	10	\N	\N	\N	130	2017-02-19 07:45:23	2017-02-19 07:45:23	0.248999999999999999	12
716	2017	\N	\N	50	\N	\N	\N	21	57	4	\N	\N	\N	542	2017-02-19 07:45:23	2017-02-19 07:45:23	0.228000000000000008	12
717	2017	\N	\N	10	\N	\N	\N	3	12	0	\N	\N	\N	549	2017-02-19 07:45:23	2017-02-19 07:45:23	0.20699999999999999	14
718	2017	\N	\N	57	\N	\N	\N	12	55	4	\N	\N	\N	501	2017-02-19 07:45:23	2017-02-19 07:45:23	0.263000000000000012	26
719	2017	\N	\N	21	\N	\N	\N	7	26	0	\N	\N	\N	545	2017-02-19 07:45:23	2017-02-19 07:45:23	0.20799999999999999	12
720	2017	\N	\N	14	\N	\N	\N	2	12	11	\N	\N	\N	547	2017-02-19 07:45:23	2017-02-19 07:45:23	0.217999999999999999	30
721	2017	\N	\N	18	\N	\N	\N	3	27	0	\N	\N	\N	499	2017-02-19 07:45:23	2017-02-19 07:45:23	0.254000000000000004	16
722	2017	\N	\N	39	\N	\N	\N	9	44	3	\N	\N	\N	67	2017-02-19 07:45:23	2017-02-19 07:45:23	0.260000000000000009	30
723	2017	\N	\N	38	\N	\N	\N	10	31	15	\N	\N	\N	134	2017-02-19 07:45:23	2017-02-19 07:45:23	0.232000000000000012	14
724	2017	\N	\N	50	\N	\N	\N	7	35	11	\N	\N	\N	59	2017-02-19 07:45:23	2017-02-19 07:45:23	0.265000000000000013	27
725	2017	\N	\N	14	\N	\N	\N	4	12	2	\N	\N	\N	108	2017-02-19 07:45:23	2017-02-19 07:45:23	0.254000000000000004	6
726	2017	\N	\N	80	\N	\N	\N	27	85	15	\N	\N	\N	641	2017-02-20 21:18:06.655841	2017-02-20 21:18:06.655841	0.255000000000000004	22
\.


--
-- Name: battings_id_seq; Type: SEQUENCE SET; Schema: public; Owner: -
--

SELECT pg_catalog.setval('battings_id_seq', 726, true);


--
-- Data for Name: mlbteams; Type: TABLE DATA; Schema: public; Owner: -
--

COPY mlbteams (id, abbr, name, created_at, updated_at) FROM stdin;
1	BAL	Baltimore Orioles	2017-02-07 21:47:54.444393	2017-02-08 20:09:19.024011
2	BOS	Boston Redsox	2017-02-07 21:48:23.494049	2017-02-08 20:10:34.492101
3	CHW	Chicago Whitesox	2017-02-07 21:48:44.981403	2017-02-08 20:11:16.93847
4	CLE	Cleveland Indians	2017-02-07 21:49:02.83696	2017-02-08 20:11:16.948863
5	DET	Detroit Tigers	2017-02-07 21:49:24.308241	2017-02-08 20:11:16.95247
6	HOU	Houston Astros	2017-02-07 21:49:55.851731	2017-02-08 20:11:16.955698
7	LAA	Los Angeles Angels	2017-02-07 21:50:20.763189	2017-02-08 20:11:16.958939
8	MIN	Minnesota Twins	2017-02-07 21:50:41.282936	2017-02-08 20:11:16.962028
9	NYY	New York Yankees	2017-02-07 21:50:59.530628	2017-02-08 20:11:16.966648
10	OAK	Oakland Athletics	2017-02-07 21:51:23.20144	2017-02-08 20:11:16.969998
11	SEA	Seattle Mariners	2017-02-07 21:51:42.304916	2017-02-08 20:11:16.97464
14	TOR	Toronto Blue Jays	2017-02-07 21:52:55.276806	2017-02-08 20:11:16.983051
15	ARI	Arizona Diamondbacks	2017-02-07 21:53:26.080885	2017-02-08 20:11:16.987493
16	ATL	Atlanta Braves	2017-02-07 21:53:43.040647	2017-02-08 20:11:16.990606
17	CHC	Chicago Cubs	2017-02-07 21:53:55.607646	2017-02-08 20:11:16.993764
18	CIN	Cincinnati Reds	2017-02-07 21:54:18.967547	2017-02-08 20:11:16.997366
19	COL	Colorado Rockies	2017-02-07 21:54:33.606688	2017-02-08 20:11:17.001662
20	LAD	Los Angeles Dodgers	2017-02-07 21:54:54.670197	2017-02-08 20:11:17.004793
21	MIA	Miami Marlins	2017-02-07 21:55:10.798269	2017-02-08 20:11:17.007857
22	MIL	Milwaukee Brewers	2017-02-07 21:55:30.71748	2017-02-08 20:11:17.010923
23	NYM	New York Mets	2017-02-07 21:55:59.037248	2017-02-08 20:11:17.014627
24	PHI	Philadelphia Phillies	2017-02-07 21:56:24.900457	2017-02-08 20:11:17.018075
25	PIT	Pittsburgh Pirates	2017-02-07 21:56:42.907911	2017-02-08 20:11:17.021271
28	STL	St Louis Cardinals	2017-02-07 21:57:46.298479	2017-02-08 20:11:17.033794
13	TEX	Texas Rangers	2017-02-07 21:52:23.400224	2017-02-08 20:11:17.041283
29	WSH	Washington Nationals	2017-02-07 21:58:04.698048	2017-02-11 18:28:08.047949
27	SF	San Francisco Giants	2017-02-07 21:57:32.098955	2017-02-11 18:29:28.939259
30	KC	Kansas City Royals	2017-02-07 22:00:32.633889	2017-02-11 18:30:35.224395
12	TB	Tampa Bay Rays	2017-02-07 21:52:06.048409	2017-02-11 18:31:03.135134
26	SD	San Diego Padres	2017-02-07 21:57:13.476004	2017-02-11 18:31:49.460776
\.


--
-- Name: mlbteams_id_seq; Type: SEQUENCE SET; Schema: public; Owner: -
--

SELECT pg_catalog.setval('mlbteams_id_seq', 30, true);


--
-- Data for Name: owners; Type: TABLE DATA; Schema: public; Owner: -
--

COPY owners (id, first_name, last_name, team_name, created_at, updated_at, abbr, active) FROM stdin;
15	James	Wailani		2016-07-13 16:27:03.163	2017-02-22 12:39:52.534467	\N	f
18	Mike	Hoendorf		2016-07-13 16:27:03.174	2017-02-22 12:40:03.612182	\N	f
19	Brian	Sweet		2016-07-13 16:27:03.177	2017-02-22 12:40:13.587919	\N	f
21	Brian	Ruth	King of da Burbs	2016-07-23 13:43:17.532612	2017-02-22 12:40:19.659398	\N	f
22	Amazing	Wondingo	The Dirty Turkey	2016-07-23 13:54:50.210776	2017-02-22 12:40:24.019513	\N	f
20	Scott	Reifschneider	Lazy Chestnuts	2016-07-13 16:27:03.18	2017-02-22 12:40:36.123381	\N	f
17	Mike	McNamara	Dolan's Dollarstore	2016-07-13 16:27:03.17	2017-02-22 12:40:41.530928	\N	f
6	Scott	Pierce	Silver Sluggers	2016-07-13 16:27:03.139	2017-02-22 12:41:07.446079	SLUG	t
11	Jay	Zadzilka	Brunswick Bulldozers	2016-07-13 16:27:03.153	2017-02-22 12:41:13.341832	ZADZ	t
13	Joe	Shaw	The Florida Dumpster Fire	2016-07-13 16:27:03.158	2017-02-22 12:41:22.837853	SHAW	t
5	Matt	Schreiber	Pink Unicorns	2016-07-13 16:27:03.121	2017-02-22 12:41:33.549459	SCHR	t
10	Mike	Kelly	Shiva Bastards	2016-07-13 16:27:03.151	2017-02-22 12:41:39.589591	SB	t
9	Pete	Tran	Rockford Peaches	2016-07-13 16:27:03.147	2017-02-22 12:41:44.926302	ROCK	t
7	Alan	Thomay	Morgantown Swingers	2016-07-13 16:27:03.142	2017-02-22 12:42:01.805615	MS	t
14	David	Thompson	Greenbriar Sycamores	2016-07-13 16:27:03.161	2017-02-22 12:42:25.116651	GS	t
12	James	Ungerer	Fluffy White Bunnies	2016-07-13 16:27:03.156	2017-02-22 12:42:29.331786	FWB	t
8	Mike	Thellman	Championship Vinyl	2016-07-13 16:27:03.144	2017-02-22 12:42:35.805313	CV	t
\.


--
-- Name: owners_id_seq; Type: SEQUENCE SET; Schema: public; Owner: -
--

SELECT pg_catalog.setval('owners_id_seq', 10, true);


--
-- Data for Name: pitchings; Type: TABLE DATA; Schema: public; Owner: -
--

COPY pitchings (id, year, wins, loss, games, gs, innings, cg, shutouts, sv, hits, er, hr, bb, so, ba_opp, era, whip, player_id, created_at, updated_at, mlbteam_id) FROM stdin;
1	2016	16	8	31	30	190	0	0	0	142	45	0	44	170	0	2.12999999999999989	0.979999999999999982	147	2017-02-12 06:05:45	2017-02-12 06:05:45	17
2	2016	19	5	32	32	202.199999999999989	0	0	0	154	55	0	52	197	0	2.43999999999999995	1.02000000000000002	148	2017-02-12 06:05:45	2017-02-12 06:05:45	17
3	2016	14	9	31	30	183.199999999999989	0	0	0	168	53	0	43	218	0	2.60000000000000009	1.14999999999999991	149	2017-02-12 06:05:45	2017-02-12 06:05:45	23
4	2016	15	9	34	34	226.199999999999989	0	0	0	178	69	0	54	251	0	2.74000000000000021	1.02000000000000002	150	2017-02-12 06:05:45	2017-02-12 06:05:45	27
5	2016	18	5	32	32	219.199999999999989	0	0	0	195	68	0	45	198	0	2.79000000000000004	1.09000000000000008	151	2017-02-12 06:05:45	2017-02-12 06:05:45	27
6	2016	16	10	34	33	210	0	0	0	173	66	0	73	172	0	2.83000000000000007	1.16999999999999993	152	2017-02-12 06:05:45	2017-02-12 06:05:45	29
7	2016	16	8	29	29	182.099999999999994	0	0	0	149	58	0	55	253	0	2.85999999999999988	1.12000000000000011	153	2017-02-12 06:05:45	2017-02-12 06:05:45	21
8	2016	20	7	34	34	228.099999999999994	0	0	0	165	75	0	56	284	0	2.95999999999999996	0.969999999999999973	154	2017-02-12 06:05:45	2017-02-12 06:05:45	29
9	2016	15	2	30	30	192	0	0	0	161	64	0	63	161	0	3	1.16999999999999993	155	2017-02-12 06:05:45	2017-02-12 06:05:45	14
10	2016	16	9	31	31	195.099999999999994	0	0	0	169	66	0	70	174	0	3.04000000000000004	1.21999999999999997	156	2017-02-12 06:05:45	2017-02-12 06:05:45	28
11	2016	16	9	34	34	227.199999999999989	0	0	0	171	77	0	57	254	0	3.04000000000000004	1	157	2017-02-12 06:05:45	2017-02-12 06:05:45	5
12	2016	14	4	31	31	199.199999999999989	0	0	0	179	68	0	36	165	0	3.06999999999999984	1.08000000000000007	158	2017-02-12 06:05:45	2017-02-12 06:05:45	9
13	2016	18	8	31	31	197.099999999999994	0	0	0	138	68	0	76	190	0	3.10000000000000009	1.08000000000000007	159	2017-02-12 06:05:45	2017-02-12 06:05:45	17
14	2016	18	9	32	32	215	0	0	0	170	75	0	57	227	0	3.14000000000000012	1.06000000000000005	160	2017-02-12 06:05:45	2017-02-12 06:05:45	4
15	2016	22	4	33	33	223	0	0	0	193	78	0	32	189	0	3.14999999999999991	1.01000000000000001	161	2017-02-12 06:05:45	2017-02-12 06:05:45	2
16	2016	20	4	32	32	195	0	0	0	168	69	0	60	163	0	3.18000000000000016	1.16999999999999993	162	2017-02-12 06:05:45	2017-02-12 06:05:45	14
17	2016	13	12	32	32	208	0	0	0	192	74	0	50	181	0	3.20000000000000018	1.15999999999999992	163	2017-02-12 06:05:45	2017-02-12 06:05:45	3
18	2016	7	10	30	30	188	0	0	0	157	67	0	41	167	0	3.20999999999999996	1.05000000000000004	164	2017-02-12 06:05:45	2017-02-12 06:05:45	16
19	2016	15	5	32	32	200.199999999999989	0	0	0	185	74	0	77	200	0	3.31999999999999984	1.31000000000000005	165	2017-02-12 06:05:45	2017-02-12 06:05:45	13
20	2016	11	12	31	30	170.199999999999989	0	0	0	137	63	0	65	186	0	3.31999999999999984	1.17999999999999994	166	2017-02-12 06:05:45	2017-02-12 06:05:45	2
21	2016	17	10	32	32	226.199999999999989	0	0	0	190	84	0	45	233	0	3.33999999999999986	1.04000000000000004	167	2017-02-12 06:05:45	2017-02-12 06:05:45	3
22	2016	11	8	29	29	188.099999999999994	0	0	0	146	70	0	53	180	0	3.35000000000000009	1.06000000000000005	168	2017-02-12 06:05:45	2017-02-12 06:05:45	17
23	2016	7	11	30	30	181.099999999999994	0	0	0	168	68	0	53	149	0	3.37999999999999989	1.21999999999999997	169	2017-02-12 06:05:45	2017-02-12 06:05:45	8
24	2016	15	8	34	33	191.199999999999989	0	0	0	200	73	0	32	128	0	3.43000000000000016	1.20999999999999996	170	2017-02-12 06:05:45	2017-02-12 06:05:45	23
25	2016	9	9	29	29	176	0	0	0	132	68	0	65	165	0	3.47999999999999998	1.12000000000000011	171	2017-02-12 06:05:45	2017-02-12 06:05:45	14
26	2016	16	11	32	32	175.199999999999989	0	0	0	150	68	0	50	179	0	3.47999999999999998	1.1399999999999999	172	2017-02-12 06:05:45	2017-02-12 06:05:45	20
27	2016	12	3	42	26	179.199999999999989	0	0	0	163	70	0	42	188	0	3.50999999999999979	1.1399999999999999	173	2017-02-12 06:05:45	2017-02-12 06:05:45	30
28	2016	9	12	30	30	179.199999999999989	0	0	0	183	72	0	47	174	0	3.60999999999999988	1.28000000000000003	174	2017-02-12 06:05:45	2017-02-12 06:05:45	1
29	2016	11	14	33	33	197.099999999999994	0	0	0	187	80	0	42	167	0	3.64999999999999991	1.15999999999999992	175	2017-02-12 06:05:45	2017-02-12 06:05:45	24
30	2016	11	11	33	33	195.199999999999989	0	0	0	173	80	0	66	184	0	3.68000000000000016	1.21999999999999997	176	2017-02-12 06:05:45	2017-02-12 06:05:45	30
31	2016	10	6	33	33	187.199999999999989	0	0	0	170	77	0	54	166	0	3.68999999999999995	1.18999999999999995	177	2017-02-12 06:05:45	2017-02-12 06:05:45	12
32	2016	12	10	32	32	189	0	0	0	173	78	0	45	154	0	3.70999999999999996	1.14999999999999991	178	2017-02-12 06:05:45	2017-02-12 06:05:45	24
33	2016	14	8	34	31	191.099999999999994	0	0	0	154	80	0	73	162	0	3.75999999999999979	1.18999999999999995	179	2017-02-12 06:05:45	2017-02-12 06:05:45	18
34	2016	16	6	30	30	172	0	0	0	155	72	0	66	140	0	3.77000000000000002	1.28000000000000003	180	2017-02-12 06:05:45	2017-02-12 06:05:45	1
35	2016	12	11	32	32	203.099999999999994	0	0	0	190	86	0	54	167	0	3.81000000000000005	1.19999999999999996	181	2017-02-12 06:05:45	2017-02-12 06:05:45	27
36	2016	15	10	30	30	166.199999999999989	0	0	0	148	71	0	53	144	0	3.83000000000000007	1.20999999999999996	182	2017-02-12 06:05:45	2017-02-12 06:05:45	17
37	2016	9	12	30	30	179.199999999999989	0	0	0	172	78	0	65	152	0	3.91000000000000014	1.32000000000000006	183	2017-02-12 06:05:45	2017-02-12 06:05:45	9
38	2016	11	7	28	28	163.099999999999994	0	0	0	166	72	0	38	135	0	3.9700000000000002	1.25	184	2017-02-12 06:05:45	2017-02-12 06:05:45	22
39	2016	10	11	31	31	172	0	0	0	150	76	0	84	145	0	3.97999999999999998	1.3600000000000001	185	2017-02-12 06:05:45	2017-02-12 06:05:45	18
40	2016	17	9	35	35	230	0	0	0	227	102	0	50	228	0	3.99000000000000021	1.19999999999999996	186	2017-02-12 06:05:45	2017-02-12 06:05:45	2
41	2016	9	19	33	33	201.099999999999994	0	0	0	183	90	0	67	233	0	4.01999999999999957	1.23999999999999999	187	2017-02-12 06:05:45	2017-02-12 06:05:45	12
42	2016	9	10	28	28	165	0	0	0	176	74	0	54	168	0	4.04000000000000004	1.3899999999999999	188	2017-02-12 06:05:45	2017-02-12 06:05:45	3
43	2016	13	12	33	33	198.099999999999994	0	0	0	184	90	0	72	178	0	4.08000000000000007	1.29000000000000004	189	2017-02-12 06:05:45	2017-02-12 06:05:45	27
44	2016	10	11	31	31	186	0	0	0	196	85	0	47	108	0	4.11000000000000032	1.31000000000000005	190	2017-02-12 06:05:45	2017-02-12 06:05:45	10
45	2016	16	12	33	33	199	0	0	0	218	91	0	46	147	0	4.12000000000000011	1.33000000000000007	191	2017-02-12 06:05:45	2017-02-12 06:05:45	11
46	2016	12	8	32	26	162	0	0	1	175	75	0	28	127	0	4.16999999999999993	1.25	192	2017-02-12 06:05:45	2017-02-12 06:05:45	9
47	2016	12	8	35	28	190	0	0	0	179	90	0	70	168	0	4.25999999999999979	1.31000000000000005	193	2017-02-12 06:05:45	2017-02-12 06:05:45	4
48	2016	9	13	33	33	176.199999999999989	0	0	0	176	85	0	83	147	0	4.33000000000000007	1.46999999999999997	194	2017-02-12 06:05:45	2017-02-12 06:05:45	21
49	2016	13	10	33	33	184.199999999999989	0	0	0	206	89	0	54	177	0	4.33999999999999986	1.40999999999999992	195	2017-02-12 06:05:45	2017-02-12 06:05:45	6
50	2016	9	10	32	32	204	0	0	0	209	99	0	54	166	0	4.37000000000000011	1.29000000000000004	196	2017-02-12 06:05:45	2017-02-12 06:05:45	14
51	2016	10	11	33	33	198.199999999999989	0	0	0	205	97	0	76	103	0	4.38999999999999968	1.40999999999999992	197	2017-02-12 06:05:45	2017-02-12 06:05:45	13
52	2016	13	9	30	29	174	0	0	0	187	85	0	20	118	0	4.40000000000000036	1.18999999999999995	198	2017-02-12 06:05:45	2017-02-12 06:05:45	4
53	2016	8	14	32	32	197.199999999999989	0	0	0	202	97	0	44	144	0	4.41999999999999993	1.23999999999999999	199	2017-02-12 06:05:45	2017-02-12 06:05:45	7
54	2016	11	12	32	32	186	0	0	0	190	92	0	78	144	0	4.45000000000000018	1.43999999999999995	200	2017-02-12 06:05:45	2017-02-12 06:05:45	30
55	2016	10	15	30	29	169.199999999999989	0	0	0	169	84	0	63	126	0	4.45999999999999996	1.37000000000000011	201	2017-02-12 06:05:45	2017-02-12 06:05:45	14
56	2016	11	8	31	30	168.199999999999989	0	0	0	187	84	0	42	134	0	4.48000000000000043	1.3600000000000001	202	2017-02-12 06:05:45	2017-02-12 06:05:45	6
57	2016	9	12	26	26	168	0	0	0	168	85	0	48	144	0	4.54999999999999982	1.29000000000000004	203	2017-02-12 06:05:45	2017-02-12 06:05:45	6
58	2016	11	11	32	32	177.099999999999994	0	0	0	179	90	0	59	171	0	4.57000000000000028	1.34000000000000008	204	2017-02-12 06:05:45	2017-02-12 06:05:45	29
59	2016	10	10	29	29	168	0	0	0	153	86	0	59	185	0	4.61000000000000032	1.26000000000000001	205	2017-02-12 06:05:45	2017-02-12 06:05:45	19
60	2016	8	16	32	32	179.099999999999994	0	0	0	186	92	0	86	140	0	4.62000000000000011	1.52000000000000002	206	2017-02-12 06:05:45	2017-02-12 06:05:45	22
61	2016	13	9	33	33	198.199999999999989	0	0	0	220	102	0	59	161	0	4.62000000000000011	1.39999999999999991	207	2017-02-12 06:05:45	2017-02-12 06:05:45	28
62	2016	12	13	32	32	180.099999999999994	0	0	0	195	93	0	62	115	0	4.63999999999999968	1.42999999999999994	208	2017-02-12 06:05:45	2017-02-12 06:05:45	6
63	2016	10	13	32	30	171.199999999999989	0	0	0	179	89	0	57	150	0	4.66999999999999993	1.37000000000000011	209	2017-02-12 06:05:45	2017-02-12 06:05:45	28
64	2016	9	12	30	30	176.199999999999989	0	0	0	203	92	0	30	125	0	4.69000000000000039	1.32000000000000006	210	2017-02-12 06:05:45	2017-02-12 06:05:45	28
65	2016	8	13	31	29	163	0	0	0	157	85	0	85	168	0	4.69000000000000039	1.47999999999999998	211	2017-02-12 06:05:45	2017-02-12 06:05:45	14
66	2016	13	10	33	33	182	0	0	0	169	95	0	79	144	0	4.70000000000000018	1.3600000000000001	212	2017-02-12 06:05:45	2017-02-12 06:05:45	7
67	2016	14	8	32	32	186	0	0	0	204	99	0	59	138	0	4.79000000000000004	1.40999999999999992	213	2017-02-12 06:05:45	2017-02-12 06:05:45	19
68	2016	6	12	32	32	175.199999999999989	0	0	0	184	94	0	53	207	0	4.82000000000000028	1.35000000000000009	214	2017-02-12 06:05:45	2017-02-12 06:05:45	9
69	2016	7	12	30	30	175.099999999999994	0	0	0	174	95	0	49	167	0	4.87999999999999989	1.27000000000000002	215	2017-02-12 06:05:45	2017-02-12 06:05:45	12
70	2016	8	15	32	32	174.099999999999994	0	0	0	185	95	0	71	218	0	4.90000000000000036	1.46999999999999997	216	2017-02-12 06:05:45	2017-02-12 06:05:45	15
71	2016	12	12	31	31	178	0	0	0	209	100	0	51	103	0	5.05999999999999961	1.45999999999999996	217	2017-02-12 06:05:45	2017-02-12 06:05:45	7
72	2016	9	13	30	30	166	0	0	0	187	99	0	49	137	0	5.37000000000000011	1.41999999999999993	218	2017-02-12 06:05:45	2017-02-12 06:05:45	1
73	2016	10	11	34	34	189.099999999999994	0	0	0	217	113	0	76	139	0	5.37000000000000011	1.55000000000000004	219	2017-02-12 06:05:45	2017-02-12 06:05:45	30
74	2016	6	19	33	33	181.199999999999989	0	0	0	208	118	0	82	135	0	5.84999999999999964	1.60000000000000009	220	2017-02-12 06:05:45	2017-02-12 06:05:45	3
75	2016	3	4	78	0	77.2000000000000028	0	0	51	63	22	0	31	84	0	2.54999999999999982	1.20999999999999996	221	2017-02-14 10:02:44	2017-02-14 10:02:44	23
76	2016	2	1	69	0	67	0	0	47	38	4	0	18	74	0	0.540000000000000036	0.839999999999999969	222	2017-02-14 10:02:44	2017-02-14 10:02:44	1
77	2016	2	2	75	0	71.0999999999999943	0	0	47	52	13	0	12	65	0	1.6399999999999999	0.900000000000000022	223	2017-02-14 10:02:44	2017-02-14 10:02:44	29
78	2016	3	2	71	0	68.2000000000000028	0	0	47	35	14	0	11	104	0	1.83000000000000007	0.67000000000000004	224	2017-02-14 10:02:44	2017-02-14 10:02:44	20
79	2016	3	4	61	0	58.1000000000000014	0	0	44	45	21	0	21	52	0	3.24000000000000021	1.12999999999999989	225	2017-02-14 10:02:44	2017-02-14 10:02:44	5
80	2016	1	4	67	0	64	0	0	40	52	20	0	35	73	0	2.81000000000000005	1.3600000000000001	226	2017-02-14 10:02:44	2017-02-14 10:02:44	21
81	2016	3	2	73	0	70.0999999999999943	0	0	38	63	19	0	23	55	0	2.43000000000000016	1.21999999999999997	227	2017-02-14 10:02:44	2017-02-14 10:02:44	13
82	2016	2	4	57	0	56.2000000000000028	0	0	37	43	12	0	15	71	0	1.90999999999999992	1.02000000000000002	228	2017-02-14 10:02:44	2017-02-14 10:02:44	12
83	2016	5	3	62	0	62.1000000000000014	0	0	37	53	24	0	32	75	0	3.4700000000000002	1.3600000000000001	229	2017-02-14 10:02:44	2017-02-14 10:02:44	3
84	2016	3	5	70	0	68.2000000000000028	0	0	37	78	37	0	22	47	0	4.84999999999999964	1.45999999999999996	230	2017-02-14 10:02:44	2017-02-14 10:02:44	24
85	2016	4	1	59	0	58	0	0	36	32	10	0	18	90	0	1.55000000000000004	0.859999999999999987	231	2017-02-14 10:02:44	2017-02-14 10:02:44	9
86	2016	4	3	72	0	74	0	0	36	55	22	0	14	82	0	2.68000000000000016	0.930000000000000049	232	2017-02-14 10:02:44	2017-02-14 10:02:44	14
87	2016	3	5	67	0	68	0	0	32	41	19	0	27	87	0	2.50999999999999979	1	233	2017-02-14 10:02:44	2017-02-14 10:02:44	4
88	2016	2	6	57	0	53	0	0	31	28	20	0	30	83	0	3.39999999999999991	1.09000000000000008	234	2017-02-14 10:02:44	2017-02-14 10:02:44	2
89	2016	2	5	62	0	58	0	0	31	50	23	0	19	65	0	3.56999999999999984	1.18999999999999995	235	2017-02-14 10:02:44	2017-02-14 10:02:44	27
90	2016	6	7	63	0	64.2000000000000028	0	0	30	63	26	0	20	49	0	3.62000000000000011	1.28000000000000003	236	2017-02-14 10:02:44	2017-02-14 10:02:44	10
91	2016	2	1	45	0	43.1000000000000014	0	0	27	33	9	0	16	47	0	1.87000000000000011	1.12999999999999989	237	2017-02-14 10:02:44	2017-02-14 10:02:44	30
92	2016	3	2	59	0	58	0	0	27	55	15	0	18	42	0	2.33000000000000007	1.26000000000000001	238	2017-02-14 10:02:44	2017-02-14 10:02:44	22
93	2016	4	6	62	0	64	0	0	25	44	20	0	21	76	0	2.81000000000000005	1.02000000000000002	239	2017-02-14 10:02:44	2017-02-14 10:02:44	11
94	2016	2	4	67	0	65.0999999999999943	0	0	25	54	25	0	37	74	0	3.43999999999999995	1.3899999999999999	240	2017-02-14 10:02:44	2017-02-14 10:02:44	26
95	2016	4	7	69	0	68	0	0	22	67	17	0	26	58	0	2.25	1.37000000000000011	241	2017-02-14 10:02:44	2017-02-14 10:02:44	2
96	2016	2	6	65	0	64.2000000000000028	0	0	20	57	22	0	20	68	0	3.06000000000000005	1.18999999999999995	242	2017-02-14 10:02:44	2017-02-14 10:02:44	16
97	2016	6	3	76	0	79.2000000000000028	0	0	19	55	17	0	18	103	0	1.91999999999999993	0.92000000000000004	243	2017-02-14 10:02:44	2017-02-14 10:02:44	28
98	2016	2	4	37	0	35	0	0	19	37	17	0	14	31	0	4.37000000000000011	1.45999999999999996	244	2017-02-14 10:02:44	2017-02-14 10:02:44	29
99	2016	0	4	49	0	51.2000000000000028	0	0	18	45	16	0	15	88	0	2.79000000000000004	1.15999999999999992	245	2017-02-14 10:02:44	2017-02-14 10:02:44	11
100	2016	2	3	54	0	51	0	0	18	42	20	0	8	58	0	3.5299999999999998	0.979999999999999982	246	2017-02-14 10:02:44	2017-02-14 10:02:44	17
101	2016	0	2	54	0	54.1000000000000014	0	0	17	59	19	0	8	35	0	3.14999999999999991	1.22999999999999998	247	2017-02-14 10:02:44	2017-02-14 10:02:44	8
102	2016	2	5	65	0	63	0	0	17	54	29	0	37	49	0	4.13999999999999968	1.43999999999999995	248	2017-02-14 10:02:44	2017-02-14 10:02:44	18
103	2016	2	5	70	0	67.2000000000000028	0	0	15	52	23	0	20	58	0	3.06000000000000005	1.06000000000000005	249	2017-02-14 10:02:44	2017-02-14 10:02:44	25
104	2016	4	3	59	0	57.2000000000000028	0	0	15	38	21	0	18	67	0	3.2799999999999998	0.969999999999999973	250	2017-02-14 10:02:44	2017-02-14 10:02:44	6
105	2016	2	5	69	0	65.2000000000000028	0	0	15	60	30	0	25	102	0	4.11000000000000032	1.29000000000000004	251	2017-02-14 10:02:44	2017-02-14 10:02:44	6
106	2016	2	3	57	0	45.2000000000000028	0	0	15	56	24	0	16	38	0	4.73000000000000043	1.58000000000000007	252	2017-02-14 10:02:44	2017-02-14 10:02:44	19
107	2016	2	4	45	0	40.1000000000000014	0	0	14	48	20	0	29	56	0	4.45999999999999996	1.90999999999999992	253	2017-02-14 10:02:44	2017-02-14 10:02:44	28
108	2016	8	5	67	0	67	0	0	13	38	16	0	25	90	0	2.14999999999999991	0.939999999999999947	254	2017-02-14 10:02:44	2017-02-14 10:02:44	22
109	2016	0	5	71	0	69.2000000000000028	0	0	13	65	35	0	23	72	0	4.51999999999999957	1.26000000000000001	255	2017-02-14 10:02:44	2017-02-14 10:02:44	26
110	2016	10	1	70	0	74.0999999999999943	0	0	12	42	12	0	9	123	0	1.44999999999999996	0.689999999999999947	256	2017-02-14 10:02:44	2017-02-14 10:02:44	4
111	2016	1	2	66	0	64	0	0	12	52	16	0	15	69	0	2.25	1.05000000000000004	257	2017-02-14 10:02:44	2017-02-14 10:02:44	6
112	2016	2	6	72	0	72	0	0	12	57	22	0	12	86	0	2.75	0.959999999999999964	258	2017-02-14 10:02:44	2017-02-14 10:02:44	30
113	2016	3	6	73	0	73	0	0	12	54	25	0	28	126	0	3.08000000000000007	1.12000000000000011	259	2017-02-14 10:02:44	2017-02-14 10:02:44	9
114	2016	3	7	63	0	55	0	0	11	50	32	0	28	59	0	5.24000000000000021	1.41999999999999993	260	2017-02-14 10:02:44	2017-02-14 10:02:44	19
115	2016	2	2	37	0	36.1000000000000014	0	0	11	53	31	0	10	29	0	7.67999999999999972	1.72999999999999998	261	2017-02-14 10:02:44	2017-02-14 10:02:44	13
116	2016	1	4	43	0	38.2000000000000028	0	0	10	37	19	0	26	50	0	4.41999999999999993	1.62999999999999989	262	2017-02-14 10:02:44	2017-02-14 10:02:44	16
117	2016	3	2	26	0	22.1000000000000014	0	0	9	31	16	0	12	14	0	6.45000000000000018	1.92999999999999994	263	2017-02-14 10:02:44	2017-02-14 10:02:44	7
118	2016	3	2	67	0	58	0	0	7	41	17	0	11	80	0	2.64000000000000012	0.900000000000000022	264	2017-02-14 10:02:44	2017-02-14 10:02:44	29
119	2016	1	3	34	0	27	0	0	7	18	8	0	7	35	0	2.66999999999999993	0.930000000000000049	265	2017-02-14 10:02:44	2017-02-14 10:02:44	19
120	2016	2	3	50	0	47	0	0	7	34	18	0	11	63	0	3.45000000000000018	0.959999999999999964	266	2017-02-14 10:02:44	2017-02-14 10:02:44	2
121	2016	2	6	58	0	49.2000000000000028	0	0	7	62	33	0	21	35	0	5.98000000000000043	1.66999999999999993	267	2017-02-14 10:02:44	2017-02-14 10:02:44	8
122	2016	3	2	37	5	78.0999999999999943	0	0	6	63	22	0	26	83	0	2.5299999999999998	1.1399999999999999	268	2017-02-14 10:02:44	2017-02-14 10:02:44	18
123	2016	5	1	41	0	38.1000000000000014	0	0	6	31	12	0	19	32	0	2.81999999999999984	1.30000000000000004	269	2017-02-14 10:02:44	2017-02-14 10:02:44	16
124	2016	2	5	54	0	52	0	0	6	47	20	0	18	40	0	3.45999999999999996	1.25	270	2017-02-14 10:02:44	2017-02-14 10:02:44	7
125	2016	3	7	75	0	73.2000000000000028	0	0	6	63	32	0	19	64	0	3.91000000000000014	1.1100000000000001	271	2017-02-14 10:02:44	2017-02-14 10:02:44	7
126	2016	3	1	45	0	43.2000000000000028	0	0	6	41	26	0	17	41	0	5.36000000000000032	1.33000000000000007	272	2017-02-14 10:02:44	2017-02-14 10:02:44	7
127	2016	3	2	70	0	60.1000000000000014	0	0	5	65	35	0	22	58	0	5.21999999999999975	1.43999999999999995	273	2017-02-14 10:02:44	2017-02-14 10:02:44	15
128	2016	7	6	64	5	86.2000000000000028	0	0	4	61	22	0	38	114	0	2.2799999999999998	1.1399999999999999	274	2017-02-14 10:02:44	2017-02-14 10:02:44	21
129	2016	1	0	40	0	30.1999999999999993	0	0	4	26	9	0	7	33	0	2.64000000000000012	1.08000000000000007	275	2017-02-14 10:02:44	2017-02-14 10:02:44	27
130	2016	2	3	44	0	39	0	0	4	33	14	0	8	45	0	3.22999999999999998	1.05000000000000004	276	2017-02-14 10:02:44	2017-02-14 10:02:44	10
131	2016	4	2	66	0	53	0	0	4	36	20	0	26	59	0	3.39999999999999991	1.16999999999999993	277	2017-02-14 10:02:44	2017-02-14 10:02:44	13
132	2016	1	2	68	0	59.1000000000000014	0	0	4	47	23	0	28	56	0	3.49000000000000021	1.26000000000000001	278	2017-02-14 10:02:44	2017-02-14 10:02:44	15
133	2016	7	6	67	0	59	0	0	4	44	27	0	32	81	0	4.12000000000000011	1.29000000000000004	279	2017-02-14 10:02:44	2017-02-14 10:02:44	14
134	2016	5	3	71	0	70.2000000000000028	0	0	3	48	18	0	15	80	0	2.29000000000000004	0.890000000000000013	280	2017-02-14 10:02:44	2017-02-14 10:02:44	3
135	2016	5	5	70	0	74.0999999999999943	0	0	3	50	20	0	15	73	0	2.41999999999999993	0.869999999999999996	281	2017-02-14 10:02:44	2017-02-14 10:02:44	10
136	2016	6	3	67	0	61.2000000000000028	0	0	3	42	19	0	26	66	0	2.77000000000000002	1.10000000000000009	282	2017-02-14 10:02:44	2017-02-14 10:02:44	28
137	2016	3	3	72	0	61	0	0	3	50	21	0	19	57	0	3.10000000000000009	1.12999999999999989	283	2017-02-14 10:02:44	2017-02-14 10:02:44	27
138	2016	4	6	69	0	63	0	0	3	54	25	0	26	72	0	3.56999999999999984	1.27000000000000002	284	2017-02-14 10:02:44	2017-02-14 10:02:44	9
139	2016	4	4	60	0	60.1000000000000014	0	0	3	53	25	0	15	65	0	3.72999999999999998	1.12999999999999989	285	2017-02-14 10:02:44	2017-02-14 10:02:44	11
140	2016	3	1	34	0	31	0	0	3	25	13	0	13	38	0	3.77000000000000002	1.22999999999999998	286	2017-02-14 10:02:44	2017-02-14 10:02:44	1
141	2016	6	4	68	0	65.2000000000000028	0	0	3	65	29	0	30	60	0	3.9700000000000002	1.44999999999999996	287	2017-02-14 10:02:44	2017-02-14 10:02:44	10
142	2016	3	2	56	0	48.1000000000000014	0	0	3	42	23	0	14	45	0	4.28000000000000025	1.15999999999999992	288	2017-02-14 10:02:44	2017-02-14 10:02:44	27
143	2016	4	3	57	0	51.2000000000000028	0	0	3	56	30	0	13	48	0	5.23000000000000043	1.34000000000000008	289	2017-02-14 10:02:44	2017-02-14 10:02:44	11
144	2016	10	4	71	0	79	0	0	2	57	18	0	25	92	0	2.04999999999999982	1.04000000000000004	290	2017-02-14 10:02:44	2017-02-14 10:02:44	1
145	2016	2	1	81	0	61	0	0	2	48	16	0	29	68	0	2.35999999999999988	1.26000000000000001	291	2017-02-14 10:02:44	2017-02-14 10:02:44	3
146	2016	4	4	79	0	80.0999999999999943	0	0	2	59	23	0	30	102	0	2.58000000000000007	1.1100000000000001	292	2017-02-14 10:02:44	2017-02-14 10:02:44	24
147	2016	3	3	72	0	82.0999999999999943	0	0	2	65	25	0	30	78	0	2.72999999999999998	1.14999999999999991	293	2017-02-14 10:02:44	2017-02-14 10:02:44	22
148	2016	4	2	73	0	42	0	0	2	36	13	0	15	52	0	2.79000000000000004	1.20999999999999996	294	2017-02-14 10:02:44	2017-02-14 10:02:44	23
149	2016	4	2	62	0	53.2000000000000028	0	0	2	40	21	0	21	61	0	3.52000000000000002	1.1399999999999999	295	2017-02-14 10:02:44	2017-02-14 10:02:44	25
150	2016	0	1	36	0	36	0	0	2	15	15	0	14	52	0	3.75	0.810000000000000053	296	2017-02-14 10:02:44	2017-02-14 10:02:44	17
151	2016	7	11	64	1	90.2000000000000028	0	0	2	90	38	0	26	63	0	3.77000000000000002	1.28000000000000003	297	2017-02-14 10:02:44	2017-02-14 10:02:44	12
152	2016	4	0	19	8	62	0	0	2	59	26	0	11	51	0	3.77000000000000002	1.12999999999999989	298	2017-02-14 10:02:44	2017-02-14 10:02:44	11
153	2016	7	7	60	0	59.2000000000000028	0	0	2	55	26	0	22	42	0	3.91999999999999993	1.29000000000000004	299	2017-02-14 10:02:44	2017-02-14 10:02:44	26
154	2016	2	4	24	6	70	0	0	2	72	33	0	6	27	0	4.24000000000000021	1.1100000000000001	300	2017-02-14 10:02:44	2017-02-14 10:02:44	10
155	2016	3	4	70	0	78.2000000000000028	0	0	2	77	38	0	22	59	0	4.34999999999999964	1.26000000000000001	301	2017-02-14 10:02:44	2017-02-14 10:02:44	7
156	2016	5	7	64	0	65.2000000000000028	0	0	2	59	34	0	32	68	0	4.66000000000000014	1.3899999999999999	302	2017-02-14 10:02:44	2017-02-14 10:02:44	18
157	2016	1	4	35	0	32.2000000000000028	0	0	2	32	17	0	16	38	0	4.67999999999999972	1.46999999999999997	303	2017-02-14 10:02:44	2017-02-14 10:02:44	22
158	2016	1	0	25	0	21.1999999999999993	0	0	2	18	14	0	14	23	0	5.82000000000000028	1.47999999999999998	304	2017-02-14 10:02:44	2017-02-14 10:02:44	24
159	2016	5	4	50	3	60.1000000000000014	0	0	2	58	39	0	22	59	0	5.82000000000000028	1.33000000000000007	305	2017-02-14 10:02:44	2017-02-14 10:02:44	5
160	2016	2	0	45	0	40.1000000000000014	0	0	1	30	5	0	14	51	0	1.12000000000000011	1.09000000000000008	306	2017-02-14 10:02:44	2017-02-14 10:02:44	7
161	2016	5	1	62	0	70.2000000000000028	0	0	1	54	12	0	10	57	0	1.53000000000000003	0.910000000000000031	307	2017-02-14 10:02:44	2017-02-14 10:02:44	4
162	2016	4	1	12	5	46	0	0	1	33	8	0	23	52	0	1.57000000000000006	1.21999999999999997	308	2017-02-14 10:02:44	2017-02-14 10:02:44	28
163	2016	4	2	80	0	77.2000000000000028	0	0	1	60	17	0	13	91	0	1.96999999999999997	0.939999999999999947	309	2017-02-14 10:02:44	2017-02-14 10:02:44	23
164	2016	1	1	7	2	18	0	0	1	9	4	0	4	10	0	2	0.719999999999999973	310	2017-02-14 10:02:44	2017-02-14 10:02:44	15
165	2016	4	3	64	0	60.2000000000000028	0	0	1	57	14	0	28	46	0	2.08000000000000007	1.39999999999999991	311	2017-02-14 10:02:44	2017-02-14 10:02:44	3
166	2016	4	2	61	0	55	0	0	1	44	13	0	9	50	0	2.12999999999999989	0.959999999999999964	312	2017-02-14 10:02:44	2017-02-14 10:02:44	27
167	2016	4	4	48	5	108.099999999999994	0	0	1	79	26	0	20	104	0	2.16000000000000014	0.910000000000000031	313	2017-02-14 10:02:44	2017-02-14 10:02:44	6
168	2016	4	1	73	0	67	0	0	1	51	17	0	31	63	0	2.2799999999999998	1.21999999999999997	314	2017-02-14 10:02:44	2017-02-14 10:02:44	29
169	2016	7	2	58	0	61.2000000000000028	0	0	1	44	17	0	14	61	0	2.47999999999999998	0.939999999999999947	315	2017-02-14 10:02:44	2017-02-14 10:02:44	13
170	2016	0	1	29	0	27.1000000000000014	0	0	1	21	8	0	20	25	0	2.62999999999999989	1.5	316	2017-02-14 10:02:44	2017-02-14 10:02:44	3
171	2016	0	1	27	0	26.1999999999999993	0	0	1	24	8	0	6	26	0	2.70000000000000018	1.12999999999999989	317	2017-02-14 10:02:44	2017-02-14 10:02:44	22
172	2016	3	1	51	0	48	0	0	1	37	15	0	24	52	0	2.81000000000000005	1.27000000000000002	318	2017-02-14 10:02:44	2017-02-14 10:02:44	11
173	2016	1	3	55	0	67	0	0	1	49	21	0	33	63	0	2.81999999999999984	1.21999999999999997	319	2017-02-14 10:02:44	2017-02-14 10:02:44	21
174	2016	3	0	67	0	63	0	0	1	34	20	0	31	78	0	2.85999999999999988	1.03000000000000003	320	2017-02-14 10:02:44	2017-02-14 10:02:44	26
175	2016	4	4	82	0	89.0999999999999943	0	0	1	63	29	0	36	111	0	2.91999999999999993	1.1100000000000001	321	2017-02-14 10:02:44	2017-02-14 10:02:44	26
176	2016	1	1	67	0	59.1000000000000014	0	0	1	62	20	0	22	34	0	3.0299999999999998	1.41999999999999993	322	2017-02-14 10:02:44	2017-02-14 10:02:44	25
177	2016	0	0	24	0	17.1999999999999993	0	0	1	15	6	0	10	13	0	3.06000000000000005	1.41999999999999993	323	2017-02-14 10:02:44	2017-02-14 10:02:44	21
178	2016	4	3	60	0	67.2000000000000028	0	0	1	69	23	0	19	62	0	3.06000000000000005	1.30000000000000004	324	2017-02-14 10:02:44	2017-02-14 10:02:44	14
179	2016	2	5	75	0	66.2000000000000028	0	0	1	56	24	0	28	69	0	3.24000000000000021	1.26000000000000001	325	2017-02-14 10:02:44	2017-02-14 10:02:44	4
180	2016	3	4	36	9	67.2000000000000028	0	0	1	81	25	0	31	41	0	3.33000000000000007	1.65999999999999992	326	2017-02-14 10:02:44	2017-02-14 10:02:44	17
181	2016	6	4	68	0	77.2000000000000028	0	0	1	69	30	0	36	85	0	3.47999999999999998	1.35000000000000009	327	2017-02-14 10:02:44	2017-02-14 10:02:44	23
182	2016	2	2	35	4	86.2000000000000028	0	0	1	84	34	0	35	56	0	3.5299999999999998	1.37000000000000011	328	2017-02-14 10:02:44	2017-02-14 10:02:44	1
183	2016	2	3	57	0	60.2000000000000028	0	0	1	67	24	0	33	50	0	3.56000000000000005	1.64999999999999991	329	2017-02-14 10:02:44	2017-02-14 10:02:44	11
184	2016	2	1	63	0	44.2000000000000028	0	0	1	37	18	0	21	38	0	3.62999999999999989	1.30000000000000004	330	2017-02-14 10:02:44	2017-02-14 10:02:44	2
185	2016	2	2	36	0	52	0	0	1	41	21	0	13	46	0	3.62999999999999989	1.04000000000000004	331	2017-02-14 10:02:44	2017-02-14 10:02:44	25
186	2016	1	6	57	0	46.2000000000000028	0	0	1	40	19	0	22	41	0	3.66000000000000014	1.33000000000000007	332	2017-02-14 10:02:44	2017-02-14 10:02:44	2
187	2016	2	5	66	0	46.1000000000000014	0	0	1	27	19	0	20	57	0	3.68999999999999995	1.01000000000000001	333	2017-02-14 10:02:44	2017-02-14 10:02:44	19
188	2016	6	7	72	0	75.0999999999999943	0	0	1	79	31	0	23	67	0	3.70000000000000018	1.35000000000000009	334	2017-02-14 10:02:44	2017-02-14 10:02:44	8
189	2016	3	4	70	0	72.2000000000000028	0	0	1	77	31	0	32	80	0	3.83999999999999986	1.5	335	2017-02-14 10:02:44	2017-02-14 10:02:44	24
190	2016	2	4	61	0	66	0	0	1	80	29	0	17	26	0	3.95000000000000018	1.46999999999999997	336	2017-02-14 10:02:44	2017-02-14 10:02:44	22
191	2016	6	5	70	0	76.2000000000000028	0	0	1	72	34	0	38	81	0	3.99000000000000021	1.42999999999999994	337	2017-02-14 10:02:44	2017-02-14 10:02:44	18
192	2016	0	0	11	0	9	0	0	1	5	4	0	3	13	0	4	0.890000000000000013	338	2017-02-14 10:02:44	2017-02-14 10:02:44	17
193	2016	1	3	68	0	26.1999999999999993	0	0	1	24	12	0	15	15	0	4.04999999999999982	1.45999999999999996	339	2017-02-14 10:02:44	2017-02-14 10:02:44	27
194	2016	5	8	70	0	66.2000000000000028	0	0	1	70	30	0	27	68	0	4.04999999999999982	1.45999999999999996	340	2017-02-14 10:02:44	2017-02-14 10:02:44	30
195	2016	4	3	62	0	66.2000000000000028	0	0	1	62	30	0	31	71	0	4.04999999999999982	1.39999999999999991	341	2017-02-14 10:02:44	2017-02-14 10:02:44	2
196	2016	1	6	75	0	77	0	0	1	66	35	0	33	92	0	4.08999999999999986	1.29000000000000004	342	2017-02-14 10:02:44	2017-02-14 10:02:44	29
197	2016	4	5	66	0	58.2000000000000028	0	0	1	61	27	0	17	65	0	4.13999999999999968	1.33000000000000007	343	2017-02-14 10:02:44	2017-02-14 10:02:44	5
198	2016	1	1	10	0	8.19999999999999929	0	0	1	6	4	0	3	5	0	4.15000000000000036	1.04000000000000004	344	2017-02-14 10:02:44	2017-02-14 10:02:44	13
200	2016	1	2	37	0	39.1000000000000014	0	0	1	44	19	0	11	33	0	4.34999999999999964	1.39999999999999991	346	2017-02-14 10:02:44	2017-02-14 10:02:44	12
201	2016	8	8	29	19	127.200000000000003	0	0	1	131	62	0	25	109	0	4.37000000000000011	1.21999999999999997	347	2017-02-14 10:02:44	2017-02-14 10:02:44	12
202	2016	3	5	36	1	62	0	0	1	67	31	0	15	49	0	4.5	1.32000000000000006	348	2017-02-14 10:02:44	2017-02-14 10:02:44	29
203	2016	1	0	17	0	17.1000000000000014	0	0	1	17	9	0	9	15	0	4.66999999999999993	1.5	349	2017-02-14 10:02:44	2017-02-14 10:02:44	9
204	2016	2	4	12	8	45.2000000000000028	0	0	1	49	24	0	15	52	0	4.73000000000000043	1.39999999999999991	350	2017-02-14 10:02:44	2017-02-14 10:02:44	9
205	2016	1	2	60	0	43.2000000000000028	0	0	1	52	24	0	18	40	0	4.95000000000000018	1.60000000000000009	351	2017-02-14 10:02:44	2017-02-14 10:02:44	6
206	2016	7	13	27	26	156.199999999999989	0	0	1	159	87	0	49	115	0	5	1.33000000000000007	352	2017-02-14 10:02:44	2017-02-14 10:02:44	16
207	2016	5	13	36	24	155.199999999999989	0	0	1	177	89	0	66	131	0	5.15000000000000036	1.56000000000000005	353	2017-02-14 10:02:44	2017-02-14 10:02:44	15
208	2016	6	2	22	15	94.0999999999999943	0	0	1	95	54	0	45	101	0	5.15000000000000036	1.47999999999999998	354	2017-02-14 10:02:44	2017-02-14 10:02:44	11
209	2016	2	1	37	0	33	0	0	1	29	19	0	13	33	0	5.17999999999999972	1.27000000000000002	355	2017-02-14 10:02:44	2017-02-14 10:02:44	9
210	2016	1	1	24	0	26	0	0	1	26	15	0	11	20	0	5.19000000000000039	1.41999999999999993	356	2017-02-14 10:02:44	2017-02-14 10:02:44	19
211	2016	2	1	40	0	40.2000000000000028	0	0	1	41	24	0	25	32	0	5.30999999999999961	1.62000000000000011	357	2017-02-14 10:02:44	2017-02-14 10:02:44	19
212	2016	8	12	29	25	142.099999999999994	0	0	1	150	86	0	72	125	0	5.44000000000000039	1.56000000000000005	358	2017-02-14 10:02:44	2017-02-14 10:02:44	1
213	2016	1	2	43	0	41.1000000000000014	0	0	1	38	26	0	23	43	0	5.66000000000000014	1.47999999999999998	359	2017-02-14 10:02:44	2017-02-14 10:02:44	15
214	2016	4	5	40	5	58.2000000000000028	0	0	1	69	38	0	28	32	0	5.83000000000000007	1.64999999999999991	360	2017-02-14 10:02:44	2017-02-14 10:02:44	19
215	2016	3	3	37	2	70.0999999999999943	0	0	1	85	46	0	29	54	0	5.88999999999999968	1.62000000000000011	361	2017-02-14 10:02:44	2017-02-14 10:02:44	7
216	2016	2	0	52	0	45.2000000000000028	0	0	1	42	30	0	28	50	0	5.91000000000000014	1.53000000000000003	362	2017-02-14 10:02:44	2017-02-14 10:02:44	12
217	2016	2	2	51	0	74	0	0	1	89	49	0	14	61	0	5.95999999999999996	1.3899999999999999	363	2017-02-14 10:02:44	2017-02-14 10:02:44	26
218	2016	3	3	16	4	47.2000000000000028	0	0	1	60	32	0	20	27	0	6.04000000000000004	1.67999999999999994	364	2017-02-14 10:02:44	2017-02-14 10:02:44	13
219	2016	4	9	28	12	83.2000000000000028	0	0	1	91	57	0	29	58	0	6.12999999999999989	1.42999999999999994	365	2017-02-14 10:02:44	2017-02-14 10:02:44	21
220	2016	3	9	34	13	88.2000000000000028	0	0	1	104	61	0	43	94	0	6.19000000000000039	1.65999999999999992	366	2017-02-14 10:02:44	2017-02-14 10:02:44	30
221	2016	2	4	50	0	46.1000000000000014	0	0	1	60	35	0	19	28	0	6.79999999999999982	1.70999999999999996	367	2017-02-14 10:02:44	2017-02-14 10:02:44	11
222	2016	12	4	21	21	149	0	0	0	97	28	0	11	172	0	1.68999999999999995	0.719999999999999973	430	2017-02-14 16:54:39	2017-02-14 16:54:39	20
223	2016	11	8	25	25	146.099999999999994	0	0	0	134	54	0	34	150	0	3.31999999999999984	1.14999999999999991	431	2017-02-14 16:54:39	2017-02-14 16:54:39	4
224	2016	13	7	26	26	158.199999999999989	0	0	0	161	77	0	41	134	0	4.37000000000000011	1.27000000000000002	432	2017-02-14 16:54:39	2017-02-14 16:54:39	15
225	2016	7	10	21	21	116	0	0	0	131	50	0	36	98	0	3.87999999999999989	1.43999999999999995	433	2017-02-14 16:54:39	2017-02-14 16:54:39	25
226	2016	11	8	25	25	153.099999999999994	0	0	0	138	65	0	65	122	0	3.81999999999999984	1.32000000000000006	434	2017-02-14 16:54:39	2017-02-14 16:54:39	11
227	2016	11	6	25	25	137.099999999999994	0	0	0	121	59	0	63	161	0	3.87000000000000011	1.34000000000000008	435	2017-02-14 16:54:39	2017-02-14 16:54:39	4
228	2016	4	10	17	17	92.2000000000000028	0	0	0	111	50	0	25	76	0	4.86000000000000032	1.46999999999999997	436	2017-02-14 16:54:39	2017-02-14 16:54:39	23
229	2016	9	5	20	20	123.099999999999994	0	0	0	120	45	0	30	105	0	3.2799999999999998	1.21999999999999997	437	2017-02-14 16:54:39	2017-02-14 16:54:39	18
230	2016	11	7	26	26	159	0	0	0	136	54	0	42	132	0	3.06000000000000005	1.12000000000000011	438	2017-02-14 16:54:39	2017-02-14 16:54:39	5
231	2016	12	5	20	20	110.099999999999994	0	0	0	77	26	0	33	129	0	2.12000000000000011	1	439	2017-02-14 16:54:40	2017-02-14 16:54:40	20
232	2016	5	11	22	22	117	0	0	0	133	74	0	42	94	0	5.69000000000000039	1.5	440	2017-02-14 16:54:40	2017-02-14 16:54:40	10
233	2016	6	9	20	20	111	0	0	0	116	59	0	29	121	0	4.78000000000000025	1.31000000000000005	441	2017-02-14 16:54:40	2017-02-14 16:54:40	24
234	2016	9	8	22	22	132.099999999999994	0	0	0	129	50	0	31	129	0	3.39999999999999991	1.20999999999999996	442	2017-02-14 16:54:40	2017-02-14 16:54:40	23
235	2016	7	9	25	24	144.199999999999989	0	0	0	135	62	0	37	124	0	3.85999999999999988	1.18999999999999995	443	2017-02-14 16:54:40	2017-02-14 16:54:40	10
236	2016	8	11	25	25	134.099999999999994	0	0	0	129	63	0	37	119	0	4.21999999999999975	1.23999999999999999	444	2017-02-14 16:54:40	2017-02-14 16:54:40	11
237	2016	8	6	24	24	131	0	0	0	129	60	0	45	152	0	4.12000000000000011	1.33000000000000007	445	2017-02-14 16:54:40	2017-02-14 16:54:40	24
238	2016	5	4	18	18	104	0	0	0	99	39	0	17	85	0	3.37999999999999989	1.12000000000000011	446	2017-02-14 16:54:40	2017-02-14 16:54:40	25
239	2016	9	13	27	27	160	0	0	0	166	69	0	30	143	0	3.87999999999999989	1.22999999999999998	447	2017-02-14 16:54:40	2017-02-14 16:54:40	7
240	2016	3	7	20	20	107	0	0	0	99	56	0	40	100	0	4.70999999999999996	1.30000000000000004	448	2017-02-14 16:54:40	2017-02-14 16:54:40	2
241	2016	7	5	19	19	105	0	0	0	108	40	0	29	93	0	3.43000000000000016	1.30000000000000004	449	2017-02-14 16:54:40	2017-02-14 16:54:40	29
242	2016	6	5	14	14	81	0	0	0	80	29	0	45	106	0	3.2200000000000002	1.54000000000000004	450	2017-02-14 16:54:40	2017-02-14 16:54:40	6
243	2016	5	2	18	15	77	0	0	0	81	29	0	31	84	0	3.39000000000000012	1.44999999999999996	451	2017-02-14 16:54:40	2017-02-14 16:54:40	20
244	2016	6	7	20	20	121	0	0	0	134	51	0	24	117	0	3.79000000000000004	1.31000000000000005	452	2017-02-14 16:54:40	2017-02-14 16:54:40	11
245	2016	6	8	19	19	89	0	0	0	93	35	0	51	98	0	3.54000000000000004	1.62000000000000011	453	2017-02-14 16:54:40	2017-02-14 16:54:40	12
246	2016	2	1	35	0	50	0	0	0	41	16	0	13	48	0	2.87999999999999989	1.08000000000000007	454	2017-02-14 16:54:40	2017-02-14 16:54:40	18
247	2016	13	6	24	24	156.199999999999989	0	0	0	138	58	0	57	127	0	3.33000000000000007	1.23999999999999999	455	2017-02-14 16:54:40	2017-02-14 16:54:40	2
248	2016	7	7	27	24	138	0	0	0	159	78	0	45	114	0	5.08999999999999986	1.47999999999999998	456	2017-02-14 16:54:40	2017-02-14 16:54:40	28
249	2016	9	7	19	18	105.099999999999994	0	0	0	118	57	0	26	66	0	4.87000000000000011	1.37000000000000011	457	2017-02-14 16:54:40	2017-02-14 16:54:40	5
250	2016	0	2	7	4	23.1000000000000014	0	0	0	22	11	0	13	24	0	4.24000000000000021	1.5	458	2017-02-14 16:54:40	2017-02-14 16:54:40	25
251	2016	1	3	6	6	34.2000000000000028	0	0	0	31	9	0	15	34	0	2.33999999999999986	1.33000000000000007	459	2017-02-14 16:54:40	2017-02-14 16:54:40	7
252	2016	10	6	36	14	109.200000000000003	0	0	0	109	49	0	42	104	0	4.01999999999999957	1.37999999999999989	460	2017-02-14 16:54:40	2017-02-14 16:54:40	1
253	2016	10	6	26	26	136.099999999999994	0	0	0	133	69	0	52	134	0	4.55999999999999961	1.3600000000000001	461	2017-02-14 16:54:40	2017-02-14 16:54:40	20
254	2016	7	8	24	24	148	0	0	0	142	50	0	36	143	0	3.04000000000000004	1.19999999999999996	462	2017-02-14 17:16:44	2017-02-14 17:16:44	23
255	2016	15	4	24	24	147.199999999999989	0	0	0	119	59	0	44	183	0	3.60000000000000009	1.10000000000000009	463	2017-02-14 17:16:44	2017-02-14 17:16:44	29
256	2016	7	5	17	17	100.099999999999994	0	0	0	81	38	0	31	132	0	3.41000000000000014	1.12000000000000011	464	2017-02-14 17:16:44	2017-02-14 17:16:44	13
257	2017	14	\N	\N	\N	\N	\N	\N	0	\N	\N	\N	\N	160	\N	3.14000000000000012	1.1100000000000001	147	2017-02-20 05:17:19	2017-02-20 05:17:19	17
258	2017	16	\N	\N	\N	\N	\N	\N	0	\N	\N	\N	\N	192	\N	2.93000000000000016	1.08000000000000007	148	2017-02-20 05:17:19	2017-02-20 05:17:19	17
259	2017	14	\N	\N	\N	\N	\N	\N	0	\N	\N	\N	\N	226	\N	2.91000000000000014	1.1100000000000001	149	2017-02-20 05:17:19	2017-02-20 05:17:19	23
260	2017	17	\N	\N	\N	\N	\N	\N	0	\N	\N	\N	\N	234	\N	2.77000000000000002	1.05000000000000004	150	2017-02-20 05:17:19	2017-02-20 05:17:19	27
261	2017	15	\N	\N	\N	\N	\N	\N	0	\N	\N	\N	\N	192	\N	3.12000000000000011	1.12000000000000011	151	2017-02-20 05:17:19	2017-02-20 05:17:19	27
262	2017	13	\N	\N	\N	\N	\N	\N	0	\N	\N	\N	\N	152	\N	3.74000000000000021	1.25	152	2017-02-20 05:17:19	2017-02-20 05:17:19	29
263	2017	17	\N	\N	\N	\N	\N	\N	0	\N	\N	\N	\N	272	\N	2.99000000000000021	1.01000000000000001	154	2017-02-20 05:17:19	2017-02-20 05:17:19	29
264	2017	14	\N	\N	\N	\N	\N	\N	0	\N	\N	\N	\N	164	\N	3.33999999999999986	1.27000000000000002	155	2017-02-20 05:17:19	2017-02-20 05:17:19	14
265	2017	14	\N	\N	\N	\N	\N	\N	0	\N	\N	\N	\N	181	\N	3.16000000000000014	1.22999999999999998	156	2017-02-20 05:17:19	2017-02-20 05:17:19	28
266	2017	16	\N	\N	\N	\N	\N	\N	0	\N	\N	\N	\N	213	\N	3.20999999999999996	1.10000000000000009	157	2017-02-20 05:17:19	2017-02-20 05:17:19	5
267	2017	14	\N	\N	\N	\N	\N	\N	0	\N	\N	\N	\N	187	\N	3.25	1.09000000000000008	158	2017-02-20 05:17:19	2017-02-20 05:17:19	9
268	2017	15	\N	\N	\N	\N	\N	\N	0	\N	\N	\N	\N	194	\N	3	1.05000000000000004	159	2017-02-20 05:17:19	2017-02-20 05:17:19	17
269	2017	15	\N	\N	\N	\N	\N	\N	0	\N	\N	\N	\N	233	\N	3.29999999999999982	1.08000000000000007	160	2017-02-20 05:17:19	2017-02-20 05:17:19	4
270	2017	15	\N	\N	\N	\N	\N	\N	0	\N	\N	\N	\N	168	\N	3.56000000000000005	1.15999999999999992	161	2017-02-20 05:17:19	2017-02-20 05:17:19	2
271	2017	12	\N	\N	\N	\N	\N	\N	0	\N	\N	\N	\N	156	\N	3.70999999999999996	1.28000000000000003	162	2017-02-20 05:17:19	2017-02-20 05:17:19	14
272	2017	13	\N	\N	\N	\N	\N	\N	0	\N	\N	\N	\N	178	\N	3.4700000000000002	1.21999999999999997	163	2017-02-20 05:17:19	2017-02-20 05:17:19	3
273	2017	12	\N	\N	\N	\N	\N	\N	0	\N	\N	\N	\N	181	\N	3.56000000000000005	1.17999999999999994	164	2017-02-20 05:17:19	2017-02-20 05:17:19	16
274	2017	14	\N	\N	\N	\N	\N	\N	0	\N	\N	\N	\N	202	\N	3.56999999999999984	1.29000000000000004	165	2017-02-20 05:17:19	2017-02-20 05:17:19	13
275	2017	12	\N	\N	\N	\N	\N	\N	0	\N	\N	\N	\N	154	\N	3.58999999999999986	1.25	166	2017-02-20 05:17:19	2017-02-20 05:17:19	2
276	2017	16	\N	\N	\N	\N	\N	\N	0	\N	\N	\N	\N	228	\N	3.56999999999999984	1.1100000000000001	167	2017-02-20 05:17:19	2017-02-20 05:17:19	2
277	2017	13	\N	\N	\N	\N	\N	\N	0	\N	\N	\N	\N	172	\N	3.60000000000000009	1.20999999999999996	168	2017-02-20 05:17:19	2017-02-20 05:17:19	17
278	2017	12	\N	\N	\N	\N	\N	\N	0	\N	\N	\N	\N	151	\N	3.77000000000000002	1.30000000000000004	169	2017-02-20 05:17:19	2017-02-20 05:17:19	8
279	2017	9	\N	\N	\N	\N	\N	\N	0	\N	\N	\N	\N	111	\N	4.24000000000000021	1.33000000000000007	170	2017-02-20 05:17:19	2017-02-20 05:17:19	16
280	2017	12	\N	\N	\N	\N	\N	\N	0	\N	\N	\N	\N	160	\N	3.68000000000000016	1.16999999999999993	171	2017-02-20 05:17:19	2017-02-20 05:17:19	14
281	2017	11	\N	\N	\N	\N	\N	\N	0	\N	\N	\N	\N	164	\N	3.5299999999999998	1.15999999999999992	172	2017-02-20 05:17:19	2017-02-20 05:17:19	20
282	2017	14	\N	\N	\N	\N	\N	\N	0	\N	\N	\N	\N	200	\N	3.2799999999999998	1.15999999999999992	173	2017-02-20 05:17:19	2017-02-20 05:17:19	30
283	2017	12	\N	\N	\N	\N	\N	\N	0	\N	\N	\N	\N	183	\N	3.52000000000000002	1.20999999999999996	174	2017-02-20 05:17:19	2017-02-20 05:17:19	1
284	2017	10	\N	\N	\N	\N	\N	\N	0	\N	\N	\N	\N	175	\N	3.89999999999999991	1.21999999999999997	175	2017-02-20 05:17:19	2017-02-20 05:17:19	24
285	2017	11	\N	\N	\N	\N	\N	\N	0	\N	\N	\N	\N	178	\N	3.85000000000000009	1.27000000000000002	176	2017-02-20 05:17:19	2017-02-20 05:17:19	30
286	2017	11	\N	\N	\N	\N	\N	\N	0	\N	\N	\N	\N	169	\N	3.7799999999999998	1.20999999999999996	177	2017-02-20 05:17:19	2017-02-20 05:17:19	12
287	2017	10	\N	\N	\N	\N	\N	\N	0	\N	\N	\N	\N	173	\N	3.95000000000000018	1.20999999999999996	178	2017-02-20 05:17:19	2017-02-20 05:17:19	24
288	2017	10	\N	\N	\N	\N	\N	\N	0	\N	\N	\N	\N	164	\N	3.95999999999999996	1.28000000000000003	179	2017-02-20 05:17:19	2017-02-20 05:17:19	21
289	2017	11	\N	\N	\N	\N	\N	\N	0	\N	\N	\N	\N	147	\N	3.99000000000000021	1.23999999999999999	180	2017-02-20 05:17:19	2017-02-20 05:17:19	1
290	2017	12	\N	\N	\N	\N	\N	\N	0	\N	\N	\N	\N	163	\N	3.85000000000000009	1.20999999999999996	181	2017-02-20 05:17:19	2017-02-20 05:17:19	27
291	2017	9	\N	\N	\N	\N	\N	\N	0	\N	\N	\N	\N	152	\N	4.07000000000000028	1.20999999999999996	182	2017-02-20 05:17:19	2017-02-20 05:17:19	30
292	2017	9	\N	\N	\N	\N	\N	\N	0	\N	\N	\N	\N	158	\N	4.48000000000000043	1.33000000000000007	183	2017-02-20 05:17:19	2017-02-20 05:17:19	9
293	2017	11	\N	\N	\N	\N	\N	\N	0	\N	\N	\N	\N	157	\N	3.64000000000000012	1.18999999999999995	184	2017-02-20 05:17:19	2017-02-20 05:17:19	22
294	2017	10	\N	\N	\N	\N	\N	\N	0	\N	\N	\N	\N	161	\N	3.85999999999999988	1.35000000000000009	185	2017-02-20 05:17:19	2017-02-20 05:17:19	18
295	2017	16	\N	\N	\N	\N	\N	\N	0	\N	\N	\N	\N	223	\N	3.5	1.16999999999999993	186	2017-02-20 05:17:19	2017-02-20 05:17:19	2
296	2017	14	\N	\N	\N	\N	\N	\N	0	\N	\N	\N	\N	233	\N	3.33999999999999986	1.19999999999999996	187	2017-02-20 05:17:19	2017-02-20 05:17:19	12
297	2017	10	\N	\N	\N	\N	\N	\N	0	\N	\N	\N	\N	178	\N	3.7799999999999998	1.33000000000000007	188	2017-02-20 05:17:19	2017-02-20 05:17:19	3
298	2017	12	\N	\N	\N	\N	\N	\N	0	\N	\N	\N	\N	182	\N	3.7799999999999998	1.27000000000000002	189	2017-02-20 05:17:19	2017-02-20 05:17:19	27
299	2017	11	\N	\N	\N	\N	\N	\N	0	\N	\N	\N	\N	117	\N	3.89000000000000012	1.3600000000000001	190	2017-02-20 05:17:19	2017-02-20 05:17:19	10
300	2017	11	\N	\N	\N	\N	\N	\N	0	\N	\N	\N	\N	147	\N	3.95999999999999996	1.22999999999999998	191	2017-02-20 05:17:19	2017-02-20 05:17:19	11
301	2017	11	\N	\N	\N	\N	\N	\N	0	\N	\N	\N	\N	139	\N	3.83000000000000007	1.25	192	2017-02-20 05:17:19	2017-02-20 05:17:19	25
302	2017	11	\N	\N	\N	\N	\N	\N	0	\N	\N	\N	\N	168	\N	4.12999999999999989	1.35000000000000009	193	2017-02-20 05:17:19	2017-02-20 05:17:19	4
303	2017	9	\N	\N	\N	\N	\N	\N	0	\N	\N	\N	\N	146	\N	4.29999999999999982	1.41999999999999993	194	2017-02-20 05:17:19	2017-02-20 05:17:19	21
304	2017	11	\N	\N	\N	\N	\N	\N	0	\N	\N	\N	\N	176	\N	4.13999999999999968	1.29000000000000004	195	2017-02-20 05:17:19	2017-02-20 05:17:19	6
305	2017	13	\N	\N	\N	\N	\N	\N	0	\N	\N	\N	\N	175	\N	3.7799999999999998	1.22999999999999998	196	2017-02-20 05:17:19	2017-02-20 05:17:19	14
306	2017	11	\N	\N	\N	\N	\N	\N	0	\N	\N	\N	\N	134	\N	4.21999999999999975	1.3899999999999999	197	2017-02-20 05:17:19	2017-02-20 05:17:19	13
307	2017	10	\N	\N	\N	\N	\N	\N	0	\N	\N	\N	\N	135	\N	4.37999999999999989	1.19999999999999996	198	2017-02-20 05:17:19	2017-02-20 05:17:19	4
308	2017	10	\N	\N	\N	\N	\N	\N	0	\N	\N	\N	\N	163	\N	4.30999999999999961	1.27000000000000002	199	2017-02-20 05:17:19	2017-02-20 05:17:19	7
309	2017	9	\N	\N	\N	\N	\N	\N	0	\N	\N	\N	\N	146	\N	4.12999999999999989	1.34000000000000008	201	2017-02-20 05:17:19	2017-02-20 05:17:19	16
310	2017	9	\N	\N	\N	\N	\N	\N	0	\N	\N	\N	\N	151	\N	4.19000000000000039	1.29000000000000004	202	2017-02-20 05:17:19	2017-02-20 05:17:19	6
311	2017	13	\N	\N	\N	\N	\N	\N	0	\N	\N	\N	\N	170	\N	3.66999999999999993	1.19999999999999996	203	2017-02-20 05:17:19	2017-02-20 05:17:19	6
312	2017	10	\N	\N	\N	\N	\N	\N	0	\N	\N	\N	\N	153	\N	4.04999999999999982	1.34000000000000008	204	2017-02-20 05:17:19	2017-02-20 05:17:19	29
313	2017	12	\N	\N	\N	\N	\N	\N	0	\N	\N	\N	\N	186	\N	3.89999999999999991	1.34000000000000008	205	2017-02-20 05:17:19	2017-02-20 05:17:19	19
314	2017	7	\N	\N	\N	\N	\N	\N	0	\N	\N	\N	\N	109	\N	4.20999999999999996	1.37999999999999989	206	2017-02-20 05:17:19	2017-02-20 05:17:19	22
315	2017	11	\N	\N	\N	\N	\N	\N	0	\N	\N	\N	\N	152	\N	4.07000000000000028	1.32000000000000006	207	2017-02-20 05:17:19	2017-02-20 05:17:19	28
316	2017	8	\N	\N	\N	\N	\N	\N	0	\N	\N	\N	\N	128	\N	4	1.29000000000000004	209	2017-02-20 05:17:19	2017-02-20 05:17:19	16
317	2017	10	\N	\N	\N	\N	\N	\N	0	\N	\N	\N	\N	121	\N	4.21999999999999975	1.27000000000000002	210	2017-02-20 05:17:19	2017-02-20 05:17:19	28
318	2017	10	\N	\N	\N	\N	\N	\N	0	\N	\N	\N	\N	167	\N	4.12999999999999989	1.32000000000000006	211	2017-02-20 05:17:19	2017-02-20 05:17:19	14
319	2017	9	\N	\N	\N	\N	\N	\N	0	\N	\N	\N	\N	126	\N	4.53000000000000025	1.37999999999999989	212	2017-02-20 05:17:19	2017-02-20 05:17:19	8
320	2017	10	\N	\N	\N	\N	\N	\N	0	\N	\N	\N	\N	152	\N	4.59999999999999964	1.3899999999999999	213	2017-02-20 05:17:19	2017-02-20 05:17:19	19
321	2017	11	\N	\N	\N	\N	\N	\N	0	\N	\N	\N	\N	206	\N	3.85999999999999988	1.21999999999999997	214	2017-02-20 05:17:19	2017-02-20 05:17:19	9
322	2017	11	\N	\N	\N	\N	\N	\N	0	\N	\N	\N	\N	192	\N	3.89000000000000012	1.21999999999999997	215	2017-02-20 05:17:19	2017-02-20 05:17:19	11
323	2017	10	\N	\N	\N	\N	\N	\N	0	\N	\N	\N	\N	186	\N	4.15000000000000036	1.37000000000000011	216	2017-02-20 05:17:19	2017-02-20 05:17:19	15
324	2017	10	\N	\N	\N	\N	\N	\N	0	\N	\N	\N	\N	145	\N	4.04000000000000004	1.39999999999999991	219	2017-02-20 05:17:19	2017-02-20 05:17:19	21
325	2017	8	\N	\N	\N	\N	\N	\N	0	\N	\N	\N	\N	173	\N	4.69000000000000039	1.43999999999999995	220	2017-02-20 05:17:19	2017-02-20 05:17:19	3
326	2017	3	\N	\N	\N	\N	\N	\N	38	\N	\N	\N	\N	64	\N	2.75	1.1399999999999999	221	2017-02-20 05:17:19	2017-02-20 05:17:19	23
327	2017	4	\N	\N	\N	\N	\N	\N	43	\N	\N	\N	\N	75	\N	1.71999999999999997	0.930000000000000049	222	2017-02-20 05:17:19	2017-02-20 05:17:19	1
328	2017	4	\N	\N	\N	\N	\N	\N	39	\N	\N	\N	\N	66	\N	2.31000000000000005	0.969999999999999973	223	2017-02-20 05:17:19	2017-02-20 05:17:19	27
329	2017	4	\N	\N	\N	\N	\N	\N	43	\N	\N	\N	\N	93	\N	2.2799999999999998	0.810000000000000053	224	2017-02-20 05:17:19	2017-02-20 05:17:19	20
330	2017	3	\N	\N	\N	\N	\N	\N	38	\N	\N	\N	\N	54	\N	3	1.1100000000000001	225	2017-02-20 05:17:19	2017-02-20 05:17:19	5
331	2017	4	\N	\N	\N	\N	\N	\N	41	\N	\N	\N	\N	73	\N	2.72999999999999998	1.30000000000000004	226	2017-02-20 05:17:19	2017-02-20 05:17:19	21
332	2017	4	\N	\N	\N	\N	\N	\N	33	\N	\N	\N	\N	55	\N	3.25	1.25	227	2017-02-20 05:17:19	2017-02-20 05:17:19	13
333	2017	4	\N	\N	\N	\N	\N	\N	41	\N	\N	\N	\N	75	\N	2.5299999999999998	1.08000000000000007	228	2017-02-20 05:17:19	2017-02-20 05:17:19	12
334	2017	3	\N	\N	\N	\N	\N	\N	37	\N	\N	\N	\N	81	\N	3.52000000000000002	1.18999999999999995	229	2017-02-20 05:17:19	2017-02-20 05:17:19	3
335	2017	3	\N	\N	\N	\N	\N	\N	20	\N	\N	\N	\N	47	\N	4.16999999999999993	1.3600000000000001	230	2017-02-20 05:17:19	2017-02-20 05:17:19	24
336	2017	4	\N	\N	\N	\N	\N	\N	42	\N	\N	\N	\N	111	\N	1.83000000000000007	0.989999999999999991	231	2017-02-20 05:17:19	2017-02-20 05:17:19	9
337	2017	4	\N	\N	\N	\N	\N	\N	37	\N	\N	\N	\N	81	\N	3.04000000000000004	0.969999999999999973	232	2017-02-20 05:17:19	2017-02-20 05:17:19	14
338	2017	4	\N	\N	\N	\N	\N	\N	33	\N	\N	\N	\N	83	\N	2.60999999999999988	1.12000000000000011	233	2017-02-20 05:17:19	2017-02-20 05:17:19	4
339	2017	4	\N	\N	\N	\N	\N	\N	39	\N	\N	\N	\N	80	\N	2.95000000000000018	1.12999999999999989	234	2017-02-20 05:17:19	2017-02-20 05:17:19	2
340	2017	3	\N	\N	\N	\N	\N	\N	11	\N	\N	\N	\N	54	\N	3.10000000000000009	1.15999999999999992	235	2017-02-20 05:17:19	2017-02-20 05:17:19	10
341	2017	3	\N	\N	\N	\N	\N	\N	30	\N	\N	\N	\N	56	\N	3.77000000000000002	1.22999999999999998	236	2017-02-20 05:17:19	2017-02-20 05:17:19	10
342	2017	4	\N	\N	\N	\N	\N	\N	37	\N	\N	\N	\N	80	\N	2.04999999999999982	1.03000000000000003	237	2017-02-20 05:17:19	2017-02-20 05:17:19	17
343	2017	3	\N	\N	\N	\N	\N	\N	19	\N	\N	\N	\N	49	\N	3.04999999999999982	1.32000000000000006	238	2017-02-20 05:17:19	2017-02-20 05:17:19	13
344	2017	3	\N	\N	\N	\N	\N	\N	27	\N	\N	\N	\N	66	\N	4.36000000000000032	1.47999999999999998	240	2017-02-20 05:17:19	2017-02-20 05:17:19	15
345	2017	3	\N	\N	\N	\N	\N	\N	24	\N	\N	\N	\N	55	\N	3	1.27000000000000002	241	2017-02-20 05:17:19	2017-02-20 05:17:19	21
346	2017	3	\N	\N	\N	\N	\N	\N	31	\N	\N	\N	\N	60	\N	3.54999999999999982	1.32000000000000006	242	2017-02-20 05:17:19	2017-02-20 05:17:19	16
347	2017	5	\N	\N	\N	\N	\N	\N	41	\N	\N	\N	\N	95	\N	2.33999999999999986	0.969999999999999973	243	2017-02-20 05:17:19	2017-02-20 05:17:19	28
348	2017	4	\N	\N	\N	\N	\N	\N	42	\N	\N	\N	\N	87	\N	3	1.12000000000000011	245	2017-02-20 05:17:19	2017-02-20 05:17:19	11
349	2017	3	\N	\N	\N	\N	\N	\N	24	\N	\N	\N	\N	57	\N	2.95000000000000018	1.02000000000000002	246	2017-02-20 05:17:19	2017-02-20 05:17:19	17
350	2017	3	\N	\N	\N	\N	\N	\N	25	\N	\N	\N	\N	36	\N	3.16000000000000014	1.17999999999999994	247	2017-02-20 05:17:19	2017-02-20 05:17:19	8
351	2017	3	\N	\N	\N	\N	\N	\N	15	\N	\N	\N	\N	66	\N	4.15000000000000036	1.44999999999999996	248	2017-02-20 05:17:19	2017-02-20 05:17:19	18
352	2017	4	\N	\N	\N	\N	\N	\N	41	\N	\N	\N	\N	66	\N	3.18000000000000016	1.07000000000000006	249	2017-02-20 05:17:19	2017-02-20 05:17:19	25
353	2017	3	\N	\N	\N	\N	\N	\N	13	\N	\N	\N	\N	69	\N	3.10000000000000009	1.03000000000000003	250	2017-02-20 05:17:19	2017-02-20 05:17:19	6
354	2017	4	\N	\N	\N	\N	\N	\N	37	\N	\N	\N	\N	98	\N	3	1.18999999999999995	251	2017-02-20 05:17:19	2017-02-20 05:17:19	6
355	2017	3	\N	\N	\N	\N	\N	\N	0	\N	\N	\N	\N	58	\N	3.95000000000000018	1.41999999999999993	253	2017-02-20 05:17:19	2017-02-20 05:17:19	28
356	2017	3	\N	\N	\N	\N	\N	\N	28	\N	\N	\N	\N	68	\N	3.29000000000000004	1.23999999999999999	254	2017-02-20 05:17:19	2017-02-20 05:17:19	2
357	2017	3	\N	\N	\N	\N	\N	\N	31	\N	\N	\N	\N	72	\N	3.39000000000000012	1.12999999999999989	255	2017-02-20 05:17:19	2017-02-20 05:17:19	26
358	2017	5	\N	\N	\N	\N	\N	\N	31	\N	\N	\N	\N	97	\N	1.96999999999999997	0.839999999999999969	256	2017-02-20 05:17:19	2017-02-20 05:17:19	4
359	2017	4	\N	\N	\N	\N	\N	\N	28	\N	\N	\N	\N	70	\N	2.72999999999999998	1.12000000000000011	257	2017-02-20 05:17:19	2017-02-20 05:17:19	6
360	2017	4	\N	\N	\N	\N	\N	\N	40	\N	\N	\N	\N	74	\N	2.66000000000000014	1.08000000000000007	258	2017-02-20 05:17:19	2017-02-20 05:17:19	30
361	2017	5	\N	\N	\N	\N	\N	\N	37	\N	\N	\N	\N	110	\N	2.2200000000000002	1.05000000000000004	259	2017-02-20 05:17:19	2017-02-20 05:17:19	9
362	2017	2	\N	\N	\N	\N	\N	\N	19	\N	\N	\N	\N	59	\N	3.45000000000000018	1.32000000000000006	262	2017-02-20 05:17:19	2017-02-20 05:17:19	16
363	2017	2	\N	\N	\N	\N	\N	\N	20	\N	\N	\N	\N	45	\N	4.25	1.34000000000000008	263	2017-02-20 05:17:19	2017-02-20 05:17:19	7
364	2017	3	\N	\N	\N	\N	\N	\N	30	\N	\N	\N	\N	73	\N	2.95000000000000018	1.02000000000000002	264	2017-02-20 05:17:19	2017-02-20 05:17:19	29
365	2017	3	\N	\N	\N	\N	\N	\N	32	\N	\N	\N	\N	58	\N	3	1.1399999999999999	265	2017-02-20 05:17:19	2017-02-20 05:17:19	19
366	2017	2	\N	\N	\N	\N	\N	\N	19	\N	\N	\N	\N	49	\N	2.93000000000000016	0.979999999999999982	266	2017-02-20 05:17:19	2017-02-20 05:17:19	17
367	2017	4	\N	\N	\N	\N	\N	\N	27	\N	\N	\N	\N	88	\N	3.04000000000000004	1.1399999999999999	268	2017-02-20 05:17:19	2017-02-20 05:17:19	18
368	2017	3	\N	\N	\N	\N	\N	\N	18	\N	\N	\N	\N	65	\N	3.5	1.30000000000000004	269	2017-02-20 05:17:19	2017-02-20 05:17:19	16
369	2017	3	\N	\N	\N	\N	\N	\N	24	\N	\N	\N	\N	71	\N	4.24000000000000021	1.37999999999999989	273	2017-02-20 05:17:19	2017-02-20 05:17:19	25
370	2017	4	\N	\N	\N	\N	\N	\N	19	\N	\N	\N	\N	73	\N	3.66999999999999993	1.33000000000000007	274	2017-02-20 05:17:19	2017-02-20 05:17:19	21
371	2017	3	\N	\N	\N	\N	\N	\N	20	\N	\N	\N	\N	65	\N	4.33999999999999986	1.37999999999999989	279	2017-02-20 05:17:19	2017-02-20 05:17:19	14
372	2017	4	\N	\N	\N	\N	\N	\N	27	\N	\N	\N	\N	81	\N	2.70000000000000018	0.969999999999999973	280	2017-02-20 05:17:19	2017-02-20 05:17:19	3
373	2017	4	\N	\N	\N	\N	\N	\N	19	\N	\N	\N	\N	70	\N	2.87999999999999989	1.04000000000000004	281	2017-02-20 05:17:19	2017-02-20 05:17:19	10
374	2017	4	\N	\N	\N	\N	\N	\N	20	\N	\N	\N	\N	67	\N	2.58999999999999986	1.08000000000000007	283	2017-02-20 05:17:19	2017-02-20 05:17:19	27
375	2017	4	\N	\N	\N	\N	\N	\N	25	\N	\N	\N	\N	72	\N	3.31000000000000005	1.20999999999999996	284	2017-02-20 05:17:19	2017-02-20 05:17:19	9
376	2017	4	\N	\N	\N	\N	\N	\N	19	\N	\N	\N	\N	76	\N	3	1.06000000000000005	286	2017-02-20 05:17:19	2017-02-20 05:17:19	1
377	2017	3	\N	\N	\N	\N	\N	\N	12	\N	\N	\N	\N	66	\N	3.70999999999999996	1.18999999999999995	289	2017-02-20 05:17:19	2017-02-20 05:17:19	18
378	2017	5	\N	\N	\N	\N	\N	\N	27	\N	\N	\N	\N	88	\N	2.72999999999999998	1.1399999999999999	290	2017-02-20 05:17:19	2017-02-20 05:17:19	1
379	2017	4	\N	\N	\N	\N	\N	\N	35	\N	\N	\N	\N	83	\N	3.41000000000000014	1.21999999999999997	292	2017-02-20 05:17:19	2017-02-20 05:17:19	24
380	2017	4	\N	\N	\N	\N	\N	\N	16	\N	\N	\N	\N	72	\N	3.39000000000000012	1.22999999999999998	293	2017-02-20 05:17:19	2017-02-20 05:17:19	22
381	2017	3	\N	\N	\N	\N	\N	\N	36	\N	\N	\N	\N	60	\N	4.01999999999999957	1.19999999999999996	295	2017-02-20 05:17:19	2017-02-20 05:17:19	22
382	2017	2	\N	\N	\N	\N	\N	\N	8	\N	\N	\N	\N	50	\N	2.85000000000000009	1.23999999999999999	296	2017-02-20 05:17:19	2017-02-20 05:17:19	17
383	2017	4	\N	\N	\N	\N	\N	\N	19	\N	\N	\N	\N	65	\N	3.68999999999999995	1.25	297	2017-02-20 05:17:19	2017-02-20 05:17:19	12
384	2017	3	\N	\N	\N	\N	\N	\N	21	\N	\N	\N	\N	54	\N	3.37999999999999989	1.25	303	2017-02-20 05:17:19	2017-02-20 05:17:19	22
385	2017	4	\N	\N	\N	\N	\N	\N	34	\N	\N	\N	\N	68	\N	2.56999999999999984	1.21999999999999997	306	2017-02-20 05:17:19	2017-02-20 05:17:19	7
386	2017	4	\N	\N	\N	\N	\N	\N	10	\N	\N	\N	\N	47	\N	2.81999999999999984	1.12000000000000011	307	2017-02-20 05:17:19	2017-02-20 05:17:19	4
387	2017	8	\N	\N	\N	\N	\N	\N	0	\N	\N	\N	\N	152	\N	3.89000000000000012	1.3600000000000001	308	2017-02-20 05:17:19	2017-02-20 05:17:19	28
388	2017	4	\N	\N	\N	\N	\N	\N	35	\N	\N	\N	\N	84	\N	2.7200000000000002	1.08000000000000007	309	2017-02-20 05:17:19	2017-02-20 05:17:19	23
389	2017	4	\N	\N	\N	\N	\N	\N	9	\N	\N	\N	\N	83	\N	3.47999999999999998	1.18999999999999995	313	2017-02-20 05:17:19	2017-02-20 05:17:19	6
390	2017	4	\N	\N	\N	\N	\N	\N	33	\N	\N	\N	\N	55	\N	3	1.27000000000000002	314	2017-02-20 05:17:19	2017-02-20 05:17:19	29
391	2017	4	\N	\N	\N	\N	\N	\N	24	\N	\N	\N	\N	65	\N	2.39000000000000012	1	315	2017-02-20 05:17:19	2017-02-20 05:17:19	13
392	2017	2	\N	\N	\N	\N	\N	\N	24	\N	\N	\N	\N	54	\N	3.35000000000000009	1.25	318	2017-02-20 05:17:19	2017-02-20 05:17:19	24
393	2017	3	\N	\N	\N	\N	\N	\N	0	\N	\N	\N	\N	61	\N	3.85999999999999988	1.39999999999999991	319	2017-02-20 05:17:19	2017-02-20 05:17:19	21
394	2017	3	\N	\N	\N	\N	\N	\N	24	\N	\N	\N	\N	86	\N	3.27000000000000002	1.16999999999999993	320	2017-02-20 05:17:19	2017-02-20 05:17:19	26
395	2017	5	\N	\N	\N	\N	\N	\N	20	\N	\N	\N	\N	95	\N	3.06999999999999984	1.15999999999999992	321	2017-02-20 05:17:19	2017-02-20 05:17:19	26
396	2017	4	\N	\N	\N	\N	\N	\N	24	\N	\N	\N	\N	61	\N	3.14000000000000012	1.22999999999999998	325	2017-02-20 05:17:19	2017-02-20 05:17:19	4
397	2017	3	\N	\N	\N	\N	\N	\N	35	\N	\N	\N	\N	67	\N	3.49000000000000021	1.28000000000000003	340	2017-02-20 05:17:19	2017-02-20 05:17:19	30
398	2017	4	\N	\N	\N	\N	\N	\N	26	\N	\N	\N	\N	83	\N	3.54999999999999982	1.26000000000000001	342	2017-02-20 05:17:19	2017-02-20 05:17:19	25
399	2017	8	\N	\N	\N	\N	\N	\N	0	\N	\N	\N	\N	135	\N	3.95000000000000018	1.21999999999999997	347	2017-02-20 05:17:19	2017-02-20 05:17:19	12
400	2017	2	\N	\N	\N	\N	\N	\N	0	\N	\N	\N	\N	47	\N	4.58000000000000007	1.35000000000000009	352	2017-02-20 05:17:19	2017-02-20 05:17:19	16
401	2017	3	\N	\N	\N	\N	\N	\N	0	\N	\N	\N	\N	60	\N	4.90000000000000036	1.48999999999999999	353	2017-02-20 05:17:19	2017-02-20 05:17:19	15
402	2017	8	\N	\N	\N	\N	\N	\N	0	\N	\N	\N	\N	141	\N	4.12000000000000011	1.3600000000000001	354	2017-02-20 05:17:19	2017-02-20 05:17:19	30
403	2017	1	\N	\N	\N	\N	\N	\N	0	\N	\N	\N	\N	15	\N	4.5	1.35000000000000009	365	2017-02-20 05:17:19	2017-02-20 05:17:19	21
404	2017	3	\N	\N	\N	\N	\N	\N	0	\N	\N	\N	\N	51	\N	4.98000000000000043	1.45999999999999996	366	2017-02-20 05:17:19	2017-02-20 05:17:19	30
405	2017	19	\N	\N	\N	\N	\N	\N	0	\N	\N	\N	\N	254	\N	2.18999999999999995	0.859999999999999987	430	2017-02-20 05:17:19	2017-02-20 05:17:19	20
406	2017	13	\N	\N	\N	\N	\N	\N	0	\N	\N	\N	\N	200	\N	3.2200000000000002	1.10000000000000009	431	2017-02-20 05:17:19	2017-02-20 05:17:19	4
407	2017	13	\N	\N	\N	\N	\N	\N	0	\N	\N	\N	\N	173	\N	3.64000000000000012	1.19999999999999996	432	2017-02-20 05:17:19	2017-02-20 05:17:19	15
408	2017	12	\N	\N	\N	\N	\N	\N	0	\N	\N	\N	\N	155	\N	3.45999999999999996	1.25	433	2017-02-20 05:17:19	2017-02-20 05:17:19	25
409	2017	12	\N	\N	\N	\N	\N	\N	0	\N	\N	\N	\N	174	\N	3.66000000000000014	1.23999999999999999	434	2017-02-20 05:17:19	2017-02-20 05:17:19	11
410	2017	10	\N	\N	\N	\N	\N	\N	0	\N	\N	\N	\N	182	\N	3.85999999999999988	1.32000000000000006	435	2017-02-20 05:17:19	2017-02-20 05:17:19	4
411	2017	6	\N	\N	\N	\N	\N	\N	0	\N	\N	\N	\N	104	\N	3.91000000000000014	1.26000000000000001	436	2017-02-20 05:17:19	2017-02-20 05:17:19	23
412	2017	11	\N	\N	\N	\N	\N	\N	0	\N	\N	\N	\N	161	\N	3.83000000000000007	1.22999999999999998	437	2017-02-20 05:17:19	2017-02-20 05:17:19	18
413	2017	12	\N	\N	\N	\N	\N	\N	0	\N	\N	\N	\N	157	\N	3.5	1.14999999999999991	438	2017-02-20 05:17:19	2017-02-20 05:17:19	5
414	2017	10	\N	\N	\N	\N	\N	\N	0	\N	\N	\N	\N	136	\N	2.85999999999999988	1.1399999999999999	439	2017-02-20 05:17:19	2017-02-20 05:17:19	20
415	2017	9	\N	\N	\N	\N	\N	\N	0	\N	\N	\N	\N	135	\N	3.93000000000000016	1.25	440	2017-02-20 05:17:19	2017-02-20 05:17:19	10
416	2017	8	\N	\N	\N	\N	\N	\N	0	\N	\N	\N	\N	133	\N	3.79000000000000004	1.22999999999999998	441	2017-02-20 05:17:19	2017-02-20 05:17:19	24
417	2017	11	\N	\N	\N	\N	\N	\N	0	\N	\N	\N	\N	148	\N	3.27000000000000002	1.19999999999999996	442	2017-02-20 05:17:19	2017-02-20 05:17:19	23
418	2017	11	\N	\N	\N	\N	\N	\N	0	\N	\N	\N	\N	178	\N	3.62999999999999989	1.20999999999999996	443	2017-02-20 05:17:19	2017-02-20 05:17:19	10
419	2017	9	\N	\N	\N	\N	\N	\N	0	\N	\N	\N	\N	148	\N	4.23000000000000043	1.28000000000000003	444	2017-02-20 05:17:19	2017-02-20 05:17:19	15
420	2017	9	\N	\N	\N	\N	\N	\N	0	\N	\N	\N	\N	179	\N	3.83999999999999986	1.25	445	2017-02-20 05:17:19	2017-02-20 05:17:19	24
421	2017	11	\N	\N	\N	\N	\N	\N	0	\N	\N	\N	\N	147	\N	3.60000000000000009	1.20999999999999996	446	2017-02-20 05:17:19	2017-02-20 05:17:19	25
422	2017	11	\N	\N	\N	\N	\N	\N	0	\N	\N	\N	\N	178	\N	3.7799999999999998	1.17999999999999994	447	2017-02-20 05:17:19	2017-02-20 05:17:19	7
423	2017	9	\N	\N	\N	\N	\N	\N	0	\N	\N	\N	\N	123	\N	3.9700000000000002	1.25	448	2017-02-20 05:17:19	2017-02-20 05:17:19	2
424	2017	10	\N	\N	\N	\N	\N	\N	0	\N	\N	\N	\N	136	\N	3.5	1.21999999999999997	449	2017-02-20 05:17:19	2017-02-20 05:17:19	29
425	2017	9	\N	\N	\N	\N	\N	\N	0	\N	\N	\N	\N	163	\N	3.37000000000000011	1.32000000000000006	450	2017-02-20 05:17:19	2017-02-20 05:17:19	6
426	2017	8	\N	\N	\N	\N	\N	\N	0	\N	\N	\N	\N	134	\N	3.60000000000000009	1.17999999999999994	451	2017-02-20 05:17:19	2017-02-20 05:17:19	20
427	2017	11	\N	\N	\N	\N	\N	\N	0	\N	\N	\N	\N	172	\N	3.68999999999999995	1.23999999999999999	452	2017-02-20 05:17:19	2017-02-20 05:17:19	11
428	2017	9	\N	\N	\N	\N	\N	\N	0	\N	\N	\N	\N	163	\N	3.70000000000000018	1.37999999999999989	453	2017-02-20 05:17:19	2017-02-20 05:17:19	12
429	2017	5	\N	\N	\N	\N	\N	\N	23	\N	\N	\N	\N	78	\N	2.89000000000000012	1.12999999999999989	454	2017-02-20 05:17:19	2017-02-20 05:17:19	18
430	2017	7	\N	\N	\N	\N	\N	\N	0	\N	\N	\N	\N	85	\N	3.58000000000000007	1.27000000000000002	455	2017-02-20 05:17:19	2017-02-20 05:17:19	2
431	2017	5	\N	\N	\N	\N	\N	\N	0	\N	\N	\N	\N	72	\N	3.87000000000000011	1.29000000000000004	456	2017-02-20 05:17:19	2017-02-20 05:17:19	28
432	2017	9	\N	\N	\N	\N	\N	\N	0	\N	\N	\N	\N	114	\N	4.05999999999999961	1.23999999999999999	457	2017-02-20 05:17:19	2017-02-20 05:17:19	5
433	2017	5	\N	\N	\N	\N	\N	\N	0	\N	\N	\N	\N	83	\N	3.7799999999999998	1.41999999999999993	458	2017-02-20 05:17:19	2017-02-20 05:17:19	25
434	2017	11	\N	\N	\N	\N	\N	\N	0	\N	\N	\N	\N	154	\N	3.49000000000000021	1.28000000000000003	459	2017-02-20 05:17:19	2017-02-20 05:17:19	7
435	2017	10	\N	\N	\N	\N	\N	\N	0	\N	\N	\N	\N	158	\N	3.89000000000000012	1.27000000000000002	460	2017-02-20 05:17:19	2017-02-20 05:17:19	1
436	2017	9	\N	\N	\N	\N	\N	\N	0	\N	\N	\N	\N	135	\N	4.12000000000000011	1.29000000000000004	461	2017-02-20 05:17:19	2017-02-20 05:17:19	20
437	2017	12	\N	\N	\N	\N	\N	\N	0	\N	\N	\N	\N	168	\N	3.18999999999999995	1.16999999999999993	462	2017-02-20 05:17:19	2017-02-20 05:17:19	23
438	2017	11	\N	\N	\N	\N	\N	\N	0	\N	\N	\N	\N	183	\N	3.2799999999999998	1.12999999999999989	463	2017-02-20 05:17:19	2017-02-20 05:17:19	29
439	2017	13	\N	\N	\N	\N	\N	\N	0	\N	\N	\N	\N	201	\N	3.33000000000000007	1.20999999999999996	464	2017-02-20 05:17:19	2017-02-20 05:17:19	13
440	2016	2	0	10	0	6.09999999999999964	0	0	0	5	0	0	4	9	0	0	1.41999999999999993	560	2017-02-20 06:26:55	2017-02-20 06:26:55	29
441	2016	2	2	21	0	22	0	0	0	13	3	0	11	30	0	1.22999999999999998	1.09000000000000008	561	2017-02-20 06:26:55	2017-02-20 06:26:55	30
442	2016	0	0	40	0	46	0	0	0	43	9	0	7	32	0	1.76000000000000001	1.09000000000000008	562	2017-02-20 06:26:55	2017-02-20 06:26:55	8
443	2016	0	0	3	0	4.20000000000000018	0	0	0	8	1	0	2	1	0	1.92999999999999994	2.14000000000000012	563	2017-02-20 06:26:55	2017-02-20 06:26:55	5
444	2016	0	1	25	0	26.1000000000000014	0	0	0	14	6	0	6	39	0	2.04999999999999982	0.760000000000000009	564	2017-02-20 06:26:55	2017-02-20 06:26:55	20
445	2016	2	0	5	5	29.1000000000000014	0	0	0	20	7	0	4	23	0	2.14999999999999991	0.819999999999999951	565	2017-02-20 06:26:55	2017-02-20 06:26:55	10
446	2016	2	1	5	5	27.1999999999999993	0	0	0	22	7	0	4	13	0	2.2799999999999998	0.939999999999999947	566	2017-02-20 06:26:55	2017-02-20 06:26:55	24
447	2016	4	2	8	7	44.2000000000000028	0	0	0	42	12	0	15	42	0	2.41999999999999993	1.28000000000000003	567	2017-02-20 06:26:55	2017-02-20 06:26:55	23
448	2016	7	2	75	0	80	0	0	0	55	22	0	26	80	0	2.47999999999999998	1.01000000000000001	568	2017-02-20 06:26:55	2017-02-20 06:26:55	20
449	2016	4	5	49	7	100	0	0	0	79	28	0	38	92	0	2.52000000000000002	1.16999999999999993	569	2017-02-20 06:26:55	2017-02-20 06:26:55	17
450	2016	5	2	17	8	64	0	0	0	49	19	0	21	45	0	2.66999999999999993	1.09000000000000008	570	2017-02-20 06:26:55	2017-02-20 06:26:55	23
451	2016	9	3	20	20	121.200000000000003	0	0	0	94	38	0	43	100	0	2.81000000000000005	1.12999999999999989	571	2017-02-20 06:26:55	2017-02-20 06:26:55	22
452	2016	6	3	75	0	72.2000000000000028	0	0	0	45	23	0	44	113	0	2.85000000000000009	1.21999999999999997	572	2017-02-20 06:26:55	2017-02-20 06:26:55	21
453	2016	2	2	54	0	47.1000000000000014	0	0	0	27	15	0	15	60	0	2.85000000000000009	0.890000000000000013	573	2017-02-20 06:26:55	2017-02-20 06:26:55	17
454	2016	5	2	37	0	36.1000000000000014	0	0	0	23	12	0	12	45	0	2.9700000000000002	0.959999999999999964	574	2017-02-20 06:26:55	2017-02-20 06:26:55	5
455	2016	3	2	73	0	74	0	0	0	52	25	0	22	83	0	3.04000000000000004	1	575	2017-02-20 06:26:55	2017-02-20 06:26:55	20
456	2016	8	2	66	0	74.2000000000000028	0	0	0	59	26	0	36	96	0	3.12999999999999989	1.27000000000000002	576	2017-02-20 06:26:55	2017-02-20 06:26:55	1
457	2016	0	0	10	0	5.20000000000000018	0	0	0	5	2	0	1	3	0	3.18000000000000016	1.06000000000000005	577	2017-02-20 06:26:55	2017-02-20 06:26:55	24
458	2016	4	2	14	13	69.0999999999999943	0	0	0	75	26	0	22	71	0	3.37999999999999989	1.39999999999999991	578	2017-02-20 06:26:55	2017-02-20 06:26:55	5
459	2016	3	2	53	2	52.1000000000000014	0	0	0	53	20	0	23	54	0	3.43999999999999995	1.44999999999999996	579	2017-02-20 06:26:55	2017-02-20 06:26:55	4
460	2016	5	6	19	19	114.099999999999994	0	0	0	119	45	0	28	99	0	3.54000000000000004	1.29000000000000004	580	2017-02-20 06:26:55	2017-02-20 06:26:55	19
461	2016	6	5	19	19	116.099999999999994	0	0	0	103	48	0	28	73	0	3.70999999999999996	1.12999999999999989	581	2017-02-20 06:26:55	2017-02-20 06:26:55	13
462	2016	1	4	14	10	60.1000000000000014	0	0	0	56	25	0	20	66	0	3.72999999999999998	1.26000000000000001	582	2017-02-20 06:26:55	2017-02-20 06:26:55	20
463	2016	5	8	24	23	135	0	0	0	132	56	0	35	95	0	3.72999999999999998	1.23999999999999999	583	2017-02-20 06:26:55	2017-02-20 06:26:55	3
464	2016	8	6	25	25	133.099999999999994	0	0	0	125	57	0	62	124	0	3.85000000000000009	1.39999999999999991	584	2017-02-20 06:26:55	2017-02-20 06:26:55	21
465	2016	12	9	27	27	158	0	0	0	147	68	0	70	117	0	3.87000000000000011	1.37000000000000011	585	2017-02-20 06:26:55	2017-02-20 06:26:55	19
466	2016	5	2	12	10	58	0	0	0	47	25	0	18	44	0	3.87999999999999989	1.12000000000000011	586	2017-02-20 06:26:55	2017-02-20 06:26:55	11
467	2016	1	7	54	0	36.2000000000000028	0	0	0	39	16	0	8	45	0	3.93000000000000016	1.28000000000000003	587	2017-02-20 06:26:55	2017-02-20 06:26:55	28
468	2016	2	4	28	0	31	0	0	0	23	14	0	8	30	0	4.05999999999999961	1	588	2017-02-20 06:26:55	2017-02-20 06:26:55	14
469	2016	4	4	11	10	62	0	0	0	59	28	0	16	55	0	4.05999999999999961	1.20999999999999996	589	2017-02-20 06:26:55	2017-02-20 06:26:55	6
470	2016	1	1	16	0	24	0	0	0	23	11	0	15	27	0	4.12999999999999989	1.58000000000000007	590	2017-02-20 06:26:55	2017-02-20 06:26:55	22
471	2016	1	1	4	4	17.1000000000000014	0	0	0	15	8	0	8	19	0	4.15000000000000036	1.33000000000000007	591	2017-02-20 06:26:55	2017-02-20 06:26:55	6
472	2016	3	4	10	10	49.2000000000000028	0	0	0	51	23	0	23	50	0	4.16999999999999993	1.48999999999999999	592	2017-02-20 06:26:55	2017-02-20 06:26:55	7
473	2016	5	4	14	14	70.2000000000000028	0	0	0	73	33	0	20	53	0	4.20000000000000018	1.32000000000000006	593	2017-02-20 06:26:55	2017-02-20 06:26:55	25
474	2016	6	0	38	0	53.1000000000000014	0	0	0	60	25	0	18	30	0	4.21999999999999975	1.45999999999999996	594	2017-02-20 06:26:55	2017-02-20 06:26:55	30
475	2016	9	5	22	22	123.099999999999994	0	0	0	125	59	0	35	111	0	4.30999999999999961	1.30000000000000004	595	2017-02-20 06:26:55	2017-02-20 06:26:55	16
476	2016	1	1	24	6	56.1000000000000014	0	0	0	56	27	0	13	55	0	4.30999999999999961	1.21999999999999997	596	2017-02-20 06:26:55	2017-02-20 06:26:55	10
477	2016	4	4	17	9	70.0999999999999943	0	0	0	64	34	0	14	46	0	4.34999999999999964	1.1100000000000001	597	2017-02-20 06:26:55	2017-02-20 06:26:55	9
478	2016	8	1	47	0	65	0	0	0	55	32	0	22	95	0	4.42999999999999972	1.17999999999999994	598	2017-02-20 06:26:55	2017-02-20 06:26:55	6
479	2016	2	2	62	0	67	0	0	0	71	33	0	18	63	0	4.42999999999999972	1.33000000000000007	599	2017-02-20 06:26:55	2017-02-20 06:26:55	7
480	2016	10	7	52	12	118	0	0	0	117	59	0	45	138	0	4.5	1.37000000000000011	600	2017-02-20 06:26:55	2017-02-20 06:26:55	25
481	2016	6	5	20	18	97.0999999999999943	0	0	0	97	49	0	29	82	0	4.53000000000000025	1.29000000000000004	601	2017-02-20 06:26:55	2017-02-20 06:26:55	5
482	2016	8	10	37	21	139.099999999999994	0	0	0	130	74	0	55	93	0	4.78000000000000025	1.33000000000000007	602	2017-02-20 06:26:55	2017-02-20 06:26:55	24
483	2016	3	7	24	14	82.0999999999999943	0	0	0	81	44	0	40	61	0	4.80999999999999961	1.46999999999999997	603	2017-02-20 06:26:55	2017-02-20 06:26:55	8
484	2016	0	3	8	7	33.1000000000000014	0	0	0	45	18	0	17	29	0	4.86000000000000032	1.8600000000000001	604	2017-02-20 06:26:55	2017-02-20 06:26:55	25
485	2016	5	3	11	6	44	0	0	0	47	24	0	22	42	0	4.91000000000000014	1.57000000000000006	605	2017-02-20 06:26:55	2017-02-20 06:26:55	3
486	2016	2	3	64	0	40	0	0	0	38	22	0	20	46	0	4.95000000000000018	1.44999999999999996	606	2017-02-20 06:26:55	2017-02-20 06:26:55	29
487	2016	2	3	10	9	40	0	0	0	29	22	0	26	44	0	4.95000000000000018	1.37999999999999989	607	2017-02-20 06:26:55	2017-02-20 06:26:55	20
488	2016	8	9	26	26	141.199999999999989	0	0	0	154	79	0	67	143	0	5.01999999999999957	1.56000000000000005	608	2017-02-20 06:26:55	2017-02-20 06:26:55	15
489	2016	6	11	25	25	147.099999999999994	0	0	0	175	83	0	55	104	0	5.07000000000000028	1.56000000000000005	609	2017-02-20 06:26:55	2017-02-20 06:26:55	8
490	2016	4	0	20	6	40	0	0	0	44	23	0	24	48	0	5.17999999999999972	1.69999999999999996	610	2017-02-20 06:26:55	2017-02-20 06:26:55	2
491	2016	2	0	44	0	32.2000000000000028	0	0	0	43	19	0	9	22	0	5.23000000000000043	1.59000000000000008	611	2017-02-20 06:26:55	2017-02-20 06:26:55	19
492	2016	5	11	28	27	132	0	0	0	142	77	0	60	112	0	5.25	1.53000000000000003	612	2017-02-20 06:26:55	2017-02-20 06:26:55	13
493	2016	1	0	9	3	24	0	0	0	28	14	0	7	22	0	5.25	1.45999999999999996	613	2017-02-20 06:26:55	2017-02-20 06:26:55	25
494	2016	2	2	44	0	42.2000000000000028	0	0	0	39	25	0	17	60	0	5.26999999999999957	1.31000000000000005	614	2017-02-20 06:26:55	2017-02-20 06:26:55	8
495	2016	0	1	2	0	1.19999999999999996	0	0	0	1	1	0	3	0	0	5.40000000000000036	2.39999999999999991	615	2017-02-20 06:26:55	2017-02-20 06:26:55	20
496	2016	6	8	23	23	118	0	0	0	126	71	0	61	85	0	5.41999999999999993	1.58000000000000007	616	2017-02-20 06:26:55	2017-02-20 06:26:55	11
497	2016	8	9	27	24	134	0	0	0	157	82	0	63	108	0	5.50999999999999979	1.6399999999999999	617	2017-02-20 06:26:55	2017-02-20 06:26:55	19
498	2016	5	9	31	21	118.200000000000003	0	0	0	134	73	0	36	102	0	5.54000000000000004	1.42999999999999994	618	2017-02-20 06:26:55	2017-02-20 06:26:55	27
499	2016	4	8	21	17	89.0999999999999943	0	0	0	103	56	0	32	72	0	5.63999999999999968	1.51000000000000001	619	2017-02-20 06:26:55	2017-02-20 06:26:55	27
500	2016	1	4	9	8	36.1000000000000014	0	0	0	46	23	0	12	45	0	5.70000000000000018	1.60000000000000009	620	2017-02-20 06:26:55	2017-02-20 06:26:55	28
501	2016	3	6	10	10	53.2000000000000028	0	0	0	53	34	0	28	32	0	5.70000000000000018	1.51000000000000001	621	2017-02-20 06:26:55	2017-02-20 06:26:55	24
502	2016	9	10	35	20	146.199999999999989	0	0	0	187	93	0	46	105	0	5.70999999999999996	1.59000000000000008	622	2017-02-20 06:26:55	2017-02-20 06:26:55	26
503	2016	0	0	11	0	17.1000000000000014	0	0	0	22	11	0	6	8	0	5.70999999999999996	1.62000000000000011	623	2017-02-20 06:26:55	2017-02-20 06:26:55	28
504	2016	1	0	18	0	17	0	0	0	22	11	0	6	9	0	5.82000000000000028	1.64999999999999991	624	2017-02-20 06:26:55	2017-02-20 06:26:55	26
505	2016	3	8	22	11	71	0	0	0	78	46	0	25	66	0	5.83000000000000007	1.44999999999999996	625	2017-02-20 06:26:55	2017-02-20 06:26:55	9
506	2016	5	7	21	13	84	0	0	0	92	55	0	41	61	0	5.88999999999999968	1.58000000000000007	626	2017-02-20 06:26:55	2017-02-20 06:26:55	26
507	2016	1	7	12	11	59	0	0	0	76	39	0	13	34	0	5.95000000000000018	1.51000000000000001	627	2017-02-20 06:26:55	2017-02-20 06:26:55	8
508	2016	2	4	9	9	46.1000000000000014	0	0	0	57	31	0	19	23	0	6.01999999999999957	1.6399999999999999	628	2017-02-20 06:26:55	2017-02-20 06:26:55	10
509	2016	3	12	20	20	101	0	0	0	127	69	0	42	70	0	6.15000000000000036	1.66999999999999993	629	2017-02-20 06:26:55	2017-02-20 06:26:55	15
510	2016	2	0	4	4	17	0	0	0	19	12	0	7	15	0	6.34999999999999964	1.53000000000000003	630	2017-02-20 06:26:55	2017-02-20 06:26:55	12
511	2016	9	12	26	26	133	0	0	0	167	95	0	32	114	0	6.42999999999999972	1.5	631	2017-02-20 06:26:55	2017-02-20 06:26:55	8
512	2016	0	1	6	4	21.1000000000000014	0	0	0	26	16	0	12	11	0	6.75	1.78000000000000003	632	2017-02-20 06:26:55	2017-02-20 06:26:55	3
513	2016	2	7	15	15	70	0	0	0	82	59	0	34	46	0	7.58999999999999986	1.65999999999999992	633	2017-02-20 06:26:55	2017-02-20 06:26:55	16
514	2016	3	7	14	14	58.1000000000000014	0	0	0	74	52	0	35	49	0	8.01999999999999957	1.87000000000000011	634	2017-02-20 06:26:55	2017-02-20 06:26:55	8
515	2016	1	2	5	5	22	0	0	0	32	21	0	7	16	0	8.58999999999999986	1.77000000000000002	635	2017-02-20 06:26:55	2017-02-20 06:26:55	12
516	2016	1	0	6	0	8.09999999999999964	0	0	0	10	8	0	2	6	0	8.64000000000000057	1.43999999999999995	636	2017-02-20 06:26:55	2017-02-20 06:26:55	21
517	2016	0	1	1	1	4.20000000000000018	0	0	0	8	6	0	2	4	0	11.5700000000000003	2.14000000000000012	637	2017-02-20 06:26:55	2017-02-20 06:26:55	20
518	2016	0	1	1	1	5.09999999999999964	0	0	0	9	7	0	1	5	0	11.8100000000000005	1.87999999999999989	638	2017-02-20 06:26:55	2017-02-20 06:26:55	13
519	2016	0	2	2	2	9.09999999999999964	0	0	0	15	13	0	5	3	0	12.5399999999999991	2.14000000000000012	639	2017-02-20 06:26:55	2017-02-20 06:26:55	13
520	2016	1	0	8	0	6	0	0	0	7	10	0	6	3	0	15	2.16999999999999993	640	2017-02-20 06:26:55	2017-02-20 06:26:55	15
521	2017	2	\N	\N	\N	\N	\N	\N	4	\N	\N	\N	\N	38	\N	3.64999999999999991	1.57000000000000006	560	2017-02-20 07:20:32	2017-02-20 07:20:32	29
522	2017	9	\N	\N	\N	\N	\N	\N	0	\N	\N	\N	\N	156	\N	3.56000000000000005	1.18999999999999995	561	2017-02-20 07:20:32	2017-02-20 07:20:32	30
523	2017	3	\N	\N	\N	\N	\N	\N	3	\N	\N	\N	\N	34	\N	2.87000000000000011	1.30000000000000004	562	2017-02-20 07:20:32	2017-02-20 07:20:32	8
524	2017	1	\N	\N	\N	\N	\N	\N	0	\N	\N	\N	\N	10	\N	4.5	1.57000000000000006	563	2017-02-20 07:20:32	2017-02-20 07:20:32	5
525	2017	4	\N	\N	\N	\N	\N	\N	18	\N	\N	\N	\N	77	\N	2.58999999999999986	1	564	2017-02-20 07:20:32	2017-02-20 07:20:32	20
526	2017	9	\N	\N	\N	\N	\N	\N	0	\N	\N	\N	\N	152	\N	3.64999999999999991	1.1399999999999999	565	2017-02-20 07:20:32	2017-02-20 07:20:32	10
527	2017	2	\N	\N	\N	\N	\N	\N	0	\N	\N	\N	\N	23	\N	4.05999999999999961	1.18999999999999995	566	2017-02-20 07:20:32	2017-02-20 07:20:32	24
528	2017	8	\N	\N	\N	\N	\N	\N	0	\N	\N	\N	\N	125	\N	3.70999999999999996	1.31000000000000005	567	2017-02-20 07:20:32	2017-02-20 07:20:32	23
529	2017	4	\N	\N	\N	\N	\N	\N	20	\N	\N	\N	\N	76	\N	3.12000000000000011	1.12999999999999989	568	2017-02-20 07:20:32	2017-02-20 07:20:32	20
530	2017	8	\N	\N	\N	\N	\N	\N	4	\N	\N	\N	\N	128	\N	3.66000000000000014	1.30000000000000004	569	2017-02-20 07:20:32	2017-02-20 07:20:32	17
531	2017	7	\N	\N	\N	\N	\N	\N	0	\N	\N	\N	\N	118	\N	4.33999999999999986	1.34000000000000008	570	2017-02-20 07:20:32	2017-02-20 07:20:32	23
532	2017	10	\N	\N	\N	\N	\N	\N	0	\N	\N	\N	\N	138	\N	3.47999999999999998	1.28000000000000003	571	2017-02-20 07:20:32	2017-02-20 07:20:32	22
533	2017	4	\N	\N	\N	\N	\N	\N	32	\N	\N	\N	\N	96	\N	2.41000000000000014	1.28000000000000003	572	2017-02-20 07:20:32	2017-02-20 07:20:32	21
534	2017	3	\N	\N	\N	\N	\N	\N	20	\N	\N	\N	\N	58	\N	2.62999999999999989	1.02000000000000002	573	2017-02-20 07:20:32	2017-02-20 07:20:32	17
535	2017	2	\N	\N	\N	\N	\N	\N	7	\N	\N	\N	\N	44	\N	3.64999999999999991	1.27000000000000002	574	2017-02-20 07:20:32	2017-02-20 07:20:32	5
536	2017	4	\N	\N	\N	\N	\N	\N	19	\N	\N	\N	\N	79	\N	3.41999999999999993	1.07000000000000006	575	2017-02-20 07:20:32	2017-02-20 07:20:32	20
537	2017	4	\N	\N	\N	\N	\N	\N	15	\N	\N	\N	\N	87	\N	2.87999999999999989	1.20999999999999996	576	2017-02-20 07:20:32	2017-02-20 07:20:32	1
538	2017	1	\N	\N	\N	\N	\N	\N	0	\N	\N	\N	\N	10	\N	3	1.16999999999999993	577	2017-02-20 07:20:32	2017-02-20 07:20:32	24
539	2017	8	\N	\N	\N	\N	\N	\N	0	\N	\N	\N	\N	128	\N	4.16000000000000014	1.34000000000000008	578	2017-02-20 07:20:32	2017-02-20 07:20:32	5
540	2017	3	\N	\N	\N	\N	\N	\N	10	\N	\N	\N	\N	51	\N	3.81000000000000005	1.35000000000000009	579	2017-02-20 07:20:32	2017-02-20 07:20:32	4
541	2017	12	\N	\N	\N	\N	\N	\N	0	\N	\N	\N	\N	142	\N	3.83000000000000007	1.31000000000000005	580	2017-02-20 07:20:32	2017-02-20 07:20:32	19
542	2017	8	\N	\N	\N	\N	\N	\N	0	\N	\N	\N	\N	110	\N	4.36000000000000032	1.26000000000000001	581	2017-02-20 07:20:32	2017-02-20 07:20:32	13
543	2017	4	\N	\N	\N	\N	\N	\N	0	\N	\N	\N	\N	59	\N	3.43999999999999995	1.20999999999999996	582	2017-02-20 07:20:32	2017-02-20 07:20:32	20
544	2017	9	\N	\N	\N	\N	\N	\N	0	\N	\N	\N	\N	133	\N	4.24000000000000021	1.33000000000000007	583	2017-02-20 07:20:32	2017-02-20 07:20:32	3
545	2017	9	\N	\N	\N	\N	\N	\N	0	\N	\N	\N	\N	135	\N	3.85999999999999988	1.37000000000000011	584	2017-02-20 07:20:32	2017-02-20 07:20:32	21
546	2017	11	\N	\N	\N	\N	\N	\N	0	\N	\N	\N	\N	119	\N	4.03000000000000025	1.42999999999999994	585	2017-02-20 07:20:32	2017-02-20 07:20:32	19
547	2017	4	\N	\N	\N	\N	\N	\N	0	\N	\N	\N	\N	53	\N	4.25	1.31000000000000005	586	2017-02-20 07:20:32	2017-02-20 07:20:32	11
548	2017	3	\N	\N	\N	\N	\N	\N	12	\N	\N	\N	\N	62	\N	2.81999999999999984	1.15999999999999992	587	2017-02-20 07:20:32	2017-02-20 07:20:32	28
549	2017	1	\N	\N	\N	\N	\N	\N	0	\N	\N	\N	\N	20	\N	3.85999999999999988	1.18999999999999995	588	2017-02-20 07:20:32	2017-02-20 07:20:32	14
550	2017	10	\N	\N	\N	\N	\N	\N	0	\N	\N	\N	\N	145	\N	3.7200000000000002	1.17999999999999994	589	2017-02-20 07:20:32	2017-02-20 07:20:32	6
551	2017	2	\N	\N	\N	\N	\N	\N	0	\N	\N	\N	\N	38	\N	4.79999999999999982	1.51000000000000001	590	2017-02-20 07:20:32	2017-02-20 07:20:32	22
552	2017	6	\N	\N	\N	\N	\N	\N	0	\N	\N	\N	\N	87	\N	4.08999999999999986	1.30000000000000004	591	2017-02-20 07:20:32	2017-02-20 07:20:32	6
553	2017	9	\N	\N	\N	\N	\N	\N	0	\N	\N	\N	\N	136	\N	3.66000000000000014	1.31000000000000005	592	2017-02-20 07:20:32	2017-02-20 07:20:32	7
554	2017	8	\N	\N	\N	\N	\N	\N	0	\N	\N	\N	\N	89	\N	3.85999999999999988	1.27000000000000002	593	2017-02-20 07:20:32	2017-02-20 07:20:32	25
555	2017	0	\N	\N	\N	\N	\N	\N	0	\N	\N	\N	\N	0	\N	0	0	594	2017-02-20 07:20:32	2017-02-20 07:20:32	30
556	2017	8	\N	\N	\N	\N	\N	\N	0	\N	\N	\N	\N	155	\N	4.17999999999999972	1.33000000000000007	595	2017-02-20 07:20:32	2017-02-20 07:20:32	16
557	2017	7	\N	\N	\N	\N	\N	\N	0	\N	\N	\N	\N	108	\N	3.56999999999999984	1.21999999999999997	596	2017-02-20 07:20:32	2017-02-20 07:20:32	10
558	2017	5	\N	\N	\N	\N	\N	\N	0	\N	\N	\N	\N	85	\N	3.99000000000000021	1.18999999999999995	597	2017-02-20 07:20:32	2017-02-20 07:20:32	9
559	2017	4	\N	\N	\N	\N	\N	\N	10	\N	\N	\N	\N	85	\N	3.54999999999999982	1.20999999999999996	598	2017-02-20 07:20:32	2017-02-20 07:20:32	6
560	2017	8	\N	\N	\N	\N	\N	\N	0	\N	\N	\N	\N	135	\N	4.29000000000000004	1.32000000000000006	599	2017-02-20 07:20:32	2017-02-20 07:20:32	7
561	2017	4	\N	\N	\N	\N	\N	\N	10	\N	\N	\N	\N	77	\N	3.99000000000000021	1.33000000000000007	600	2017-02-20 07:20:32	2017-02-20 07:20:32	25
562	2017	4	\N	\N	\N	\N	\N	\N	0	\N	\N	\N	\N	64	\N	4.25999999999999979	1.35000000000000009	601	2017-02-20 07:20:32	2017-02-20 07:20:32	5
563	2017	6	\N	\N	\N	\N	\N	\N	0	\N	\N	\N	\N	107	\N	4	1.20999999999999996	602	2017-02-20 07:20:32	2017-02-20 07:20:32	24
564	2017	1	\N	\N	\N	\N	\N	\N	0	\N	\N	\N	\N	18	\N	4.5	1.42999999999999994	603	2017-02-20 07:20:32	2017-02-20 07:20:32	8
565	2017	6	\N	\N	\N	\N	\N	\N	0	\N	\N	\N	\N	110	\N	4.15000000000000036	1.39999999999999991	604	2017-02-20 07:20:32	2017-02-20 07:20:32	25
566	2017	4	\N	\N	\N	\N	\N	\N	0	\N	\N	\N	\N	85	\N	4.21999999999999975	1.30000000000000004	605	2017-02-20 07:20:32	2017-02-20 07:20:32	3
567	2017	2	\N	\N	\N	\N	\N	\N	12	\N	\N	\N	\N	43	\N	4.16999999999999993	1.40999999999999992	606	2017-02-20 07:20:32	2017-02-20 07:20:32	29
568	2017	3	\N	\N	\N	\N	\N	\N	0	\N	\N	\N	\N	50	\N	4.12000000000000011	1.29000000000000004	607	2017-02-20 07:20:32	2017-02-20 07:20:32	20
569	2017	9	\N	\N	\N	\N	\N	\N	0	\N	\N	\N	\N	144	\N	4.12999999999999989	1.42999999999999994	608	2017-02-20 07:20:32	2017-02-20 07:20:32	15
570	2017	9	\N	\N	\N	\N	\N	\N	0	\N	\N	\N	\N	135	\N	4.54999999999999982	1.42999999999999994	609	2017-02-20 07:20:32	2017-02-20 07:20:32	8
571	2017	3	\N	\N	\N	\N	\N	\N	10	\N	\N	\N	\N	72	\N	3.66000000000000014	1.28000000000000003	610	2017-02-20 07:20:32	2017-02-20 07:20:32	2
572	2017	2	\N	\N	\N	\N	\N	\N	8	\N	\N	\N	\N	38	\N	5.36000000000000032	1.42999999999999994	611	2017-02-20 07:20:32	2017-02-20 07:20:32	19
573	2017	7	\N	\N	\N	\N	\N	\N	0	\N	\N	\N	\N	114	\N	4.91000000000000014	1.5	612	2017-02-20 07:20:32	2017-02-20 07:20:32	13
574	2017	5	\N	\N	\N	\N	\N	\N	0	\N	\N	\N	\N	84	\N	3.93999999999999995	1.27000000000000002	613	2017-02-20 07:20:32	2017-02-20 07:20:32	25
575	2017	2	\N	\N	\N	\N	\N	\N	5	\N	\N	\N	\N	52	\N	4.05999999999999961	1.31000000000000005	614	2017-02-20 07:20:32	2017-02-20 07:20:32	8
576	2017	0	\N	\N	\N	\N	\N	\N	0	\N	\N	\N	\N	0	\N	0	0	615	2017-02-20 07:20:32	2017-02-20 07:20:32	20
577	2017	8	\N	\N	\N	\N	\N	\N	0	\N	\N	\N	\N	105	\N	4.34999999999999964	1.42999999999999994	616	2017-02-20 07:20:32	2017-02-20 07:20:32	11
578	2017	7	\N	\N	\N	\N	\N	\N	0	\N	\N	\N	\N	130	\N	4.33999999999999986	1.44999999999999996	617	2017-02-20 07:20:32	2017-02-20 07:20:32	19
579	2017	3	\N	\N	\N	\N	\N	\N	0	\N	\N	\N	\N	57	\N	4.57000000000000028	1.33000000000000007	618	2017-02-20 07:20:32	2017-02-20 07:20:32	27
580	2017	4	\N	\N	\N	\N	\N	\N	0	\N	\N	\N	\N	79	\N	5.12999999999999989	1.42999999999999994	619	2017-02-20 07:20:32	2017-02-20 07:20:32	27
581	2017	3	\N	\N	\N	\N	\N	\N	0	\N	\N	\N	\N	50	\N	3.62999999999999989	1.27000000000000002	620	2017-02-20 07:20:32	2017-02-20 07:20:32	28
582	2017	2	\N	\N	\N	\N	\N	\N	0	\N	\N	\N	\N	34	\N	3.97999999999999998	1.26000000000000001	621	2017-02-20 07:20:32	2017-02-20 07:20:32	24
583	2017	0	\N	\N	\N	\N	\N	\N	0	\N	\N	\N	\N	0	\N	0	0	622	2017-02-20 07:20:32	2017-02-20 07:20:32	26
584	2017	1	\N	\N	\N	\N	\N	\N	0	\N	\N	\N	\N	19	\N	5.91000000000000014	1.57000000000000006	623	2017-02-20 07:20:32	2017-02-20 07:20:32	28
585	2017	0	\N	\N	\N	\N	\N	\N	0	\N	\N	\N	\N	0	\N	0	0	624	2017-02-20 07:20:32	2017-02-20 07:20:32	26
586	2017	7	\N	\N	\N	\N	\N	\N	0	\N	\N	\N	\N	107	\N	3.77000000000000002	1.21999999999999997	625	2017-02-20 07:20:32	2017-02-20 07:20:32	9
587	2017	3	\N	\N	\N	\N	\N	\N	0	\N	\N	\N	\N	62	\N	5.75999999999999979	1.57000000000000006	626	2017-02-20 07:20:32	2017-02-20 07:20:32	26
588	2017	6	\N	\N	\N	\N	\N	\N	0	\N	\N	\N	\N	83	\N	4.75999999999999979	1.31000000000000005	627	2017-02-20 07:20:32	2017-02-20 07:20:32	8
589	2017	1	\N	\N	\N	\N	\N	\N	0	\N	\N	\N	\N	18	\N	4.33000000000000007	1.47999999999999998	628	2017-02-20 07:20:32	2017-02-20 07:20:32	10
590	2017	8	\N	\N	\N	\N	\N	\N	0	\N	\N	\N	\N	126	\N	4.55999999999999961	1.42999999999999994	629	2017-02-20 07:20:32	2017-02-20 07:20:32	15
591	2017	3	\N	\N	\N	\N	\N	\N	0	\N	\N	\N	\N	52	\N	3.93999999999999995	1.25	630	2017-02-20 07:20:32	2017-02-20 07:20:32	12
592	2017	7	\N	\N	\N	\N	\N	\N	0	\N	\N	\N	\N	98	\N	4.40000000000000036	1.33000000000000007	631	2017-02-20 07:20:32	2017-02-20 07:20:32	8
593	2017	2	\N	\N	\N	\N	\N	\N	0	\N	\N	\N	\N	41	\N	4.03000000000000025	1.37000000000000011	632	2017-02-20 07:20:32	2017-02-20 07:20:32	3
594	2017	3	\N	\N	\N	\N	\N	\N	0	\N	\N	\N	\N	57	\N	4.5	1.40999999999999992	633	2017-02-20 07:20:32	2017-02-20 07:20:32	16
595	2017	5	\N	\N	\N	\N	\N	\N	0	\N	\N	\N	\N	77	\N	3.77000000000000002	1.23999999999999999	634	2017-02-20 07:20:32	2017-02-20 07:20:32	8
596	2017	9	\N	\N	\N	\N	\N	\N	0	\N	\N	\N	\N	135	\N	3.83999999999999986	1.29000000000000004	635	2017-02-20 07:20:32	2017-02-20 07:20:32	12
597	2017	0	\N	\N	\N	\N	\N	\N	0	\N	\N	\N	\N	0	\N	0	0	636	2017-02-20 07:20:32	2017-02-20 07:20:32	21
598	2017	4	\N	\N	\N	\N	\N	\N	0	\N	\N	\N	\N	55	\N	3.83999999999999986	1.22999999999999998	637	2017-02-20 07:20:32	2017-02-20 07:20:32	20
599	2017	6	\N	\N	\N	\N	\N	\N	0	\N	\N	\N	\N	97	\N	3.68999999999999995	1.28000000000000003	638	2017-02-20 07:20:32	2017-02-20 07:20:32	13
600	2017	0	\N	\N	\N	\N	\N	\N	0	\N	\N	\N	\N	0	\N	0	0	639	2017-02-20 07:20:32	2017-02-20 07:20:32	13
601	2017	0	\N	\N	\N	\N	\N	\N	0	\N	\N	\N	\N	0	\N	0	0	640	2017-02-20 07:20:32	2017-02-20 07:20:32	15
602	2017	2	\N	\N	\N	\N	\N	\N	6	\N	\N	\N	\N	58	\N	2.62999999999999989	1.10000000000000009	642	2017-02-20 21:29:19.584806	2017-02-20 21:32:40.822381	26
603	2017	3	\N	\N	\N	\N	\N	\N	8	\N	\N	\N	\N	58	\N	2.87000000000000011	1.26000000000000001	643	2017-02-20 21:42:31.280753	2017-02-20 21:42:31.280753	19
604	2017	8	\N	\N	\N	\N	\N	\N	0	\N	\N	\N	\N	115	\N	3.74000000000000021	1.35000000000000009	644	2017-02-20 21:43:29.025819	2017-02-20 21:43:29.025819	28
\.


--
-- Name: pitchings_id_seq; Type: SEQUENCE SET; Schema: public; Owner: -
--

SELECT pg_catalog.setval('pitchings_id_seq', 604, true);


--
-- Data for Name: player_rankings; Type: TABLE DATA; Schema: public; Owner: -
--

COPY player_rankings (id, my_rank, espn, cbs, mlb, player_id, created_at, updated_at) FROM stdin;
135	\N	135	\N	\N	215	2017-02-18 04:45:01	2017-02-18 04:45:01
3	\N	3	2	\N	7	2017-02-18 04:45:01	2017-02-20 22:03:42.291997
2	\N	2	3	\N	3	2017-02-18 04:45:01	2017-02-20 22:03:42.297777
5	\N	5	5	\N	29	2017-02-18 04:45:01	2017-02-20 22:03:42.306284
8	\N	8	6	\N	54	2017-02-18 04:45:01	2017-02-20 22:03:42.313265
4	\N	4	7	\N	37	2017-02-18 04:45:01	2017-02-20 22:03:42.318923
7	\N	7	8	\N	35	2017-02-18 04:45:01	2017-02-20 22:03:42.322621
9	\N	9	9	\N	39	2017-02-18 04:45:01	2017-02-20 22:03:42.326434
10	\N	10	10	\N	125	2017-02-18 04:45:01	2017-02-20 22:03:42.330566
11	\N	11	11	\N	430	2017-02-18 04:45:01	2017-02-20 22:03:42.335299
55	\N	55	48	\N	73	2017-02-18 04:45:01	2017-02-20 22:03:42.497147
12	\N	12	13	\N	5	2017-02-18 04:45:01	2017-02-20 22:03:42.346878
37	\N	37	35	\N	17	2017-02-18 04:45:01	2017-02-20 22:37:54.061786
17	\N	17	15	\N	66	2017-02-18 04:45:01	2017-02-20 22:03:42.355766
13	\N	13	16	\N	154	2017-02-18 04:45:01	2017-02-20 22:03:42.359485
16	\N	16	17	\N	368	2017-02-18 04:45:01	2017-02-20 22:15:15.061774
21	\N	21	18	\N	4	2017-02-18 04:45:01	2017-02-20 22:03:42.367164
15	\N	15	20	\N	150	2017-02-18 04:45:01	2017-02-20 22:03:42.374887
113	\N	113	63	\N	377	2017-02-18 04:45:01	2017-02-20 22:41:45.228331
40	\N	40	22	\N	97	2017-02-18 04:45:01	2017-02-20 22:03:42.38419
18	\N	18	23	\N	167	2017-02-18 04:45:01	2017-02-20 22:03:42.388453
23	\N	23	24	\N	160	2017-02-18 04:45:01	2017-02-20 22:03:42.393678
34	\N	34	25	\N	27	2017-02-18 04:45:01	2017-02-20 22:03:42.397963
28	\N	28	26	\N	79	2017-02-18 04:45:01	2017-02-20 22:03:42.402828
38	\N	38	27	\N	157	2017-02-18 04:45:01	2017-02-20 22:03:42.406514
58	\N	58	28	\N	371	2017-02-18 04:45:01	2017-02-20 22:03:42.41022
35	\N	35	29	\N	18	2017-02-18 04:45:01	2017-02-20 22:03:42.413882
25	\N	25	30	\N	33	2017-02-18 04:45:01	2017-02-20 22:03:42.417547
22	\N	22	31	\N	24	2017-02-18 04:45:01	2017-02-20 22:03:42.421533
24	\N	24	32	\N	23	2017-02-18 04:45:01	2017-02-20 22:03:42.425228
49	\N	49	33	\N	46	2017-02-18 04:45:01	2017-02-20 22:03:42.429587
120	\N	120	109	\N	243	2017-02-18 04:45:01	2017-02-20 22:03:42.765343
30	\N	30	36	\N	149	2017-02-18 04:45:01	2017-02-20 22:03:42.446213
36	\N	36	37	\N	369	2017-02-18 04:45:01	2017-02-20 22:03:42.451443
83	\N	83	38	\N	6	2017-02-18 04:45:01	2017-02-20 22:03:42.455199
20	\N	20	39	\N	13	2017-02-18 04:45:01	2017-02-20 22:03:42.458891
43	\N	43	40	\N	50	2017-02-18 04:45:01	2017-02-20 22:03:42.462677
26	\N	26	41	\N	159	2017-02-18 04:45:01	2017-02-20 22:03:42.466464
32	\N	32	42	\N	186	2017-02-18 04:45:01	2017-02-20 22:03:42.470245
72	\N	72	43	\N	44	2017-02-18 04:45:01	2017-02-20 22:03:42.473977
86	\N	86	44	\N	75	2017-02-18 04:45:01	2017-02-20 22:03:42.478175
60	\N	60	45	\N	464	2017-02-18 04:45:01	2017-02-20 22:03:42.483459
48	\N	48	46	\N	151	2017-02-18 04:45:01	2017-02-20 22:03:42.488923
45	\N	45	47	\N	58	2017-02-18 04:45:01	2017-02-20 22:18:46.333552
51	\N	51	49	\N	100	2017-02-18 04:45:01	2017-02-20 22:03:42.501966
47	\N	47	51	\N	57	2017-02-18 04:45:01	2017-02-20 22:03:42.509883
39	\N	39	52	\N	36	2017-02-18 04:45:01	2017-02-20 22:03:42.513651
67	\N	67	92	\N	224	2017-02-18 04:45:01	2017-02-20 22:03:42.691358
46	\N	46	54	\N	370	2017-02-18 04:45:01	2017-02-20 22:03:42.521207
64	\N	64	55	\N	462	2017-02-18 04:45:01	2017-02-20 22:03:42.525386
133	\N	133	166	\N	196	2017-02-18 04:45:01	2017-02-20 22:03:43.022419
84	\N	84	57	\N	375	2017-02-18 04:45:01	2017-02-20 22:03:42.53596
52	\N	52	58	\N	25	2017-02-18 04:45:01	2017-02-20 22:03:42.540615
62	\N	62	59	\N	463	2017-02-18 04:45:01	2017-02-20 22:03:42.544363
92	\N	92	60	\N	103	2017-02-18 04:45:01	2017-02-20 22:03:42.549484
57	\N	57	61	\N	431	2017-02-18 04:45:01	2017-02-20 22:03:42.553312
66	\N	66	62	\N	142	2017-02-18 04:45:01	2017-02-20 22:03:42.557089
94	\N	94	118	\N	376	2017-02-18 04:45:01	2017-02-20 22:03:42.809709
129	\N	129	64	\N	38	2017-02-18 04:45:01	2017-02-20 22:03:42.564732
53	\N	53	66	\N	43	2017-02-18 04:45:01	2017-02-20 22:03:42.572808
78	\N	78	68	\N	89	2017-02-18 04:45:01	2017-02-20 22:03:42.58101
54	\N	54	69	\N	187	2017-02-18 04:45:01	2017-02-20 22:03:42.586357
114	\N	114	112	\N	378	2017-02-18 04:45:01	2017-02-20 22:03:42.781789
95	\N	95	71	\N	165	2017-02-18 04:45:01	2017-02-20 22:03:42.594791
97	\N	97	72	\N	68	2017-02-18 04:45:01	2017-02-20 22:03:42.600522
61	\N	61	73	\N	138	2017-02-18 04:45:01	2017-02-20 22:03:42.605182
77	\N	77	99	\N	223	2017-02-18 04:45:01	2017-02-20 22:03:42.721527
132	\N	132	75	\N	382	2017-02-18 04:45:01	2017-02-20 22:03:42.613379
44	\N	44	76	\N	101	2017-02-18 04:45:01	2017-02-20 22:03:42.617097
103	\N	103	77	\N	161	2017-02-18 04:45:01	2017-02-20 22:03:42.621658
75	\N	75	78	\N	147	2017-02-18 04:45:01	2017-02-20 22:03:42.629784
79	\N	79	79	\N	432	2017-02-18 04:45:01	2017-02-20 22:03:42.633594
76	\N	76	80	\N	62	2017-02-18 04:45:01	2017-02-20 22:03:42.637572
126	\N	126	82	\N	77	2017-02-18 04:45:01	2017-02-20 22:03:42.645411
74	\N	74	83	\N	1	2017-02-18 04:45:01	2017-02-20 22:03:42.650882
89	\N	89	84	\N	8	2017-02-18 04:45:01	2017-02-20 22:03:42.65472
131	\N	131	85	\N	63	2017-02-18 04:45:01	2017-02-20 22:03:42.658443
90	\N	90	89	\N	163	2017-02-18 04:45:01	2017-02-20 22:03:42.677954
101	\N	101	90	\N	81	2017-02-18 04:45:01	2017-02-20 22:03:42.683088
124	\N	124	105	\N	436	2017-02-18 04:45:01	2017-02-20 22:03:42.747205
73	\N	73	93	\N	231	2017-02-18 04:45:01	2017-02-20 22:03:42.695143
85	\N	85	94	\N	82	2017-02-18 04:45:01	2017-02-20 22:03:42.698855
71	\N	71	95	\N	222	2017-02-18 04:45:01	2017-02-20 22:03:42.702617
112	\N	112	96	\N	173	2017-02-18 04:45:01	2017-02-20 22:03:42.706552
63	\N	63	97	\N	373	2017-02-18 04:45:01	2017-02-20 22:03:42.710666
110	\N	110	98	\N	12	2017-02-18 04:45:01	2017-02-20 22:03:42.716204
65	\N	65	100	\N	122	2017-02-18 04:45:01	2017-02-20 22:03:42.726503
98	\N	98	103	\N	234	2017-02-18 04:45:01	2017-02-20 22:03:42.739632
91	\N	91	53	\N	144	2017-02-18 04:45:01	2017-02-20 22:24:12.766311
108	\N	108	106	\N	164	2017-02-18 04:45:01	2017-02-20 22:03:42.750998
81	\N	81	107	\N	158	2017-02-18 04:45:01	2017-02-20 22:03:42.756131
134	\N	134	163	\N	126	2017-02-18 04:45:01	2017-02-20 22:03:43.006814
87	\N	87	110	\N	433	2017-02-18 04:45:01	2017-02-20 22:03:42.770699
100	\N	100	111	\N	245	2017-02-18 04:45:01	2017-02-20 22:03:42.776281
80	\N	80	113	\N	69	2017-02-18 04:45:01	2017-02-20 22:03:42.785847
88	\N	88	114	\N	232	2017-02-18 04:45:01	2017-02-20 22:03:42.789733
115	\N	115	115	\N	379	2017-02-18 04:45:01	2017-02-20 22:03:42.793963
105	\N	105	116	\N	155	2017-02-18 04:45:01	2017-02-20 22:03:42.799181
107	\N	107	119	\N	221	2017-02-18 04:45:01	2017-02-20 22:03:42.814808
127	\N	127	121	\N	438	2017-02-18 04:45:01	2017-02-20 22:03:42.822602
123	\N	123	122	\N	133	2017-02-18 04:45:01	2017-02-20 22:03:42.826479
104	\N	104	133	\N	53	2017-02-18 04:45:01	2017-02-20 22:03:42.875546
111	\N	111	134	\N	251	2017-02-18 04:45:01	2017-02-20 22:03:42.879479
121	\N	121	137	\N	80	2017-02-18 04:45:01	2017-02-20 22:03:42.893141
116	\N	116	140	\N	435	2017-02-18 04:45:01	2017-02-20 22:03:42.907108
56	\N	56	143	\N	85	2017-02-18 04:45:01	2017-02-20 22:03:42.918636
128	\N	128	144	\N	51	2017-02-18 04:45:01	2017-02-20 22:26:49.018913
96	\N	96	159	\N	174	2017-02-18 04:45:01	2017-02-20 22:03:42.988124
68	\N	68	108	\N	156	2017-02-18 04:45:01	2017-02-20 22:39:34.699731
119	\N	119	169	\N	380	2017-02-18 04:45:01	2017-02-20 22:03:43.038731
93	\N	93	171	\N	172	2017-02-18 04:45:01	2017-02-20 22:03:43.048353
125	\N	125	173	\N	437	2017-02-18 04:45:01	2017-02-20 22:03:43.059247
118	\N	118	185	\N	64	2017-02-18 04:45:01	2017-02-20 22:03:43.111295
130	\N	130	191	\N	166	2017-02-18 04:45:01	2017-02-20 22:03:43.133964
106	\N	106	222	\N	87	2017-02-18 04:45:01	2017-02-20 22:03:43.2691
19	\N	19	12	\N	14	2017-02-18 04:45:01	2017-02-20 22:17:39.233
59	\N	59	67	\N	372	2017-02-18 04:45:01	2017-02-20 22:20:33.503062
69	\N	69	74	\N	49	2017-02-18 04:45:01	2017-02-20 22:21:54.343082
99	\N	99	91	\N	121	2017-02-18 04:45:01	2017-02-20 22:23:44.756032
102	\N	102	104	\N	237	2017-02-18 04:45:01	2017-02-20 22:25:05.651095
29	\N	29	56	\N	26	2017-02-18 04:45:01	2017-02-20 22:26:24.860828
27	\N	27	21	\N	2	2017-02-18 04:45:01	2017-02-20 22:36:42.171554
82	\N	82	87	\N	99	2017-02-18 04:45:01	2017-02-20 22:40:47.168853
136	\N	136	70	\N	383	2017-02-18 04:45:01	2017-02-20 22:44:13.534871
109	\N	109	138	\N	434	2017-02-18 04:45:01	2017-02-20 22:47:12.664979
117	\N	117	163	\N	256	2017-02-18 04:45:01	2017-02-20 22:48:42.428758
148	\N	148	\N	\N	191	2017-02-18 04:45:01	2017-02-18 04:45:01
167	\N	167	\N	\N	84	2017-02-18 04:45:01	2017-02-18 04:45:01
185	\N	185	\N	\N	392	2017-02-18 04:45:01	2017-02-18 04:45:01
197	\N	197	\N	\N	394	2017-02-18 04:45:01	2017-02-18 04:45:01
201	\N	201	\N	\N	204	2017-02-18 04:45:01	2017-02-18 04:45:01
210	\N	210	\N	\N	180	2017-02-18 04:45:01	2017-02-18 04:45:01
217	\N	217	\N	\N	143	2017-02-18 04:45:01	2017-02-18 04:45:01
227	\N	228	\N	\N	140	2017-02-18 04:45:01	2017-02-18 04:45:01
233	\N	234	\N	\N	214	2017-02-18 04:45:01	2017-02-18 04:45:01
235	\N	236	\N	\N	407	2017-02-18 04:45:01	2017-02-18 04:45:01
237	\N	238	\N	\N	448	2017-02-18 04:45:01	2017-02-18 04:45:01
239	\N	240	\N	\N	55	2017-02-18 04:45:01	2017-02-18 04:45:01
241	\N	242	\N	\N	19	2017-02-18 04:45:01	2017-02-18 04:45:01
248	\N	249	\N	\N	413	2017-02-18 04:45:01	2017-02-18 04:45:01
250	\N	251	\N	\N	98	2017-02-18 04:45:01	2017-02-18 04:45:01
255	\N	256	\N	\N	415	2017-02-18 04:45:01	2017-02-18 04:45:01
262	\N	263	\N	\N	184	2017-02-18 04:45:01	2017-02-18 04:45:01
264	\N	265	\N	\N	418	2017-02-18 04:45:01	2017-02-18 04:45:01
266	\N	267	\N	\N	419	2017-02-18 04:45:01	2017-02-18 04:45:01
267	\N	268	\N	\N	454	2017-02-18 04:45:01	2017-02-18 04:45:01
271	\N	272	\N	\N	78	2017-02-18 04:45:01	2017-02-18 04:45:01
272	\N	273	\N	\N	139	2017-02-18 04:45:01	2017-02-18 04:45:01
153	\N	153	88	\N	203	2017-02-18 04:45:01	2017-02-20 22:03:42.67273
161	\N	161	101	\N	45	2017-02-18 04:45:01	2017-02-20 22:03:42.731102
140	\N	140	120	\N	439	2017-02-18 04:45:01	2017-02-20 22:03:42.818843
182	\N	182	123	\N	106	2017-02-18 04:45:01	2017-02-20 22:03:42.830835
149	\N	149	124	\N	109	2017-02-18 04:45:01	2017-02-20 22:03:42.834659
138	\N	138	125	\N	384	2017-02-18 04:45:01	2017-02-20 22:03:42.83881
152	\N	152	126	\N	116	2017-02-18 04:45:01	2017-02-20 22:03:42.843614
188	\N	188	127	\N	442	2017-02-18 04:45:01	2017-02-20 22:03:42.848849
175	\N	175	128	\N	228	2017-02-18 04:45:01	2017-02-20 22:03:42.854676
173	\N	173	129	\N	72	2017-02-18 04:45:01	2017-02-20 22:03:42.858642
223	\N	223	196	\N	403	2017-02-18 04:45:01	2017-02-20 22:03:43.15627
232	\N	233	131	\N	406	2017-02-18 04:45:01	2017-02-20 22:03:42.868021
187	\N	187	135	\N	233	2017-02-18 04:45:01	2017-02-20 22:03:42.883383
158	\N	158	136	\N	60	2017-02-18 04:45:01	2017-02-20 22:03:42.887804
260	\N	261	138	\N	34	2017-02-18 04:45:01	2017-02-20 22:03:42.898499
179	\N	179	139	\N	441	2017-02-18 04:45:01	2017-02-20 22:03:42.903329
163	\N	163	145	\N	386	2017-02-18 04:45:01	2017-02-20 22:03:42.926204
254	\N	255	146	\N	452	2017-02-18 04:45:01	2017-02-20 22:03:42.930555
198	\N	198	147	\N	443	2017-02-18 04:45:01	2017-02-20 22:03:42.934391
151	\N	151	148	\N	152	2017-02-18 04:45:01	2017-02-20 22:03:42.939441
146	\N	146	149	\N	74	2017-02-18 04:45:01	2017-02-20 22:03:42.94478
162	\N	162	150	\N	181	2017-02-18 04:45:01	2017-02-20 22:03:42.950416
150	\N	150	151	\N	21	2017-02-18 04:45:01	2017-02-20 22:03:42.954948
166	\N	166	152	\N	388	2017-02-18 04:45:01	2017-02-20 22:03:42.958777
228	\N	229	153	\N	405	2017-02-18 04:45:01	2017-02-20 22:03:42.963458
137	\N	137	154	\N	129	2017-02-18 04:45:01	2017-02-20 22:03:42.96789
193	\N	193	155	\N	393	2017-02-18 04:45:01	2017-02-20 22:03:42.97161
156	\N	156	156	\N	91	2017-02-18 04:45:01	2017-02-20 22:03:42.975379
190	\N	190	157	\N	188	2017-02-18 04:45:01	2017-02-20 22:03:42.979321
218	\N	218	160	\N	446	2017-02-18 04:45:01	2017-02-20 22:03:42.993524
141	\N	141	164	\N	229	2017-02-18 04:45:01	2017-02-20 22:03:43.013679
189	\N	189	167	\N	225	2017-02-18 04:45:01	2017-02-20 22:03:43.029597
142	\N	142	168	\N	22	2017-02-18 04:45:01	2017-02-20 22:03:43.034196
231	\N	232	170	\N	189	2017-02-18 04:45:01	2017-02-20 22:03:43.043557
176	\N	176	172	\N	171	2017-02-18 04:45:01	2017-02-20 22:03:43.053959
159	\N	159	174	\N	259	2017-02-18 04:45:01	2017-02-20 22:03:43.064653
212	\N	212	175	\N	88	2017-02-18 04:45:01	2017-02-20 22:03:43.068519
157	\N	157	176	\N	31	2017-02-18 04:45:01	2017-02-20 22:03:43.072553
199	\N	199	177	\N	71	2017-02-18 04:45:01	2017-02-20 22:03:43.076772
256	\N	257	178	\N	242	2017-02-18 04:45:01	2017-02-20 22:03:43.081436
204	\N	204	179	\N	227	2017-02-18 04:45:01	2017-02-20 22:03:43.085328
168	\N	168	180	\N	249	2017-02-18 04:45:01	2017-02-20 22:03:43.089105
221	\N	221	182	\N	402	2017-02-18 04:45:01	2017-02-20 22:03:43.095895
220	\N	220	183	\N	401	2017-02-18 04:45:01	2017-02-20 22:03:43.101344
155	\N	155	186	\N	117	2017-02-18 04:45:01	2017-02-20 22:03:43.116625
243	\N	244	187	\N	450	2017-02-18 04:45:01	2017-02-20 22:03:43.120454
169	\N	169	188	\N	389	2017-02-18 04:45:01	2017-02-20 22:03:43.124342
251	\N	252	190	\N	451	2017-02-18 04:45:01	2017-02-20 22:03:43.130166
269	\N	270	193	\N	420	2017-02-18 04:45:01	2017-02-20 22:03:43.142352
143	\N	143	194	\N	48	2017-02-18 04:45:01	2017-02-20 22:03:43.147667
225	\N	226	197	\N	216	2017-02-18 04:45:01	2017-02-20 22:03:43.16041
230	\N	231	198	\N	15	2017-02-18 04:45:01	2017-02-20 22:03:43.165527
222	\N	222	199	\N	447	2017-02-18 04:45:01	2017-02-20 22:03:43.169511
226	\N	227	200	\N	404	2017-02-18 04:45:01	2017-02-20 22:03:43.173284
147	\N	147	201	\N	90	2017-02-18 04:45:01	2017-02-20 22:03:43.177183
246	\N	247	202	\N	412	2017-02-18 04:45:01	2017-02-20 22:03:43.181075
192	\N	192	203	\N	83	2017-02-18 04:45:01	2017-02-20 22:03:43.184873
164	\N	164	204	\N	387	2017-02-18 04:45:01	2017-02-20 22:03:43.188771
214	\N	214	206	\N	445	2017-02-18 04:45:01	2017-02-20 22:03:43.200313
265	\N	266	207	\N	453	2017-02-18 04:45:01	2017-02-20 22:03:43.205722
238	\N	239	209	\N	449	2017-02-18 04:45:01	2017-02-20 22:03:43.215384
249	\N	250	210	\N	182	2017-02-18 04:45:01	2017-02-20 22:03:43.219255
200	\N	200	230	\N	395	2017-02-18 04:45:01	2017-02-20 22:03:43.30038
253	\N	254	214	\N	114	2017-02-18 04:45:01	2017-02-20 22:03:43.235662
171	\N	171	216	\N	207	2017-02-18 04:45:01	2017-02-20 22:03:43.246879
203	\N	203	218	\N	397	2017-02-18 04:45:01	2017-02-20 22:03:43.255587
186	\N	186	220	\N	308	2017-02-18 04:45:01	2017-02-20 22:03:43.26179
170	\N	170	224	\N	136	2017-02-18 04:45:01	2017-02-20 22:03:43.274823
208	\N	208	225	\N	400	2017-02-18 04:45:01	2017-02-20 22:03:43.279204
154	\N	154	226	\N	385	2017-02-18 04:45:01	2017-02-20 22:03:43.283087
244	\N	245	229	\N	410	2017-02-18 04:45:01	2017-02-20 22:03:43.296052
224	\N	225	232	\N	141	2017-02-18 04:45:01	2017-02-20 22:03:43.307369
211	\N	211	238	\N	135	2017-02-18 04:45:01	2017-02-20 22:03:43.330209
234	\N	235	239	\N	265	2017-02-18 04:45:01	2017-02-20 22:03:43.334561
270	\N	271	240	\N	295	2017-02-18 04:45:01	2017-02-20 22:03:43.342904
247	\N	248	241	\N	255	2017-02-18 04:45:01	2017-02-20 22:03:43.349051
245	\N	246	243	\N	411	2017-02-18 04:45:01	2017-02-20 22:03:43.355427
213	\N	213	249	\N	468	2017-02-18 04:45:01	2017-02-20 22:03:43.374591
205	\N	205	251	\N	398	2017-02-18 04:45:01	2017-02-20 22:03:43.383217
207	\N	207	181	\N	399	2017-02-18 04:45:01	2017-02-21 12:53:47.424489
257	\N	258	274	\N	416	2017-02-18 04:45:01	2017-02-20 22:03:43.469412
261	\N	262	255	\N	309	2017-02-18 04:45:01	2017-02-20 22:03:43.401223
268	\N	269	256	\N	455	2017-02-18 04:45:01	2017-02-20 22:03:43.405087
229	\N	230	257	\N	192	2017-02-18 04:45:01	2017-02-20 22:03:43.408888
160	\N	160	258	\N	177	2017-02-18 04:45:01	2017-02-20 22:03:43.414271
219	\N	219	259	\N	61	2017-02-18 04:45:01	2017-02-20 22:03:43.418097
240	\N	241	261	\N	292	2017-02-18 04:45:01	2017-02-20 22:03:43.425742
191	\N	191	265	\N	40	2017-02-18 04:45:01	2017-02-20 22:03:43.43843
181	\N	181	273	\N	76	2017-02-18 04:45:01	2017-02-20 22:03:43.46543
196	\N	196	276	\N	95	2017-02-18 04:45:01	2017-02-20 22:03:43.475272
216	\N	216	280	\N	41	2017-02-18 04:45:01	2017-02-20 22:03:43.491977
252	\N	253	284	\N	414	2017-02-18 04:45:01	2017-02-20 22:03:43.505601
263	\N	264	285	\N	236	2017-02-18 04:45:01	2017-02-20 22:03:43.509441
202	\N	202	288	\N	396	2017-02-18 04:45:01	2017-02-20 22:03:43.518818
180	\N	180	290	\N	92	2017-02-18 04:45:01	2017-02-20 22:03:43.524767
236	\N	237	293	\N	408	2017-02-18 04:45:01	2017-02-20 22:03:43.536642
209	\N	209	296	\N	118	2017-02-18 04:45:01	2017-02-20 22:03:43.549363
242	\N	243	298	\N	409	2017-02-18 04:45:01	2017-02-20 22:03:43.556942
178	\N	178	228	\N	30	2017-02-18 04:45:01	2017-02-20 22:28:57.572454
145	\N	145	130	\N	258	2017-02-18 04:45:01	2017-02-20 22:34:28.498881
165	\N	165	184	\N	440	2017-02-18 04:45:01	2017-02-20 23:02:53.367714
194	\N	194	242	\N	268	2017-02-18 04:45:01	2017-02-20 23:04:39.79749
206	\N	206	229	\N	444	2017-02-18 04:45:01	2017-02-20 23:05:17.019701
215	\N	215	165	\N	226	2017-02-18 04:45:01	2017-02-20 23:06:01.257879
177	\N	177	252	\N	391	2017-02-18 04:45:01	2017-02-21 12:54:06.064556
273	\N	274	\N	\N	456	2017-02-18 04:45:01	2017-02-18 04:45:01
274	\N	275	\N	\N	421	2017-02-18 04:45:01	2017-02-18 04:45:01
275	\N	276	\N	\N	422	2017-02-18 04:45:01	2017-02-18 04:45:01
277	\N	278	\N	\N	424	2017-02-18 04:45:01	2017-02-18 04:45:01
280	\N	281	\N	\N	235	2017-02-18 04:45:01	2017-02-18 04:45:01
282	\N	283	\N	\N	175	2017-02-18 04:45:01	2017-02-18 04:45:01
283	\N	284	\N	\N	425	2017-02-18 04:45:01	2017-02-18 04:45:01
286	\N	287	\N	\N	426	2017-02-18 04:45:01	2017-02-18 04:45:01
287	\N	288	\N	\N	458	2017-02-18 04:45:01	2017-02-18 04:45:01
288	\N	289	\N	\N	427	2017-02-18 04:45:01	2017-02-18 04:45:01
293	\N	294	\N	\N	461	2017-02-18 04:45:01	2017-02-18 04:45:01
295	\N	296	\N	\N	209	2017-02-18 04:45:01	2017-02-18 04:45:01
296	\N	297	\N	\N	428	2017-02-18 04:45:01	2017-02-18 04:45:01
297	\N	298	\N	\N	280	2017-02-18 04:45:01	2017-02-18 04:45:01
302	\N	\N	141	\N	119	2017-02-20 22:02:40.054262	2017-02-20 22:02:40.054262
304	\N	\N	189	\N	514	2017-02-20 22:02:40.111606	2017-02-20 22:02:40.111606
305	\N	\N	195	\N	537	2017-02-20 22:02:40.124416	2017-02-20 22:02:40.124416
306	\N	\N	217	\N	589	2017-02-20 22:02:40.150001	2017-02-20 22:02:40.150001
307	\N	\N	219	\N	195	2017-02-20 22:02:40.155238	2017-02-20 22:02:40.155238
308	\N	\N	221	\N	531	2017-02-20 22:02:40.161222	2017-02-20 22:02:40.161222
309	\N	\N	223	\N	508	2017-02-20 22:02:40.168402	2017-02-20 22:02:40.168402
310	\N	\N	231	\N	482	2017-02-20 22:02:40.179985	2017-02-20 22:02:40.179985
311	\N	\N	234	\N	504	2017-02-20 22:02:40.187737	2017-02-20 22:02:40.187737
312	\N	\N	242	\N	105	2017-02-20 22:02:40.198164	2017-02-20 22:02:40.198164
313	\N	\N	245	\N	263	2017-02-20 22:02:40.204607	2017-02-20 22:02:40.204607
314	\N	\N	247	\N	644	2017-02-20 22:02:40.21084	2017-02-20 22:02:40.21084
315	\N	\N	248	\N	635	2017-02-20 22:02:40.215818	2017-02-20 22:02:40.215818
316	\N	\N	254	\N	264	2017-02-20 22:02:40.225792	2017-02-20 22:02:40.225792
317	\N	\N	262	\N	642	2017-02-20 22:02:40.240521	2017-02-20 22:02:40.240521
318	\N	\N	263	\N	185	2017-02-20 22:02:40.244922	2017-02-20 22:02:40.244922
319	\N	\N	264	\N	522	2017-02-20 22:02:40.250487	2017-02-20 22:02:40.250487
320	\N	\N	266	\N	643	2017-02-20 22:02:40.255751	2017-02-20 22:02:40.255751
321	\N	\N	269	\N	467	2017-02-20 22:02:40.261839	2017-02-20 22:02:40.261839
322	\N	\N	270	\N	552	2017-02-20 22:02:40.266002	2017-02-20 22:02:40.266002
323	\N	\N	271	\N	554	2017-02-20 22:02:40.270084	2017-02-20 22:02:40.270084
324	\N	\N	272	\N	546	2017-02-20 22:02:40.274626	2017-02-20 22:02:40.274626
325	\N	\N	275	\N	123	2017-02-20 22:02:40.283407	2017-02-20 22:02:40.283407
326	\N	\N	279	\N	533	2017-02-20 22:02:40.29157	2017-02-20 22:02:40.29157
327	\N	\N	281	\N	489	2017-02-20 22:02:40.298294	2017-02-20 22:02:40.298294
328	\N	\N	282	\N	512	2017-02-20 22:02:40.302977	2017-02-20 22:02:40.302977
329	\N	\N	286	\N	247	2017-02-20 22:02:40.309892	2017-02-20 22:02:40.309892
330	\N	\N	287	\N	535	2017-02-20 22:02:40.314155	2017-02-20 22:02:40.314155
331	\N	\N	289	\N	475	2017-02-20 22:02:40.319283	2017-02-20 22:02:40.319283
332	\N	\N	292	\N	211	2017-02-20 22:02:40.328042	2017-02-20 22:02:40.328042
333	\N	\N	295	\N	517	2017-02-20 22:02:40.336432	2017-02-20 22:02:40.336432
334	\N	\N	299	\N	524	2017-02-20 22:02:40.343442	2017-02-20 22:02:40.343442
335	\N	\N	300	\N	466	2017-02-20 22:02:40.349328	2017-02-20 22:02:40.349328
1	\N	1	1	\N	10	2017-02-18 04:45:01	2017-02-20 22:03:42.252885
6	\N	6	4	\N	32	2017-02-18 04:45:01	2017-02-20 22:03:42.302215
31	\N	31	19	\N	94	2017-02-18 04:45:01	2017-02-20 22:03:42.37103
41	\N	41	34	\N	148	2017-02-18 04:45:01	2017-02-20 22:03:42.435191
42	\N	42	50	\N	104	2017-02-18 04:45:01	2017-02-20 22:03:42.505738
50	\N	50	65	\N	52	2017-02-18 04:45:01	2017-02-20 22:03:42.568515
33	\N	33	81	\N	28	2017-02-18 04:45:01	2017-02-20 22:03:42.641601
172	\N	172	86	\N	390	2017-02-18 04:45:01	2017-02-20 22:03:42.662398
70	\N	70	102	\N	374	2017-02-18 04:45:01	2017-02-20 22:03:42.735665
195	\N	195	117	\N	162	2017-02-18 04:45:01	2017-02-20 22:03:42.804634
122	\N	122	132	\N	168	2017-02-18 04:45:01	2017-02-20 22:03:42.871673
144	\N	144	162	\N	132	2017-02-18 04:45:01	2017-02-20 22:03:43.002909
183	\N	183	192	\N	205	2017-02-18 04:45:01	2017-02-20 22:03:43.138232
258	\N	259	205	\N	176	2017-02-18 04:45:01	2017-02-20 22:03:43.194081
174	\N	174	208	\N	120	2017-02-18 04:45:01	2017-02-20 22:03:43.210221
289	\N	290	211	\N	459	2017-02-18 04:45:01	2017-02-20 22:03:43.223102
281	\N	282	213	\N	16	2017-02-18 04:45:01	2017-02-20 22:03:43.231163
278	\N	279	215	\N	457	2017-02-18 04:45:01	2017-02-20 22:03:43.240201
259	\N	260	233	\N	417	2017-02-18 04:45:01	2017-02-20 22:03:43.311403
291	\N	292	235	\N	460	2017-02-18 04:45:01	2017-02-20 22:03:43.318636
284	\N	285	237	\N	306	2017-02-18 04:45:01	2017-02-20 22:03:43.326342
299	\N	300	244	\N	429	2017-02-18 04:45:01	2017-02-20 22:03:43.359312
279	\N	280	246	\N	131	2017-02-18 04:45:01	2017-02-20 22:03:43.366667
300	\N	224	250	\N	641	2017-02-20 21:19:51.844359	2017-02-20 22:03:43.379275
184	\N	184	260	\N	65	2017-02-18 04:45:01	2017-02-20 22:03:43.421914
290	\N	291	268	\N	541	2017-02-18 04:45:01	2017-02-20 22:03:43.451992
294	\N	295	277	\N	240	2017-02-18 04:45:01	2017-02-20 22:03:43.479234
292	\N	293	278	\N	127	2017-02-18 04:45:01	2017-02-20 22:03:43.483789
298	\N	299	283	\N	124	2017-02-18 04:45:01	2017-02-20 22:03:43.501686
303	\N	\N	291	\N	230	2017-02-20 22:02:40.100194	2017-02-20 22:03:43.52909
276	\N	277	294	\N	423	2017-02-18 04:45:01	2017-02-20 22:03:43.542196
301	\N	\N	297	\N	145	2017-02-20 22:02:39.967613	2017-02-20 22:03:43.553164
14	\N	14	14	\N	9	2017-02-18 04:45:01	2017-02-20 22:28:16.751384
285	\N	286	227	\N	56	2017-02-18 04:45:01	2017-02-20 22:29:25.060865
139	\N	139	161	\N	42	2017-02-18 04:45:01	2017-02-20 22:38:44.125707
\.


--
-- Name: player_rankings_id_seq; Type: SEQUENCE SET; Schema: public; Owner: -
--

SELECT pg_catalog.setval('player_rankings_id_seq', 335, true);


--
-- Data for Name: players; Type: TABLE DATA; Schema: public; Owner: -
--

COPY players (id, first_name, last_name, birthday, created_at, updated_at, avail, batter, owner_id, starter) FROM stdin;
11	David	Ortiz	1975-11-18	2017-02-11 10:37:20	2017-02-26 16:57:53.534301	f	t	\N	f
3	Jose	Altuve	1990-05-06	2017-02-07 09:39:00	2017-02-27 18:22:45.837795	f	t	5	t
2	Daniel	Murphy	1985-04-01	2017-02-07 09:39:00	2017-02-28 17:34:07.811625	f	t	8	t
36	Jose	Abreu	1987-01-29	2017-02-11 10:37:20	2017-02-26 16:57:54.386706	f	t	9	f
94	Edwin	Encarnacion	1983-01-07	2017-02-11 10:37:20	2017-02-26 16:57:54.390443	f	t	10	f
16	Wilson	Ramos	1987-08-10	2017-02-11 10:37:20	2017-02-28 22:06:10.222327	t	t	5	f
31	Carlos	Beltran	1977-04-24	2017-02-11 10:37:20	2017-02-26 16:57:54.398131	f	t	12	f
25	Adrian	Beltre	1979-04-07	2017-02-11 10:37:20	2017-02-26 17:50:27.482337	f	t	8	t
100	Wil	Myers	1990-12-10	2017-02-11 10:37:20	2017-02-26 16:57:54.409183	f	t	11	f
75	Matt	Carpenter	1985-11-26	2017-02-11 10:37:20	2017-02-26 16:57:54.413066	f	t	13	f
91	Kendrys	Morales	1983-06-20	2017-02-11 10:37:20	2017-02-26 16:57:54.417756	f	t	13	f
18	Ryan	Braun	1983-11-17	2017-02-11 10:37:20	2017-02-26 16:57:54.422666	f	t	7	f
60	Dexter	Fowler	1986-03-22	2017-02-11 10:37:20	2017-02-28 20:40:09.160413	f	t	6	t
63	Justin	Turner	1984-11-23	2017-02-11 10:37:20	2017-02-26 17:53:39.960506	f	t	5	t
68	Evan	Longoria	1985-10-07	2017-02-11 10:37:20	2017-02-26 16:57:54.434127	f	t	10	f
49	Hanley	Ramirez	1983-12-23	2017-02-11 10:37:20	2017-02-26 16:57:54.437385	f	t	7	f
19	Martin	Prado	1983-10-27	2017-02-11 10:37:20	2017-02-26 16:57:54.440979	t	t	\N	f
33	Xander	Bogaerts	1992-10-01	2017-02-11 10:37:20	2017-02-26 16:57:54.450581	f	t	12	f
30	Melky	Cabrera	1984-08-11	2017-02-11 10:37:20	2017-02-26 16:57:54.454606	f	t	13	f
62	Jason	Kipnis	1987-04-03	2017-02-11 10:37:20	2017-02-26 16:57:54.45938	f	t	14	f
57	Yoenis	Cespedes	1985-10-18	2017-02-11 10:37:20	2017-02-26 16:57:54.464526	f	t	8	f
43	Ian	Kinsler	1982-06-22	2017-02-11 10:37:20	2017-02-26 16:57:54.480687	f	t	9	f
50	Jonathan	Villar	1991-05-02	2017-02-11 10:37:20	2017-02-26 16:57:54.484184	f	t	7	f
53	Adam	Eaton	1988-12-06	2017-02-11 10:37:20	2017-02-26 16:57:54.48741	f	t	14	f
32	Nolan	Arenado	1991-04-16	2017-02-11 10:37:20	2017-02-28 20:40:44.823642	f	t	6	t
88	Nomar	Mazara	1995-04-26	2017-02-11 10:37:20	2017-02-26 16:57:54.494047	f	t	13	f
66	Carlos	Correa	1994-09-22	2017-02-11 10:37:20	2017-02-28 20:40:14.768132	f	t	6	t
81	Matt	Kemp	1984-09-23	2017-02-11 10:37:20	2017-02-26 16:57:54.504108	f	t	12	f
34	Cesar	Hernandez	1990-05-23	2017-02-11 10:37:20	2017-02-26 16:57:54.507359	t	t	\N	f
28	Christian	Yelich	1991-12-05	2017-02-11 10:37:20	2017-02-26 16:57:54.510897	f	t	14	f
6	Jean	Segura	1990-03-17	2017-02-07 09:39:00	2017-02-26 16:57:54.515459	f	t	9	f
87	Marcell	Ozuna	1990-11-12	2017-02-11 10:37:20	2017-02-26 16:57:54.520079	f	t	11	f
37	Kris	Bryant	1992-01-04	2017-02-11 10:37:20	2017-02-26 16:57:54.524624	f	t	11	f
24	Francisco	Lindor	1993-11-14	2017-02-11 10:37:20	2017-02-26 16:57:54.528845	f	t	8	f
40	Ender	Inciarte	1990-10-29	2017-02-11 10:37:20	2017-02-26 16:57:54.53217	t	t	\N	f
47	Danny	Valencia	1984-09-19	2017-02-11 10:37:20	2017-02-26 16:57:54.538654	f	t	14	f
54	Josh	Donaldson	1985-12-08	2017-02-11 10:37:20	2017-02-28 19:58:52.521445	f	t	7	t
80	Albert	Pujols	1980-01-16	2017-02-11 10:37:20	2017-02-26 16:57:54.541868	f	t	9	f
51	Adrian	Gonzalez	1982-05-08	2017-02-11 10:37:20	2017-02-26 16:57:54.545139	f	t	7	f
14	Corey	Seager	1994-04-27	2017-02-11 10:37:20	2017-02-28 19:59:02.058519	f	t	7	t
77	Anthony	Rendon	1990-06-06	2017-02-11 10:37:20	2017-02-26 16:57:54.551781	f	t	10	f
8	Dustin	Pedroia	1983-08-17	2017-02-07 09:39:00	2017-02-26 16:57:54.555401	f	t	12	f
23	Freddie	Freeman	1989-09-12	2017-02-11 10:37:20	2017-02-26 16:57:54.558917	f	t	14	f
99	Carlos	Santana	1986-04-08	2017-02-11 10:37:20	2017-02-26 16:57:54.563989	f	t	7	f
44	Buster	Posey	1987-03-27	2017-02-11 10:37:20	2017-02-26 16:57:54.56845	f	t	7	f
35	Manny	Machado	1992-07-06	2017-02-11 10:37:20	2017-02-26 16:57:54.572798	f	t	14	f
21	J.T.	Realmuto	1991-03-18	2017-02-11 10:37:20	2017-02-26 16:57:54.580855	f	t	14	f
27	Robinson	Cano	1982-10-22	2017-02-11 10:37:20	2017-02-28 19:59:04.218784	f	t	7	t
55	Josh	Harrison	1987-07-08	2017-02-11 10:37:20	2017-02-26 16:57:54.587722	t	t	\N	f
79	Brian	Dozier	1987-05-15	2017-02-11 10:37:20	2017-02-26 16:57:54.591051	f	t	10	f
38	Jonathan	Lucroy	1986-06-13	2017-02-11 10:37:20	2017-02-26 16:57:54.594892	f	t	8	f
52	Ian	Desmond	1985-09-20	2017-02-11 10:37:20	2017-02-28 20:40:50.779765	f	t	6	t
9	Miguel	Cabrera	1983-04-08	2017-02-07 09:39:00	2017-02-26 17:32:02.635611	f	t	8	t
1	DJ	LeMahieu	1988-07-13	2017-02-07 09:39:00	2017-02-26 16:57:54.60479	f	t	13	f
61	Didi	Gregorius	1990-02-18	2017-02-11 10:37:20	2017-02-26 16:57:54.610702	t	t	\N	f
72	Ben	Zobrist	1981-05-26	2017-02-11 10:37:20	2017-02-28 20:40:56.28454	f	t	6	t
64	Brandon	Belt	1988-04-20	2017-02-11 10:37:20	2017-02-26 16:57:54.624197	t	t	\N	f
29	Paul	Goldschmidt	1987-09-10	2017-02-11 10:37:20	2017-02-28 20:40:46.911583	f	t	6	t
73	Rougned	Odor	1994-02-03	2017-02-11 10:37:20	2017-02-28 20:40:51.931098	f	t	6	t
67	Cheslor	Cuthbert	1992-11-16	2017-02-11 10:37:20	2017-02-26 16:57:54.635583	t	t	\N	f
74	Kole	Calhoun	1987-10-14	2017-02-11 10:37:20	2017-02-26 16:57:54.638994	f	t	10	f
70	Adonis	Garcia	1985-04-12	2017-02-11 10:37:20	2017-02-26 16:57:54.645682	t	t	\N	f
13	Starling	Marte	1988-10-09	2017-02-11 10:37:20	2017-02-28 19:59:03.104539	f	t	7	t
101	Gregory	Polanco	1991-09-14	2017-02-11 10:37:20	2017-02-28 20:40:02.964355	f	t	6	t
83	Jonathan	Schoop	1991-10-16	2017-02-11 10:37:20	2017-02-26 16:57:54.66376	f	t	10	f
22	Elvis	Andrus	1988-08-26	2017-02-11 10:37:20	2017-02-26 16:57:54.673058	f	t	13	f
15	Yadier	Molina	1982-07-13	2017-02-11 10:37:20	2017-02-26 16:57:54.677644	f	t	13	f
92	Jacoby	Ellsbury	1983-09-11	2017-02-11 10:37:20	2017-02-26 16:57:54.682459	f	t	10	f
78	Nick	Markakis	1983-11-17	2017-02-11 10:37:20	2017-02-26 16:57:54.685933	t	t	\N	f
17	J.D.	Martinez	1987-08-21	2017-02-11 10:37:20	2017-02-26 16:57:54.689299	f	t	10	f
71	Yasmany	Tomas	1990-11-14	2017-02-11 10:37:20	2017-02-26 16:57:54.694023	f	t	9	f
59	Angel	Pagan	1981-07-02	2017-02-11 10:37:20	2017-02-26 16:57:54.697954	f	t	12	f
26	Carlos	Gonzalez	1985-10-17	2017-02-11 10:37:20	2017-02-26 16:57:54.706993	f	t	9	f
84	Kevin	Pillar	1989-01-04	2017-02-11 10:37:20	2017-02-26 16:57:54.71201	t	t	\N	f
86	Denard	Span	1984-02-27	2017-02-11 10:37:20	2017-02-26 16:57:54.716409	t	t	\N	f
56	Asdrubal	Cabrera	1985-11-13	2017-02-11 10:37:20	2017-02-28 22:05:21.295935	t	t	5	f
58	Kyle	Seager	1987-11-03	2017-02-11 10:37:20	2017-02-26 17:53:37.478899	f	t	5	t
89	Adam	Jones	1985-08-01	2017-02-11 10:37:20	2017-02-26 17:53:46.931088	f	t	5	t
76	Starlin	Castro	1990-03-24	2017-02-11 10:37:20	2017-02-26 16:57:54.734975	f	t	13	f
93	Scooter	Gennett	1990-05-01	2017-02-11 10:37:20	2017-02-26 16:57:54.741798	t	t	\N	f
46	Nelson	Cruz	1980-07-01	2017-02-11 10:37:20	2017-02-26 16:57:54.745832	f	t	10	f
95	Brett	Gardner	1983-08-24	2017-02-11 10:37:20	2017-02-26 16:57:54.749505	t	t	\N	f
96	Joe	Mauer	1983-04-19	2017-02-11 10:37:20	2017-02-26 16:57:54.754197	t	t	\N	f
65	Brandon	Crawford	1987-01-21	2017-02-11 10:37:20	2017-02-26 16:57:54.758993	f	t	11	f
98	Alcides	Escobar	1986-12-16	2017-02-11 10:37:20	2017-02-26 16:57:54.763377	t	t	\N	f
48	Odubel	Herrera	1991-12-29	2017-02-11 10:37:20	2017-02-26 16:57:54.766801	f	t	7	f
45	Eduardo	Nunez	1987-06-15	2017-02-11 10:37:20	2017-02-26 16:57:54.773538	f	t	9	f
102	Jordy	Mercer	1986-08-27	2017-02-11 10:37:20	2017-02-26 16:57:54.777974	t	t	\N	f
39	Anthony	Rizzo	1989-08-08	2017-02-11 10:37:20	2017-02-26 17:50:14.90023	f	t	8	t
154	Max	Scherzer	1984-07-27	2017-02-12 06:00:56	2017-02-28 20:39:48.912345	f	f	6	t
155	Aaron	Sanchez	1992-07-01	2017-02-12 06:00:56	2017-02-28 20:39:51.493428	f	f	6	t
159	Jake	Arrieta	1986-03-06	2017-02-12 06:00:56	2017-02-28 20:39:56.572755	f	f	6	t
125	Bryce	Harper	1992-10-16	2017-02-11 10:37:20	2017-02-28 20:40:48.533015	f	t	6	t
205	Jon	Gray	1991-11-05	2017-02-12 06:00:56	2017-02-26 16:57:54.781334	f	f	11	f
162	J.A.	Happ	1982-10-19	2017-02-12 06:00:56	2017-02-26 16:57:54.788376	f	f	12	f
180	Chris	Tillman	1988-04-15	2017-02-12 06:00:56	2017-02-26 16:57:54.791694	f	f	13	f
191	Hisashi	Iwakuma	1981-04-12	2017-02-12 06:00:56	2017-02-28 22:15:16.346634	t	f	\N	f
182	Jason	Hammel	1982-09-02	2017-02-12 06:00:56	2017-02-26 16:57:54.798937	f	f	10	f
176	Ian	Kennedy	1984-12-19	2017-02-12 06:00:56	2017-02-26 16:57:54.803566	f	f	12	f
175	Jerad	Eickhoff	1990-07-02	2017-02-12 06:00:56	2017-02-26 16:57:54.808315	f	f	11	f
195	Collin	McHugh	1987-06-19	2017-02-12 06:00:56	2017-02-26 16:57:54.812725	f	f	10	f
194	Tom	Koehler	1986-06-29	2017-02-12 06:00:56	2017-02-28 20:42:07.129769	f	f	6	t
170	Bartolo	Colon	1973-05-24	2017-02-12 06:00:56	2017-02-26 16:57:54.81935	f	f	10	f
198	Josh	Tomlin	1984-10-19	2017-02-12 06:00:56	2017-02-26 16:57:54.827547	f	f	10	f
114	Stephen	Vogt	1984-11-01	2017-02-11 10:37:20	2017-02-28 22:07:20.099592	t	t	5	f
10	Mike	Trout	1991-08-07	2017-02-07 09:39:00	2017-02-26 16:57:54.834809	f	t	9	f
142	Todd	Frazier	1986-02-12	2017-02-11 10:37:20	2017-02-26 16:57:54.838211	f	t	14	f
105	Jose	Iglesias	1990-01-05	2017-02-11 10:37:20	2017-02-26 16:57:54.841833	t	t	\N	f
147	Kyle	Hendricks	1989-12-07	2017-02-12 06:00:56	2017-02-28 20:42:04.782098	f	f	6	t
107	Howie	Kendrick	1983-07-12	2017-02-11 10:37:20	2017-02-26 16:57:54.855796	t	t	\N	f
193	Trevor	Bauer	1991-01-17	2017-02-12 06:00:56	2017-02-28 20:42:06.156513	f	f	6	t
109	Troy	Tulowitzki	1984-10-10	2017-02-11 10:37:20	2017-02-28 22:13:28.562885	t	t	\N	f
110	Yonder	Alonso	1987-04-08	2017-02-11 10:37:20	2017-02-26 16:57:54.863841	t	t	\N	f
113	Chase	Utley	1978-12-17	2017-02-11 10:37:20	2017-02-26 16:57:54.870758	t	t	\N	f
118	Eugenio	Suarez	1991-07-18	2017-02-11 10:37:20	2017-02-26 16:57:54.874389	f	t	10	f
115	Chase	Headley	1984-05-09	2017-02-11 10:37:20	2017-02-26 16:57:54.878274	t	t	\N	f
163	Jose	Quintana	1989-01-24	2017-02-12 06:00:56	2017-02-26 17:55:34.799223	f	f	5	t
143	Chris	Carter	1986-12-18	2017-02-11 10:37:20	2017-02-26 16:57:54.885652	f	t	12	f
138	Jose	Bautista	1980-10-19	2017-02-11 10:37:20	2017-02-26 16:57:54.889291	f	t	9	f
167	Chris	Sale	1989-03-30	2017-02-12 06:00:56	2017-02-28 21:02:41.603382	f	f	5	t
119	Leonys	Martin	1988-03-06	2017-02-11 10:37:20	2017-02-26 16:57:54.900133	t	t	\N	f
141	Jason	Heyward	1989-08-09	2017-02-11 10:37:20	2017-02-28 22:12:39.745337	t	t	\N	f
122	Justin	Upton	1987-08-25	2017-02-11 10:37:20	2017-02-28 22:14:10.555397	t	t	\N	f
123	Corey	Dickerson	1989-05-22	2017-02-11 10:37:20	2017-02-26 16:57:54.944671	t	t	\N	f
189	Matt	Moore	1989-06-18	2017-02-12 06:00:56	2017-02-28 22:14:45.551654	t	f	\N	f
120	Salvador	Perez	1990-05-10	2017-02-11 10:37:20	2017-02-26 16:57:55.024468	f	t	13	f
164	Julio	Teheran	1991-01-27	2017-02-12 06:00:56	2017-02-28 22:16:20.360191	t	f	\N	f
158	Masahiro	Tanaka	1988-11-01	2017-02-12 06:00:56	2017-02-28 22:17:04.115768	t	f	\N	f
126	Brad	Miller	1989-10-18	2017-02-11 10:37:20	2017-02-26 16:57:55.089023	t	t	\N	f
128	Freddy	Galvis	1989-11-14	2017-02-11 10:37:20	2017-02-26 16:57:55.117357	t	t	\N	f
132	Mike	Napoli	1981-10-31	2017-02-11 10:37:20	2017-02-26 16:57:55.122519	f	t	7	f
130	Alexei	Ramirez	1981-09-22	2017-02-11 10:37:20	2017-02-26 16:57:55.12974	t	t	\N	f
131	Joe	Panik	1990-10-30	2017-02-11 10:37:20	2017-02-26 16:57:55.134731	t	t	\N	f
134	Melvin	Upton	1984-08-21	2017-02-11 10:37:20	2017-02-26 16:57:55.143346	t	t	\N	f
127	Travis	Shaw	1990-04-16	2017-02-11 10:37:20	2017-02-26 16:57:55.147566	f	t	12	f
136	Curtis	Granderson	1981-03-16	2017-02-11 10:37:20	2017-02-26 16:57:55.152651	t	t	\N	f
137	Adeiny	Hechavarria	1989-04-15	2017-02-11 10:37:20	2017-02-26 16:57:55.15809	t	t	\N	f
104	Andrew	McCutchen	1986-10-10	2017-02-11 10:37:20	2017-02-26 16:57:55.162766	f	t	7	f
139	Mitch	Moreland	1985-09-06	2017-02-11 10:37:20	2017-02-26 16:57:55.166685	t	t	\N	f
116	Jay	Bruce	1987-04-03	2017-02-11 10:37:20	2017-02-26 16:57:55.171412	f	t	13	f
144	Chris	Davis	1986-03-17	2017-02-11 10:37:20	2017-02-26 16:57:55.176929	f	t	11	f
135	Marcus	Semien	1990-09-17	2017-02-11 10:37:20	2017-02-26 16:57:55.180977	f	t	14	f
145	Alex	Gordon	1984-02-10	2017-02-11 10:37:20	2017-02-26 16:57:55.211803	t	t	\N	f
146	Danny	Espinosa	1987-04-25	2017-02-11 10:37:20	2017-02-26 16:57:55.21734	t	t	\N	f
129	Adam	Duvall	1988-09-04	2017-02-11 10:37:20	2017-02-26 16:57:55.221416	f	t	9	f
151	Johnny	Cueto	1986-02-15	2017-02-12 06:00:56	2017-02-26 16:57:55.230192	f	f	10	f
186	David	Price	1985-08-26	2017-02-12 06:00:56	2017-02-26 17:55:37.872646	f	f	5	t
187	Chris	Archer	1988-09-26	2017-02-12 06:00:56	2017-02-26 16:57:55.238346	f	f	14	f
203	Dallas	Keuchel	1988-01-01	2017-02-12 06:00:56	2017-02-26 16:57:55.242817	f	f	7	f
150	Madison	Bumgarner	1989-08-01	2017-02-12 06:00:56	2017-02-26 16:57:55.254654	f	f	9	f
148	Jon	Lester	1984-01-07	2017-02-12 06:00:56	2017-02-26 16:57:55.268292	f	f	14	f
165	Cole	Hamels	1983-12-27	2017-02-12 06:00:56	2017-02-26 16:57:55.295546	f	f	13	f
174	Kevin	Gausman	1991-01-06	2017-02-12 06:00:56	2017-02-26 16:57:55.303847	f	f	11	f
168	John	Lackey	1978-10-23	2017-02-12 06:00:56	2017-02-26 16:57:55.363693	f	f	12	f
196	Marcus	Stroman	1991-05-01	2017-02-12 06:00:56	2017-02-26 16:57:55.307526	f	f	12	f
160	Corey	Kluber	1986-04-10	2017-02-12 06:00:56	2017-02-26 16:57:55.312918	f	f	8	f
179	Dan	Straily	1988-12-01	2017-02-12 06:00:56	2017-02-26 16:57:55.381438	t	f	\N	f
207	Adam	Wainwright	1981-08-30	2017-02-12 06:00:56	2017-02-26 16:57:55.38622	f	f	10	f
166	Drew	Pomeranz	1988-11-22	2017-02-12 06:00:56	2017-02-26 16:57:55.327428	f	f	7	f
184	Zach	Davies	1993-02-07	2017-02-12 06:00:56	2017-02-26 16:57:55.402404	t	f	\N	f
185	Brandon	Finnegan	1993-04-14	2017-02-12 06:00:56	2017-02-26 16:57:55.405746	t	f	\N	f
157	Justin	Verlander	1983-02-20	2017-02-12 06:00:56	2017-02-26 16:57:55.41021	f	f	12	f
161	Rick	Porcello	1988-12-27	2017-02-12 06:00:56	2017-02-26 16:57:55.367862	f	f	10	f
181	Jeff	Samardzija	1985-01-23	2017-02-12 06:00:56	2017-02-26 16:57:55.372221	f	f	10	f
183	CC	Sabathia	1980-07-21	2017-02-12 06:00:56	2017-02-26 16:57:55.399048	t	f	\N	f
156	Carlos	Martinez	1991-09-21	2017-02-12 06:00:56	2017-02-26 16:57:55.41365	f	f	14	f
152	Tanner	Roark	1986-10-05	2017-02-12 06:00:56	2017-02-26 16:57:55.416968	f	f	13	f
200	Yordano	Ventura	1991-06-03	2017-02-12 06:00:56	2017-02-26 16:57:55.436607	t	f	\N	f
192	Ivan	Nova	1987-01-12	2017-02-12 06:00:56	2017-02-26 16:57:55.420315	t	f	\N	f
201	R.A.	Dickey	1974-10-29	2017-02-12 06:00:56	2017-02-26 16:57:55.441958	t	f	\N	f
202	Mike	Fiers	1985-06-15	2017-02-12 06:00:56	2017-02-26 16:57:55.466302	t	f	\N	f
177	Jake	Odorizzi	1990-03-27	2017-02-12 06:00:56	2017-02-26 16:57:55.470417	f	f	14	f
204	Gio	Gonzalez	1985-09-19	2017-02-12 06:00:56	2017-02-26 16:57:55.474656	t	f	\N	f
206	Jimmy	Nelson	1989-06-05	2017-02-12 06:00:56	2017-02-26 16:57:55.47893	t	f	\N	f
197	Martin	Perez	1991-04-04	2017-02-12 06:00:56	2017-02-26 16:57:55.427483	t	f	\N	f
140	Russell	Martin	1983-02-15	2017-02-11 10:37:20	2017-02-26 16:57:55.483507	f	t	11	f
121	Khris	Davis	1987-12-21	2017-02-11 10:37:20	2017-02-26 17:53:50.072741	f	t	5	t
171	Marco	Estrada	1983-07-05	2017-02-12 06:00:56	2017-02-27 14:41:24.740734	t	f	\N	f
226	A.J.	Ramos	1986-09-20	2017-02-14 09:59:57	2017-02-28 19:59:14.117333	f	f	7	t
232	Roberto	Osuna	1995-02-07	2017-02-14 09:59:57	2017-02-28 20:42:01.350726	f	f	6	t
90	Logan	Forsythe	1987-01-14	2017-02-11 10:37:20	2017-02-28 20:40:53.109282	f	t	6	t
224	Kenley	Jansen	1987-09-30	2017-02-14 09:59:57	2017-02-28 20:39:44.664278	f	f	6	t
223	Mark	Melancon	1985-03-28	2017-02-14 09:59:57	2017-02-28 20:37:31.521609	f	f	5	t
258	Kelvin	Herrera	1989-12-31	2017-02-14 09:59:57	2017-02-28 20:42:03.469849	f	f	6	t
257	Will	Harris	1984-08-28	2017-02-14 09:59:57	2017-02-28 22:08:31.9298	t	f	5	t
210	Mike	Leake	1987-11-12	2017-02-12 06:00:56	2017-02-26 16:57:55.528296	t	f	\N	f
211	Francisco	Liriano	1983-10-26	2017-02-12 06:00:56	2017-02-26 16:57:55.533056	t	f	\N	f
212	Hector	Santiago	1987-12-16	2017-02-12 06:00:56	2017-02-26 16:57:55.537961	t	f	\N	f
213	Chad	Bettis	1989-04-26	2017-02-12 06:00:56	2017-02-26 16:57:55.542659	t	f	\N	f
235	Santiago	Casilla	1980-07-25	2017-02-14 09:59:57	2017-02-26 16:57:55.545957	f	f	13	f
229	David	Robertson	1985-04-09	2017-02-14 09:59:57	2017-02-26 16:57:55.54924	f	f	10	f
275	Sergio	Romo	1983-03-04	2017-02-14 09:59:57	2017-02-26 16:57:55.556174	f	f	9	f
97	George	Springer	1989-09-19	2017-02-11 10:37:20	2017-02-26 16:57:54.405504	f	t	11	f
220	James	Shields	1981-12-20	2017-02-12 06:00:56	2017-02-26 16:57:55.563789	t	f	\N	f
240	Fernando	Rodney	1977-03-18	2017-02-14 09:59:57	2017-02-26 16:57:55.567244	f	f	12	f
242	Jim	Johnson	1983-06-27	2017-02-14 09:59:57	2017-02-28 22:08:46.064886	t	f	5	t
228	Alex	Colome	1988-12-31	2017-02-14 09:59:57	2017-02-28 22:16:01.33138	t	f	\N	f
20	Yunel	Escobar	1982-11-02	2017-02-11 10:37:20	2017-02-26 16:57:54.446366	t	t	\N	f
7	Mookie	Betts	1992-10-07	2017-02-07 09:39:00	2017-02-26 16:57:54.49743	f	t	8	f
41	Brandon	Phillips	1981-06-28	2017-02-11 10:37:20	2017-02-26 16:57:54.535389	t	t	\N	f
42	Victor	Martinez	1978-12-23	2017-02-11 10:37:20	2017-02-26 16:57:54.616391	f	t	14	f
82	Jackie	Bradley	1990-04-19	2017-02-11 10:37:20	2017-02-26 16:57:54.65267	f	t	13	f
12	Jose	Ramirez	1992-09-17	2017-02-11 10:37:20	2017-02-26 16:57:54.702035	f	t	13	f
5	Charlie	Blackmon	1986-07-01	2017-02-07 09:39:00	2017-02-26 16:57:54.738416	f	t	9	f
188	Carlos	Rodon	1992-12-10	2017-02-12 06:00:56	2017-02-26 16:57:54.784786	f	f	7	f
225	Francisco	Rodriguez	1982-01-07	2017-02-14 09:59:57	2017-02-26 16:57:55.49248	f	f	10	f
268	Raisel	Iglesias	1990-01-04	2017-02-14 09:59:57	2017-02-26 16:57:55.495881	f	f	9	f
214	Michael	Pineda	1989-01-18	2017-02-12 06:00:56	2017-02-26 16:57:55.506068	f	f	7	f
245	Edwin	Diaz	1994-03-22	2017-02-14 09:59:57	2017-02-26 17:54:37.635367	f	f	5	t
236	Ryan	Madson	1980-08-28	2017-02-14 09:59:57	2017-02-26 16:57:55.51375	f	f	11	f
190	Kendall	Graveman	1990-12-21	2017-02-12 06:00:56	2017-02-26 16:57:55.517152	t	f	\N	f
208	Doug	Fister	1984-02-04	2017-02-12 06:00:56	2017-02-26 16:57:55.520682	t	f	\N	f
216	Robbie	Ray	1991-10-01	2017-02-12 06:00:56	2017-02-26 16:57:55.552729	t	f	\N	f
280	Nate	Jones	1986-01-28	2017-02-14 09:59:57	2017-02-26 16:57:55.570625	f	f	14	f
269	Mauricio	Cabrera	1993-09-22	2017-02-14 09:59:57	2017-02-26 16:57:55.57457	f	f	13	f
230	Jeanmar	Gomez	1988-02-10	2017-02-14 09:59:57	2017-02-26 16:57:55.579126	f	f	13	f
254	Tyler	Thornburg	1988-09-29	2017-02-14 09:59:57	2017-02-26 16:57:55.583885	f	f	14	f
246	Hector	Rondon	1988-02-26	2017-02-14 09:59:57	2017-02-26 16:57:55.595858	f	f	11	f
286	Darren	O'Day	1982-10-22	2017-02-14 09:59:57	2017-02-26 16:57:55.599532	f	f	11	f
241	Brad	Ziegler	1979-10-10	2017-02-14 09:59:57	2017-02-26 16:57:55.602876	f	f	10	f
238	Jeremy	Jeffress	1987-09-21	2017-02-14 09:59:57	2017-02-26 16:57:55.606226	t	f	\N	f
266	Koji	Uehara	1975-04-03	2017-02-14 09:59:57	2017-02-26 16:57:55.6095	f	f	10	f
217	Jered	Weaver	1982-10-04	2017-02-12 06:00:56	2017-02-26 16:57:55.616608	f	f	10	f
247	Brandon	Kintzler	1984-08-01	2017-02-14 09:59:57	2017-02-26 16:57:55.620328	t	f	\N	f
248	Tony	Cingrani	1989-07-05	2017-02-14 09:59:57	2017-02-26 16:57:55.62499	t	f	\N	f
239	Steve	Cishek	1986-06-18	2017-02-14 09:59:57	2017-02-26 16:57:55.629237	f	f	8	f
250	Luke	Gregerson	1984-05-14	2017-02-14 09:59:57	2017-02-26 16:57:55.633621	t	f	\N	f
218	Wade	Miley	1986-11-13	2017-02-12 06:00:56	2017-02-26 16:57:55.636882	f	f	9	f
252	Jake	McGee	1986-08-06	2017-02-14 09:59:57	2017-02-26 16:57:55.640454	t	f	\N	f
255	Brandon	Maurer	1990-07-03	2017-02-14 09:59:57	2017-02-26 16:57:55.648201	t	f	\N	f
260	Carlos	Estevez	1992-12-28	2017-02-14 09:59:57	2017-02-26 16:57:55.651558	t	f	\N	f
261	Shawn	Tolleson	1988-01-19	2017-02-14 09:59:57	2017-02-26 16:57:55.654819	t	f	\N	f
262	Arodys	Vizcaino	1990-11-13	2017-02-14 09:59:57	2017-02-26 16:57:55.658146	t	f	\N	f
263	Huston	Street	1983-08-02	2017-02-14 09:59:57	2017-02-26 16:57:55.661476	t	f	\N	f
264	Shawn	Kelley	1984-04-26	2017-02-14 09:59:57	2017-02-26 16:57:55.664936	t	f	\N	f
270	Joe	Smith	1984-03-22	2017-02-14 09:59:57	2017-02-26 16:57:55.681675	t	f	\N	f
271	Fernando	Salas	1985-05-30	2017-02-14 09:59:57	2017-02-26 16:57:55.68545	t	f	\N	f
272	Andrew	Bailey	1984-05-31	2017-02-14 09:59:57	2017-02-26 16:57:55.688904	t	f	\N	f
273	Daniel	Hudson	1987-03-09	2017-02-14 09:59:57	2017-02-26 16:57:55.693419	t	f	\N	f
276	Sean	Doolittle	1986-09-26	2017-02-14 09:59:57	2017-02-26 16:57:55.697934	t	f	\N	f
277	Jake	Diekman	1987-01-21	2017-02-14 09:59:57	2017-02-26 16:57:55.72675	t	f	\N	f
279	Jason	Grilli	1976-11-11	2017-02-14 09:59:57	2017-02-26 16:57:55.734201	t	f	\N	f
281	Ryan	Dull	1989-10-02	2017-02-14 09:59:57	2017-02-26 16:57:55.737708	t	f	\N	f
282	Kevin	Siegrist	1989-07-20	2017-02-14 09:59:57	2017-02-26 16:57:55.745646	t	f	\N	f
283	Hunter	Strickland	1988-09-24	2017-02-14 09:59:57	2017-02-26 16:57:55.749105	t	f	\N	f
284	Tyler	Clippard	1985-02-14	2017-02-14 09:59:57	2017-02-26 16:57:55.752393	t	f	\N	f
285	Nick	Vincent	1986-07-12	2017-02-14 09:59:57	2017-02-26 16:57:55.772871	t	f	\N	f
288	Cory	Gearrin	1986-04-14	2017-02-14 09:59:57	2017-02-26 16:57:55.781738	t	f	\N	f
289	Drew	Storen	1987-08-11	2017-02-14 09:59:57	2017-02-26 16:57:55.785072	t	f	\N	f
290	Brad	Brach	1986-04-12	2017-02-14 09:59:57	2017-02-26 16:57:55.788429	t	f	\N	f
291	Zach	Duke	1983-04-19	2017-02-14 09:59:57	2017-02-26 16:57:55.793106	t	f	\N	f
292	Hector	Neris	1989-06-14	2017-02-14 09:59:57	2017-02-26 16:57:55.796589	t	f	\N	f
111	Michael	Saunders	1986-11-19	2017-02-11 10:37:20	2017-02-26 16:57:55.825827	f	t	12	f
149	Noah	Syndergaard	1992-08-29	2017-02-12 06:00:56	2017-02-26 16:57:55.82923	f	f	8	f
85	Eric	Hosmer	1989-10-24	2017-02-11 10:37:20	2017-02-26 16:57:55.835818	f	t	13	f
133	Addison	Russell	1994-01-23	2017-02-11 10:37:20	2017-02-26 16:57:55.839314	f	t	9	f
222	Zach	Britton	1987-12-22	2017-02-14 09:59:57	2017-02-26 16:57:55.843033	f	f	9	f
172	Kenta	Maeda	1988-04-11	2017-02-12 06:00:56	2017-02-26 16:57:55.856344	f	f	13	f
234	Craig	Kimbrel	1988-05-28	2017-02-14 09:59:57	2017-02-26 16:57:55.860083	f	f	9	f
256	Andrew	Miller	1985-05-21	2017-02-14 09:59:57	2017-02-26 17:54:44.610913	f	f	5	t
237	Wade	Davis	1985-09-07	2017-02-14 09:59:57	2017-02-26 16:57:55.872485	f	f	12	f
251	Ken	Giles	1990-09-20	2017-02-14 09:59:57	2017-02-26 16:57:55.880516	f	f	11	f
243	Seung	Hwan	1982-07-15	2017-02-14 09:59:57	2017-02-26 16:57:55.887228	f	f	9	f
215	Drew	Smyly	1989-06-13	2017-02-12 06:00:56	2017-02-26 16:57:55.890644	f	f	14	f
259	Dellin	Betances	1988-03-23	2017-02-14 09:59:57	2017-02-26 16:57:55.897211	f	f	8	f
4	Joey	Votto	1983-09-10	2017-02-07 09:39:00	2017-02-27 16:08:31.999296	f	t	5	t
265	Adam	Ottavino	1985-11-22	2017-02-14 09:59:57	2017-02-27 23:31:28.423554	t	f	\N	f
399	Carlos	Gomez	1985-12-04	2017-02-14 15:40:29	2017-02-28 20:40:13.312671	f	t	6	t
383	Aledmys	Diaz	1990-08-01	2017-02-14 15:40:29	2017-02-28 20:32:56.645469	f	t	5	t
390	Evan	Gattis	1986-08-18	2017-02-14 15:40:29	2017-02-28 20:40:54.908546	f	t	6	t
396	Javier	Baez	1992-12-01	2017-02-14 15:40:29	2017-02-28 20:40:57.244655	f	t	6	t
397	Matt	Wieters	1986-05-21	2017-02-14 15:40:29	2017-02-28 22:07:48.70136	t	t	5	t
309	Addison	Reed	1988-12-27	2017-02-14 09:59:57	2017-02-28 22:14:30.168212	t	f	\N	f
169	Ervin	Santana	1982-12-12	2017-02-12 06:00:56	2017-02-26 16:57:54.822727	f	f	13	f
294	Jerry	Blevins	1983-09-06	2017-02-14 09:59:57	2017-02-26 16:57:55.914509	t	f	\N	f
295	Neftali	Feliz	1988-05-02	2017-02-14 09:59:57	2017-02-26 16:57:55.91909	t	f	\N	f
296	Carl	Edwards	1991-09-03	2017-02-14 09:59:57	2017-02-26 16:57:55.922903	t	f	\N	f
297	Erasmo	Ramirez	1990-05-02	2017-02-14 09:59:57	2017-02-26 16:57:55.927215	t	f	\N	f
298	Wade	LeBlanc	1984-08-07	2017-02-14 09:59:57	2017-02-26 16:57:55.93105	t	f	\N	f
299	Kevin	Quackenbush	1988-11-28	2017-02-14 09:59:57	2017-02-26 16:57:55.949909	t	f	\N	f
300	Zach	Neal	1988-11-09	2017-02-14 09:59:57	2017-02-26 16:57:55.954887	t	f	\N	f
301	JC	Ramirez	1988-08-16	2017-02-14 09:59:57	2017-02-26 16:57:55.960368	t	f	\N	f
303	Corey	Knebel	1991-11-26	2017-02-14 09:59:57	2017-02-26 16:57:55.97168	t	f	\N	f
304	Michael	Mariot	1988-10-20	2017-02-14 09:59:57	2017-02-26 16:57:55.977055	t	f	\N	f
305	Shane	Greene	1988-11-17	2017-02-14 09:59:57	2017-02-26 16:57:55.980863	t	f	\N	f
307	Dan	Otero	1985-02-19	2017-02-14 09:59:57	2017-02-26 16:57:55.984588	t	f	\N	f
311	Dan	Jennings	1987-04-17	2017-02-14 09:59:57	2017-02-26 16:57:55.988007	t	f	\N	f
312	Derek	Law	1990-09-14	2017-02-14 09:59:57	2017-02-26 16:57:55.991295	t	f	\N	f
313	Chris	Devenski	1990-11-13	2017-02-14 09:59:57	2017-02-26 16:57:55.994864	t	f	\N	f
314	Blake	Treinen	1988-06-30	2017-02-14 09:59:57	2017-02-26 16:57:55.998201	t	f	\N	f
315	Matt	Bush	1986-02-08	2017-02-14 09:59:57	2017-02-26 16:57:56.00178	t	f	\N	f
317	Jacob	Barnes	1990-04-14	2017-02-14 09:59:57	2017-02-26 16:57:56.016645	t	f	\N	f
318	Joaquin	Benoit	1977-07-26	2017-02-14 09:59:57	2017-02-26 16:57:56.020111	t	f	\N	f
319	Dustin	McGowan	1982-03-24	2017-02-14 09:59:57	2017-02-26 16:57:56.024627	t	f	\N	f
320	Ryan	Buchter	1987-02-13	2017-02-14 09:59:57	2017-02-26 16:57:56.028304	t	f	\N	f
321	Brad	Hand	1990-03-20	2017-02-14 09:59:57	2017-02-26 16:57:56.031835	t	f	\N	f
322	Jared	Hughes	1985-07-04	2017-02-14 09:59:57	2017-02-26 16:57:56.035325	t	f	\N	f
323	Bryan	Morris	1987-03-28	2017-02-14 09:59:57	2017-02-26 16:57:56.039104	t	f	\N	f
324	Joe	Biagini	1990-05-29	2017-02-14 09:59:57	2017-02-26 16:57:56.042647	t	f	\N	f
326	Clayton	Richard	1983-09-12	2017-02-14 09:59:57	2017-02-26 16:57:56.049448	t	f	\N	f
327	Hansel	Robles	1990-08-13	2017-02-14 09:59:57	2017-02-26 16:57:56.088504	t	f	\N	f
328	Vance	Worley	1987-09-25	2017-02-14 09:59:57	2017-02-26 16:57:56.111618	t	f	\N	f
329	Arquimedes	Caminero	1987-06-16	2017-02-14 09:59:57	2017-02-26 16:57:56.116529	t	f	\N	f
330	Tommy	Layne	1984-11-02	2017-02-14 09:59:57	2017-02-26 16:57:56.121842	t	f	\N	f
331	A.J.	Schugel	1989-06-27	2017-02-14 09:59:57	2017-02-26 16:57:56.126401	t	f	\N	f
333	Boone	Logan	1984-08-13	2017-02-14 09:59:57	2017-02-26 16:57:56.134568	t	f	\N	f
334	Ryan	Pressly	1988-12-15	2017-02-14 09:59:57	2017-02-26 16:57:56.138495	t	f	\N	f
335	David	Hernandez	1985-05-13	2017-02-14 09:59:57	2017-02-26 16:57:56.143071	t	f	\N	f
336	Blaine	Boyer	1981-07-11	2017-02-14 09:59:57	2017-02-26 16:57:56.146348	t	f	\N	f
337	Blake	Wood	1985-08-08	2017-02-14 09:59:57	2017-02-26 16:57:56.14975	t	f	\N	f
338	Felix	Pena	1990-02-25	2017-02-14 09:59:57	2017-02-26 16:57:56.153334	t	f	\N	f
340	Joakim	Soria	1984-05-18	2017-02-14 09:59:57	2017-02-26 16:57:56.161097	t	f	\N	f
341	Matt	Barnes	1990-06-17	2017-02-14 09:59:57	2017-02-26 16:57:56.164538	t	f	\N	f
342	Felipe	Rivero	1991-07-05	2017-02-14 09:59:57	2017-02-26 16:57:56.168305	t	f	\N	f
343	Justin	Wilson	1987-08-18	2017-02-14 09:59:57	2017-02-26 16:57:56.173772	t	f	\N	f
344	Tanner	Scheppers	1987-01-17	2017-02-14 09:59:57	2017-02-26 16:57:56.17854	t	f	\N	f
308	Alex	Reyes	1994-08-29	2017-02-14 09:59:57	2017-02-26 16:57:56.181803	f	f	13	f
347	Matt	Andriese	1989-08-28	2017-02-14 09:59:57	2017-02-26 16:57:56.189157	t	f	\N	f
348	Yusmeiro	Petit	1984-11-22	2017-02-14 09:59:57	2017-02-26 16:57:56.192952	t	f	\N	f
349	Blake	Parker	1985-06-19	2017-02-14 09:59:57	2017-02-26 16:57:56.197985	t	f	\N	f
350	Chad	Green	1991-05-24	2017-02-14 09:59:57	2017-02-26 16:57:56.202375	t	f	\N	f
351	Tony	Sipp	1983-07-12	2017-02-14 09:59:57	2017-02-26 16:57:56.206865	t	f	\N	f
352	Matt	Wisler	1992-09-12	2017-02-14 09:59:57	2017-02-26 16:57:56.211065	t	f	\N	f
354	Nathan	Karns	1987-11-25	2017-02-14 09:59:57	2017-02-26 16:57:56.22388	t	f	\N	f
355	Chasen	Shreve	1990-07-12	2017-02-14 09:59:57	2017-02-26 16:57:56.229193	t	f	\N	f
356	Scott	Oberg	1990-03-13	2017-02-14 09:59:57	2017-02-26 16:57:56.232791	t	f	\N	f
357	Gonzalez	Germen	1987-09-23	2017-02-14 09:59:57	2017-02-26 16:57:56.236275	t	f	\N	f
358	Ubaldo	Jimenez	1984-01-22	2017-02-14 09:59:57	2017-02-26 16:57:56.240015	t	f	\N	f
359	Enrique	Burgos	1990-11-23	2017-02-14 09:59:57	2017-02-26 16:57:56.244138	t	f	\N	f
361	Brett	Oberholtzer	1989-07-01	2017-02-14 09:59:57	2017-02-26 16:57:56.251926	t	f	\N	f
362	Enny	Romero	1991-01-24	2017-02-14 09:59:57	2017-02-26 16:57:56.255409	t	f	\N	f
363	Carlos	Villanueva	1983-11-28	2017-02-14 09:59:57	2017-02-26 16:57:56.258769	t	f	\N	f
364	Cesar	Ramos	1984-06-22	2017-02-14 09:59:57	2017-02-26 16:57:56.262542	t	f	\N	f
365	Jose	Urena	1991-09-12	2017-02-14 09:59:57	2017-02-26 16:57:56.267622	t	f	\N	f
366	Chris	Young	1979-05-25	2017-02-14 09:59:57	2017-02-26 16:57:56.27318	t	f	\N	f
306	Cam	Bedrosian	1991-10-02	2017-02-14 09:59:57	2017-02-26 16:57:56.284466	f	f	9	f
310	Matt	Koch	1990-11-02	2017-02-14 09:59:57	2017-02-26 16:57:56.28919	f	f	6	f
384	Willson	Contreras	1992-05-13	2017-02-14 15:40:29	2017-02-26 16:57:56.292917	t	t	\N	f
385	Randal	Grichuk	1991-08-13	2017-02-14 15:40:29	2017-02-26 16:57:56.296417	t	t	\N	f
389	Jung	Ho Kang	1987-04-05	2017-02-14 15:40:29	2017-02-26 16:57:56.299881	t	t	\N	f
398	Mike	Moustakas	1988-09-11	2017-02-14 15:40:29	2017-02-26 16:57:56.307826	t	t	\N	f
373	Billy	Hamilton	1990-09-09	2017-02-14 15:40:29	2017-02-26 16:57:56.311485	f	t	11	f
374	Kyle	Schwarber	1993-03-05	2017-02-14 15:40:29	2017-02-26 16:57:56.315857	f	t	11	f
388	Dansby	Swanson	1994-02-11	2017-02-14 15:40:29	2017-02-26 16:57:56.320396	f	t	11	f
386	Yasmani	Grandal	1988-11-08	2017-02-14 15:40:29	2017-02-26 16:57:56.341689	f	t	13	f
379	Lorenzo	Cain	1986-04-13	2017-02-14 15:40:29	2017-02-26 17:53:56.965478	f	t	5	t
375	Alex	Bregman	1994-03-30	2017-02-14 15:40:29	2017-02-26 16:57:56.356563	f	t	10	f
378	Miguel	Sano	1993-05-11	2017-02-14 15:40:29	2017-02-26 16:57:56.360081	f	t	10	f
380	Andrew	Benintendi	1994-07-06	2017-02-14 15:40:29	2017-02-26 16:57:56.369292	f	t	9	f
382	David	Dahl	1994-04-01	2017-02-14 15:40:29	2017-02-26 16:57:56.373764	f	t	9	f
371	A.J.	Pollock	1987-12-05	2017-02-14 15:40:29	2017-02-26 16:57:56.377178	f	t	7	f
377	Gary	Sanchez	1992-12-02	2017-02-14 15:40:29	2017-02-26 16:57:56.380457	f	t	7	f
376	Michael	Brantley	1987-05-15	2017-02-14 15:40:29	2017-02-26 16:57:56.384088	f	t	14	f
387	Joc	Pederson	1992-04-21	2017-02-14 15:40:29	2017-02-26 16:57:56.387817	f	t	14	f
369	Giancarlo	Stanton	1989-11-08	2017-02-14 15:40:29	2017-02-26 16:57:56.39695	f	t	8	f
368	Trea	Turner	1993-06-30	2017-02-14 15:40:29	2017-02-26 16:57:56.403719	f	t	11	f
372	Dee	Gordon	1988-04-22	2017-02-14 15:40:29	2017-02-26 17:41:09.99916	f	t	8	t
405	Jose	Peraza	1994-04-30	2017-02-14 15:40:29	2017-02-28 20:40:58.504794	f	t	6	t
415	Cameron	Maybin	1987-04-04	2017-02-14 15:40:29	2017-02-28 22:06:46.819718	t	t	5	f
436	Matt	Harvey	1989-03-27	2017-02-14 16:58:45	2017-02-28 22:17:31.010683	t	f	\N	f
406	Hunter	Pence	1983-04-13	2017-02-14 15:40:29	2017-02-28 17:27:33.701366	f	t	5	f
443	Sean	Manaea	1992-02-01	2017-02-14 16:58:45	2017-02-28 20:42:08.538358	f	f	6	t
112	Zack	Cozart	1985-08-12	2017-02-11 10:37:20	2017-02-26 16:57:54.867168	t	t	\N	f
401	Yasiel	Puig	1990-12-07	2017-02-14 15:40:29	2017-02-26 16:57:56.411553	t	t	\N	f
442	Steven	Matz	1991-05-29	2017-02-14 16:58:45	2017-02-26 16:57:56.416244	f	f	9	f
403	Keon	Broxton	1990-05-07	2017-02-14 15:40:29	2017-02-26 16:57:56.422179	t	t	\N	f
404	Devon	Travis	1991-02-21	2017-02-14 15:40:29	2017-02-26 16:57:56.425549	t	t	\N	f
475	Brandon	Drury	1992-08-21	2017-02-17 14:38:47	2017-02-28 22:03:56.375444	t	t	5	f
407	Domingo	Santana	1992-08-05	2017-02-14 15:40:29	2017-02-26 16:57:56.443963	t	t	\N	f
446	Jameson	Taillon	1991-11-18	2017-02-14 16:58:45	2017-02-26 16:57:56.44867	f	f	9	f
427	Hernan	Perez	1991-03-26	2017-02-14 15:40:29	2017-02-28 22:12:11.772488	t	t	\N	f
409	David	Peralta	1987-08-14	2017-02-14 15:40:29	2017-02-26 16:57:56.452746	t	t	\N	f
410	Neil	Walker	1985-09-10	2017-02-14 15:40:29	2017-02-26 16:57:56.457817	t	t	\N	f
411	Welington	Castillo	1987-04-24	2017-02-14 15:40:29	2017-02-26 16:57:56.463355	t	t	\N	f
412	Kevin	Kiermaier	1990-04-22	2017-02-14 15:40:29	2017-02-26 16:57:56.469021	t	t	\N	f
413	Ben	Revere	1988-05-03	2017-02-14 15:40:29	2017-02-26 16:57:56.475047	t	t	\N	f
448	Eduardo	Rodriguez	1993-04-07	2017-02-14 16:58:45	2017-02-26 16:57:56.479217	f	f	12	f
450	Lance	McCullers	1993-10-02	2017-02-14 16:58:45	2017-02-26 16:57:56.483357	f	f	7	f
417	Jorge	Soler	1992-02-25	2017-02-14 15:40:29	2017-02-26 16:57:56.493029	t	t	\N	f
418	Tom	Murphy	1991-04-03	2017-02-14 15:40:29	2017-02-26 16:57:56.496437	t	t	\N	f
419	Ketel	Marte	1993-10-12	2017-02-14 15:40:29	2017-02-26 16:57:56.499751	t	t	\N	f
451	Julio	Urias	1996-08-12	2017-02-14 16:58:45	2017-02-26 16:57:56.503228	f	f	12	f
421	Francisco	Cervelli	1986-03-06	2017-02-14 15:40:29	2017-02-26 16:57:56.506649	t	t	\N	f
422	Jarrod	Dyson	1984-08-15	2017-02-14 15:40:29	2017-02-26 16:57:56.51013	t	t	\N	f
424	Steven	Souza Jr.	1989-04-24	2017-02-14 15:40:29	2017-02-26 16:57:56.519606	t	t	\N	f
425	Wilmer	Flores	1991-08-06	2017-02-14 15:40:29	2017-02-26 16:57:56.524336	t	t	\N	f
426	Pedro	Alvarez	1987-02-06	2017-02-14 15:40:29	2017-02-26 16:57:56.527602	t	t	\N	f
456	Michael	Wacha	1991-07-01	2017-02-14 16:58:45	2017-02-26 16:57:56.530868	f	f	14	f
428	Pablo	Sandoval	1986-08-11	2017-02-14 15:40:29	2017-02-26 16:57:56.534225	t	t	\N	f
457	Jordan	Zimmermann	1986-05-23	2017-02-14 16:58:45	2017-02-26 16:57:56.54233	f	f	14	f
458	Tyler	Glasnow	1993-08-23	2017-02-14 16:58:45	2017-02-26 16:57:56.54579	f	f	7	f
460	Dylan	Bundy	1992-11-15	2017-02-14 16:58:45	2017-02-26 16:57:56.549125	f	f	11	f
441	Aaron	Nola	1993-06-04	2017-02-14 16:58:45	2017-02-26 16:57:56.552367	t	f	\N	f
444	Taijuan	Walker	1992-08-13	2017-02-14 16:58:45	2017-02-26 16:57:56.556103	t	f	\N	f
447	Matt	Shoemaker	1986-09-27	2017-02-14 16:58:45	2017-02-26 16:57:56.559926	t	f	\N	f
449	Joe	Ross	1993-05-21	2017-02-14 16:58:45	2017-02-26 16:57:56.567012	t	f	\N	f
452	James	Paxton	1988-11-06	2017-02-14 16:58:45	2017-02-26 16:57:56.57149	t	f	\N	f
454	Michael	Lorenzen	1992-01-04	2017-02-14 16:58:45	2017-02-26 16:57:56.579276	t	f	\N	f
455	Steven	Wright	1984-08-30	2017-02-14 16:58:45	2017-02-26 16:57:56.582546	t	f	\N	f
459	Garrett	Richards	1988-05-27	2017-02-14 16:58:45	2017-02-26 16:57:56.586019	t	f	\N	f
461	Scott	Kazmir	1984-01-24	2017-02-14 16:58:45	2017-02-26 16:57:56.589748	t	f	\N	f
465	Trey	Mancini	1992-03-18	2017-02-17 14:38:47	2017-02-26 16:57:56.593153	t	t	\N	f
466	Andrew	Toles	1992-05-24	2017-02-17 14:38:47	2017-02-26 16:57:56.596633	t	t	\N	f
470	Steve	Pearce	1983-04-13	2017-02-17 14:38:47	2017-02-26 16:57:56.604129	t	t	\N	f
471	Lonnie	Chisenhall	1988-10-04	2017-02-17 14:38:47	2017-02-26 16:57:56.608794	t	t	\N	f
472	Chris	Herrmann	1987-11-24	2017-02-17 14:38:47	2017-02-26 16:57:56.613502	t	t	\N	f
473	Whit	Merrifield	1989-01-24	2017-02-17 14:38:47	2017-02-26 16:57:56.617282	t	t	\N	f
474	Mark	Reynolds	1983-08-03	2017-02-17 14:38:47	2017-02-26 16:57:56.62081	t	t	\N	f
476	Tyler	Saladino	1989-07-20	2017-02-17 14:38:47	2017-02-26 16:57:56.625271	t	t	\N	f
478	Andrelton	Simmons	1989-09-04	2017-02-17 14:38:47	2017-02-26 16:57:56.63253	t	t	\N	f
479	Derek	Dietrich	1989-07-18	2017-02-17 14:38:47	2017-02-26 16:57:56.635889	t	t	\N	f
480	Chris	Owings	1991-08-12	2017-02-17 14:38:47	2017-02-26 16:57:56.639173	t	t	\N	f
481	Jorge	De La Rosa	1994-04-16	2017-02-17 14:38:47	2017-02-26 16:57:56.642443	t	t	\N	f
482	Josh	Bell	1992-08-14	2017-02-17 14:38:47	2017-02-26 16:57:56.645684	t	t	\N	f
483	Tyler	Flowers	1986-01-24	2017-02-17 14:38:47	2017-02-26 16:57:56.649283	t	t	\N	f
485	Sean	Rodriguez	1985-04-26	2017-02-17 14:38:47	2017-02-26 16:57:56.65856	t	t	\N	f
486	J.J.	Hardy	1982-08-19	2017-02-17 14:38:47	2017-02-26 16:57:56.663057	t	t	\N	f
487	Eddie	Rosario	1991-09-28	2017-02-17 14:38:47	2017-02-26 16:57:56.666438	t	t	\N	f
488	Jose	Reyes	1983-06-11	2017-02-17 14:38:47	2017-02-26 16:57:56.669734	t	t	\N	f
490	Jed	Lowrie	1984-04-17	2017-02-17 14:38:47	2017-02-26 16:57:56.674488	t	t	\N	f
491	Roman	Quinn	1993-05-14	2017-02-17 14:38:47	2017-02-26 16:57:56.678456	t	t	\N	f
493	Johnny	Giavotella	1987-07-10	2017-02-17 14:38:47	2017-02-26 16:57:56.705291	t	t	\N	f
494	Jhonny	Peralta	1982-05-28	2017-02-17 14:38:47	2017-02-26 16:57:56.709784	t	t	\N	f
495	Nick	Hundley	1983-09-08	2017-02-17 14:38:47	2017-02-26 16:57:56.713971	t	t	\N	f
496	Tony	Wolters	1992-06-09	2017-02-17 14:38:47	2017-02-26 16:57:56.717284	t	t	\N	f
497	Matt	Duffy	1991-01-15	2017-02-17 14:38:47	2017-02-26 16:57:56.720523	t	t	\N	f
498	Blake	Swihart	1992-04-03	2017-02-17 14:38:47	2017-02-26 16:57:56.72506	t	t	\N	f
500	Tucker	Barnhart	1991-01-07	2017-02-17 14:38:47	2017-02-26 16:57:56.731654	t	t	\N	f
501	Alex	Dickerson	1990-05-26	2017-02-17 14:38:47	2017-02-26 16:57:56.734884	t	t	\N	f
502	Jace	Peterson	1990-05-09	2017-02-17 14:38:47	2017-02-26 16:57:56.738255	t	t	\N	f
503	Gerardo	Parra	1987-05-06	2017-02-17 14:38:47	2017-02-26 16:57:56.741541	t	t	\N	f
504	Cameron	Rupp	1988-09-28	2017-02-17 14:38:47	2017-02-26 16:57:56.745113	t	t	\N	f
505	Matt	Adams	1988-08-31	2017-02-17 14:38:47	2017-02-26 16:57:56.749174	t	t	\N	f
469	Tyler	Naquin	1991-04-24	2017-02-17 14:38:47	2017-02-26 16:57:56.770826	f	t	14	f
414	Josh	Reddick	1987-02-19	2017-02-14 15:40:29	2017-02-26 16:57:56.775148	f	t	12	f
489	Justin	Bour	1988-05-28	2017-02-17 14:38:47	2017-02-26 16:57:56.77843	f	t	12	f
430	Clayton	Kershaw	1988-03-19	2017-02-14 16:58:45	2017-02-26 16:57:56.788515	f	f	9	f
431	Carlos	Carrasco	1987-03-21	2017-02-14 16:58:45	2017-02-26 16:57:56.795949	f	f	11	f
464	Yu	Darvish	1986-08-16	2017-02-14 17:17:30	2017-02-26 16:57:56.801648	f	f	11	f
462	Jacob	deGrom	1988-06-19	2017-02-14 17:17:30	2017-02-26 16:57:56.810323	f	f	7	f
432	Zack	Greinke	1983-10-21	2017-02-14 16:58:45	2017-02-26 16:57:56.813612	f	f	9	f
433	Gerrit	Cole	1990-09-08	2017-02-14 16:58:45	2017-02-26 16:57:56.816854	f	f	11	f
434	Felix	Hernandez	1986-04-08	2017-02-14 16:58:45	2017-02-26 16:57:56.820339	f	f	7	f
437	Anthony	DeSclafani	1990-04-18	2017-02-14 16:58:45	2017-02-26 16:57:56.828403	f	f	13	f
438	Michael	Fulmer	1993-03-15	2017-02-14 16:58:45	2017-02-26 16:57:56.83178	f	f	14	f
440	Sonny	Gray	1989-11-07	2017-02-14 16:58:45	2017-02-26 16:57:56.838491	f	f	11	f
506	Seth	Smith	1982-09-30	2017-02-17 14:38:47	2017-02-26 16:57:56.842017	t	t	\N	f
507	Brett	Lawrie	1990-01-18	2017-02-17 14:38:47	2017-02-26 16:57:56.846702	t	t	\N	f
509	Matt	Holliday	1980-01-15	2017-02-17 14:38:47	2017-02-26 16:57:56.856008	t	t	\N	f
510	Travis	Jankowski	1991-06-15	2017-02-17 14:38:47	2017-02-26 16:57:56.909546	t	t	\N	f
511	Avisail	Garcia	1991-06-12	2017-02-17 14:38:47	2017-02-26 16:57:56.91341	t	t	\N	f
572	Kyle	Barraclough	1990-05-23	2017-02-20 05:56:56	2017-02-26 16:57:56.916681	f	f	14	f
513	Matt	Joyce	1984-08-03	2017-02-17 14:38:47	2017-02-26 16:57:56.920184	t	t	\N	f
514	Shin-Soo	Choo	1982-07-13	2017-02-17 14:38:47	2017-02-26 16:57:56.923494	t	t	\N	f
516	Adam	Lind	1983-07-17	2017-02-17 14:38:47	2017-02-26 16:57:56.930851	t	t	\N	f
571	Junior	Guerra	1985-01-16	2017-02-20 05:56:56	2017-02-26 16:57:56.934284	f	f	12	f
518	Mallex	Smith	1993-05-06	2017-02-17 14:38:47	2017-02-26 16:57:56.938593	t	t	\N	f
519	Logan	Morrison	1987-08-25	2017-02-17 14:38:47	2017-02-26 16:57:56.941886	t	t	\N	f
520	Andrew	Susac	1990-03-22	2017-02-17 14:38:47	2017-02-26 16:57:56.9455	t	t	\N	f
521	Chad	Pinder	1992-03-29	2017-02-17 14:38:47	2017-02-26 16:57:56.952732	t	t	\N	f
523	Jett	Bandy	1990-03-26	2017-02-17 14:38:47	2017-02-26 16:57:56.964841	t	t	\N	f
524	Mitch	Haniger	1990-12-23	2017-02-17 14:38:47	2017-02-26 16:57:56.969016	t	t	\N	f
525	Cory	Spangenberg	1991-03-16	2017-02-17 14:38:47	2017-02-26 16:57:56.974877	t	t	\N	f
526	Lucas	Duda	1986-02-03	2017-02-17 14:38:47	2017-02-26 16:57:56.979011	t	t	\N	f
527	Christian	Bethancourt	1991-09-02	2017-02-17 14:38:47	2017-02-26 16:57:56.983181	t	t	\N	f
528	Christian	Vazquez	1990-08-21	2017-02-17 14:38:47	2017-02-26 16:57:56.987439	t	t	\N	f
530	James	McCann	1990-06-13	2017-02-17 14:38:47	2017-02-26 16:57:56.995292	t	t	\N	f
531	Orlando	Arcia	1994-08-04	2017-02-17 14:38:47	2017-02-26 16:57:56.999391	t	t	\N	f
532	Nick	Ahmed	1990-03-15	2017-02-17 14:38:47	2017-02-26 16:57:57.00463	t	t	\N	f
533	Ryan	Zimmerman	1984-09-28	2017-02-17 14:38:47	2017-02-26 16:57:57.008751	t	t	\N	f
534	Justin	Smoak	1986-12-05	2017-02-17 14:38:47	2017-02-26 16:57:57.012738	t	t	\N	f
535	Ryan	Schimpf	1988-04-11	2017-02-17 14:38:47	2017-02-26 16:57:57.016007	t	t	\N	f
538	Chris	Iannetta	1983-04-08	2017-02-17 14:38:47	2017-02-26 16:57:57.023874	t	t	\N	f
539	Jason	Castro	1987-06-18	2017-02-17 14:38:47	2017-02-26 16:57:57.027246	t	t	\N	f
540	Carlos	Perez	1990-10-27	2017-02-17 14:38:47	2017-02-26 16:57:57.030532	t	t	\N	f
541	Mike	Zunino	1991-03-25	2017-02-17 14:38:47	2017-02-26 16:57:57.033796	t	t	\N	f
542	Colby	Rasmus	1986-08-11	2017-02-17 14:38:47	2017-02-26 16:57:57.037111	t	t	\N	f
543	Aaron	Altherr	1991-01-14	2017-02-17 14:38:47	2017-02-26 16:57:57.040442	t	t	\N	f
545	Curt	Casali	1988-11-09	2017-02-17 14:38:47	2017-02-26 16:57:57.052866	t	t	\N	f
546	Derek	Norris	1989-02-14	2017-02-17 14:38:47	2017-02-26 16:57:57.057492	t	t	\N	f
547	Raul	Mondesi	1995-07-27	2017-02-17 14:38:47	2017-02-26 16:57:57.060871	t	t	\N	f
548	Aaron	Judge	1992-04-26	2017-02-17 14:38:47	2017-02-26 16:57:57.064084	t	t	\N	f
549	Jarrod	Saltalamacchia	1985-05-02	2017-02-17 14:38:47	2017-02-26 16:57:57.067294	t	t	\N	f
550	Yan	Gomes	1987-07-19	2017-02-17 14:38:47	2017-02-26 16:57:57.071705	t	t	\N	f
552	Devin	Mesoraco	1988-06-19	2017-02-17 14:38:47	2017-02-26 16:57:57.078384	t	t	\N	f
553	Jorge	Alfaro	1993-06-11	2017-02-17 14:38:47	2017-02-26 16:57:57.081566	t	t	\N	f
554	Austin	Hedges	1992-08-18	2017-02-17 14:38:47	2017-02-26 16:57:57.085502	t	t	\N	f
555	Dan	Vogelbach	1992-12-17	2017-02-17 14:38:47	2017-02-26 16:57:57.088991	t	t	\N	f
556	Joey	Gallo	1993-11-19	2017-02-17 14:38:47	2017-02-26 16:57:57.100057	t	t	\N	f
557	Dalton	Pompey	1992-12-11	2017-02-17 14:38:47	2017-02-26 16:57:57.103587	t	t	\N	f
560	Joe	Nathan	1974-11-22	2017-02-20 05:56:56	2017-02-26 16:57:57.11135	t	f	\N	f
561	Matt	Strahm	1991-11-12	2017-02-20 05:56:56	2017-02-26 16:57:57.115491	t	f	\N	f
562	Matt	Belisle	1980-06-06	2017-02-20 05:56:56	2017-02-26 16:57:57.119058	t	f	\N	f
563	Logan	Kensing	1982-07-03	2017-02-20 05:56:56	2017-02-26 16:57:57.122944	t	f	\N	f
564	Grant	Dayton	1987-11-25	2017-02-20 05:56:56	2017-02-26 16:57:57.127043	t	f	\N	f
565	Jharel	Cotton	1992-01-19	2017-02-20 05:56:56	2017-02-26 16:57:57.130385	t	f	\N	f
567	Robert	Gsellman	1993-07-18	2017-02-20 05:56:56	2017-02-26 16:57:57.144568	t	f	\N	f
568	Joe	Blanton	1980-12-11	2017-02-20 05:56:56	2017-02-26 16:57:57.147893	t	f	\N	f
569	Mike	Montgomery	1989-07-01	2017-02-20 05:56:56	2017-02-26 16:57:57.151132	t	f	\N	f
570	Seth	Lugo	1989-11-17	2017-02-20 05:56:56	2017-02-26 16:57:57.155519	t	f	\N	f
573	Pedro	Strop	1985-06-13	2017-02-20 05:56:56	2017-02-26 16:57:57.158765	t	f	\N	f
574	Bruce	Rondon	1990-12-09	2017-02-20 05:56:56	2017-02-26 16:57:57.16199	t	f	\N	f
576	Mychal	Givens	1990-05-13	2017-02-20 05:56:56	2017-02-26 16:57:57.168469	t	f	\N	f
577	Sean	Burnett	1982-09-17	2017-02-20 05:56:56	2017-02-26 16:57:57.171642	t	f	\N	f
578	Daniel	Norris	1993-04-25	2017-02-20 05:56:56	2017-02-26 16:57:57.174929	t	f	\N	f
579	Zach	McAllister	1987-12-08	2017-02-20 05:56:56	2017-02-26 16:57:57.178423	t	f	\N	f
580	Tyler	Anderson	1989-12-30	2017-02-20 05:56:56	2017-02-26 16:57:57.182653	t	f	\N	f
581	Colby	Lewis	1979-08-02	2017-02-20 05:56:56	2017-02-26 16:57:57.196458	t	f	\N	f
583	Miguel	Gonzalez	1984-05-27	2017-02-20 05:56:56	2017-02-26 16:57:57.208549	t	f	\N	f
585	Tyler	Chatwood	1989-12-16	2017-02-20 05:56:56	2017-02-26 16:57:57.211861	t	f	\N	f
586	Ariel	Miranda	1989-01-10	2017-02-20 05:56:56	2017-02-26 16:57:57.215331	t	f	\N	f
587	Brett	Cecil	1986-07-02	2017-02-20 05:56:56	2017-02-26 16:57:57.218683	t	f	\N	f
588	Gavin	Floyd	1983-01-27	2017-02-20 05:56:56	2017-02-26 16:57:57.222423	t	f	\N	f
589	Joe	Musgrove	1992-12-04	2017-02-20 05:56:56	2017-02-26 16:57:57.225661	t	f	\N	f
591	Charlie	Morton	1983-11-12	2017-02-20 05:56:56	2017-02-26 16:57:57.232712	t	f	\N	f
592	Tyler	Skaggs	1991-07-13	2017-02-20 05:56:56	2017-02-26 16:57:57.237419	t	f	\N	f
593	Chad	Kuhl	1992-09-10	2017-02-20 05:56:56	2017-02-26 16:57:57.241448	t	f	\N	f
594	Chien-Ming	Wang	1980-03-31	2017-02-20 05:56:56	2017-02-26 16:57:57.246291	t	f	\N	f
595	Mike	Foltynewicz	1991-10-07	2017-02-20 05:56:56	2017-02-26 16:57:57.249556	t	f	\N	f
596	Andrew	Triggs	1989-03-16	2017-02-20 05:56:56	2017-02-26 16:57:57.253082	t	f	\N	f
598	Michael	Feliz	1993-06-28	2017-02-20 05:56:56	2017-02-26 16:57:57.310521	t	f	\N	f
599	Jesse	Chavez	1983-08-21	2017-02-20 05:56:56	2017-02-26 16:57:57.314911	t	f	\N	f
600	Juan	Nicasio	1986-08-31	2017-02-20 05:56:56	2017-02-26 16:57:57.319756	t	f	\N	f
601	Matt	Boyd	1991-02-02	2017-02-20 05:56:56	2017-02-26 16:57:57.324611	t	f	\N	f
602	Clay	Buchholz	1984-08-14	2017-02-20 05:56:56	2017-02-26 16:57:57.328503	t	f	\N	f
603	Ryan	Vogelsong	1977-07-22	2017-02-20 05:56:56	2017-02-26 16:57:57.3358	t	f	\N	f
605	Reynaldo	Lopez	1994-01-04	2017-02-20 05:56:56	2017-02-26 16:57:57.344503	t	f	\N	f
606	Oliver	Perez	1981-08-15	2017-02-20 05:56:56	2017-02-26 16:57:57.347846	t	f	\N	f
607	Brandon	McCarthy	1983-07-07	2017-02-20 05:56:56	2017-02-26 16:57:57.351097	t	f	\N	f
608	Archie	Bradley	1992-08-10	2017-02-20 05:56:56	2017-02-26 16:57:57.355562	t	f	\N	f
609	Kyle	Gibson	1987-10-23	2017-02-20 05:56:56	2017-02-26 16:57:57.358716	t	f	\N	f
610	Joe	Kelly	1988-06-09	2017-02-20 05:56:56	2017-02-26 16:57:57.361995	t	f	\N	f
517	Jurickson	Profar	1993-02-20	2017-02-17 14:38:47	2017-02-26 16:57:57.368433	f	t	11	f
537	Yoan	Moncada	1995-05-27	2017-02-17 14:38:47	2017-02-26 16:57:57.371703	f	t	9	f
522	Max	Kepler	1993-02-10	2017-02-17 14:38:47	2017-02-26 16:57:57.375257	f	t	14	f
512	Manuel	Margot	1994-09-28	2017-02-17 14:38:47	2017-02-26 16:57:57.38074	f	t	11	f
221	Jeurys	Familia	1989-10-10	2017-02-14 09:59:57	2017-02-28 19:59:07.089905	f	f	7	t
435	Danny	Salazar	1990-01-11	2017-02-14 16:58:45	2017-02-28 20:37:16.192498	f	f	5	t
233	Cody	Allen	1988-11-20	2017-02-14 09:59:57	2017-02-28 19:59:53.262282	f	f	7	t
231	Aroldis	Chapman	1988-02-28	2017-02-14 09:59:57	2017-02-28 20:39:42.572773	f	f	6	t
106	Maikel	Franco	1992-08-26	2017-02-11 10:37:20	2017-02-28 22:13:07.656184	t	t	\N	f
249	Tony	Watson	1985-05-30	2017-02-14 09:59:57	2017-02-28 22:15:34.317974	t	f	\N	f
617	Jorge	De La Rosa	1981-04-05	2017-02-20 05:56:56	2017-02-26 16:57:57.538868	t	f	\N	f
641	Eric	Thames	1986-11-10	2017-02-20 20:04:54.398665	2017-02-26 16:57:57.543728	t	t	\N	f
643	Greg	Holland	1985-11-20	2017-02-20 21:38:22.787302	2017-02-26 16:57:57.550458	t	f	\N	f
117	Jake	Lamb	1990-10-09	2017-02-11 10:37:20	2017-02-26 16:57:55.138881	f	t	14	f
124	Jayson	Werth	1979-05-20	2017-02-11 10:37:20	2017-02-26 16:57:55.184953	f	t	12	f
153	Jose	Fernandez	1992-07-31	2017-02-12 06:00:56	2017-02-26 16:57:55.250528	t	f	\N	f
173	Danny	Duffy	1988-12-21	2017-02-12 06:00:56	2017-02-26 16:57:55.300104	f	f	7	f
178	Jeremy	Hellickson	1987-04-08	2017-02-12 06:00:56	2017-02-26 16:57:55.377209	t	f	\N	f
199	Ricky	Nolasco	1982-12-13	2017-02-12 06:00:56	2017-02-26 16:57:55.431806	t	f	\N	f
227	Sam	Dyson	1988-05-07	2017-02-14 09:59:57	2017-02-26 16:57:55.499278	f	f	13	f
209	Jaime	Garcia	1986-07-08	2017-02-12 06:00:56	2017-02-26 16:57:55.524521	t	f	\N	f
219	Edinson	Volquez	1983-07-03	2017-02-12 06:00:56	2017-02-26 16:57:55.560299	t	f	\N	f
274	David	Phelps	1986-10-09	2017-02-14 09:59:57	2017-02-26 16:57:55.592544	f	f	12	f
244	Jonathan	Papelbon	1980-11-23	2017-02-14 09:59:57	2017-02-26 16:57:55.612999	t	f	\N	f
253	Trevor	Rosenthal	1990-05-29	2017-02-14 09:59:57	2017-02-26 16:57:55.644841	t	f	\N	f
267	Kevin	Jepsen	1984-07-26	2017-02-14 09:59:57	2017-02-26 16:57:55.675306	t	f	\N	f
278	Jake	Barrett	1991-07-22	2017-02-14 09:59:57	2017-02-26 16:57:55.730555	t	f	\N	f
287	John	Axford	1983-04-01	2017-02-14 09:59:57	2017-02-26 16:57:55.778158	t	f	\N	f
103	Mark	Trumbo	1986-01-16	2017-02-11 10:37:20	2017-02-26 16:57:55.820943	f	t	12	f
293	Carlos	Torres	1982-10-22	2017-02-14 09:59:57	2017-02-26 16:57:55.909844	t	f	\N	f
302	Ross	Ohlendorf	1982-08-08	2017-02-14 09:59:57	2017-02-26 16:57:55.965775	t	f	\N	f
316	Tommy	Kahnle	1989-08-07	2017-02-14 09:59:57	2017-02-26 16:57:56.005169	t	f	\N	f
325	Bryan	Shaw	1987-11-08	2017-02-14 09:59:57	2017-02-26 16:57:56.046008	t	f	\N	f
332	Fernando	Abad	1985-12-17	2017-02-14 09:59:57	2017-02-26 16:57:56.131241	t	f	\N	f
339	Javier	Lopez	1977-07-11	2017-02-14 09:59:57	2017-02-26 16:57:56.157389	t	f	\N	f
346	Ryan	Garton	1989-12-05	2017-02-14 09:59:57	2017-02-26 16:57:56.185075	t	f	\N	f
353	Patrick	Corbin	1989-07-19	2017-02-14 09:59:57	2017-02-26 16:57:56.218551	t	f	\N	f
360	Jordan	Lyles	1990-10-19	2017-02-14 09:59:57	2017-02-26 16:57:56.247975	t	f	\N	f
367	Tom	Wilhelmsen	1983-12-16	2017-02-14 09:59:57	2017-02-26 16:57:56.277434	t	f	\N	f
392	Michael	Conforto	1993-03-01	2017-02-14 15:40:29	2017-02-26 16:57:56.303694	t	t	\N	f
370	Trevor	Story	1992-11-15	2017-02-14 15:40:29	2017-02-26 16:57:56.337212	f	t	13	f
393	Brian	McCann	1984-02-20	2017-02-14 15:40:29	2017-02-26 16:57:56.364455	f	t	10	f
394	Rajai	Davis	1980-10-19	2017-02-14 15:40:29	2017-02-26 16:57:56.392819	f	t	14	f
400	C.J.	Cron	1990-01-05	2017-02-14 15:40:29	2017-02-26 16:57:56.407335	t	t	\N	f
445	Vince	Velasquez	1992-06-07	2017-02-14 16:58:45	2017-02-26 16:57:56.439985	f	f	7	f
416	Tommy	Joseph	1991-07-16	2017-02-14 15:40:29	2017-02-26 16:57:56.489398	t	t	\N	f
423	Tim	Anderson	1993-06-23	2017-02-14 15:40:29	2017-02-26 16:57:56.514721	t	t	\N	f
429	Yangervis	Solarte	1987-07-07	2017-02-14 15:40:29	2017-02-26 16:57:56.537597	t	t	\N	f
453	Blake	Snell	1992-12-04	2017-02-14 16:58:45	2017-02-26 16:57:56.575979	t	f	\N	f
468	Ryon	Healy	1992-01-10	2017-02-17 14:38:47	2017-02-26 16:57:56.600084	t	t	\N	f
477	Jorge	Polanco	1993-07-05	2017-02-17 14:38:47	2017-02-26 16:57:56.629127	t	t	\N	f
484	David	Freese	1983-04-28	2017-02-17 14:38:47	2017-02-26 16:57:56.653843	t	t	\N	f
492	Trevor	Plouffe	1986-06-15	2017-02-17 14:38:47	2017-02-26 16:57:56.696324	t	t	\N	f
499	Kurt	Suzuki	1983-10-04	2017-02-17 14:38:47	2017-02-26 16:57:56.72827	t	t	\N	f
408	Jedd	Gyorko	1988-09-23	2017-02-14 15:40:29	2017-02-26 16:57:56.755361	f	t	13	f
467	Sandy	Leon	1989-03-13	2017-02-17 14:38:47	2017-02-26 16:57:56.781668	f	t	12	f
463	Stephen	Strasburg	1988-07-20	2017-02-14 17:17:30	2017-02-26 16:57:56.806099	f	f	12	f
439	Rich	Hill	1980-03-11	2017-02-14 16:58:45	2017-02-26 16:57:56.835052	f	f	9	f
508	Travis	d'Arnaud	1989-02-10	2017-02-17 14:38:47	2017-02-26 16:57:56.851139	t	t	\N	f
515	Kolten	Wong	1990-10-10	2017-02-17 14:38:47	2017-02-26 16:57:56.927463	t	t	\N	f
584	Adam	Conley	1990-05-24	2017-02-20 05:56:56	2017-02-26 16:57:56.959986	f	f	14	f
529	Brandon	Moss	1983-09-16	2017-02-17 14:38:47	2017-02-26 16:57:56.99143	t	t	\N	f
536	Miguel	Montero	1983-07-09	2017-02-17 14:38:47	2017-02-26 16:57:57.019309	t	t	\N	f
544	Byung 	Park	1986-07-10	2017-02-17 14:38:47	2017-02-26 16:57:57.043651	t	t	\N	f
551	A.J.	Reed	1993-05-10	2017-02-17 14:38:47	2017-02-26 16:57:57.075071	t	t	\N	f
558	Matt	Duffy	1989-02-06	2017-02-17 14:38:47	2017-02-26 16:57:57.108023	t	t	\N	f
566	Alec	Asher	1991-10-04	2017-02-20 05:56:56	2017-02-26 16:57:57.133757	t	f	\N	f
575	Pedro	Baez	1988-03-11	2017-02-20 05:56:56	2017-02-26 16:57:57.16527	t	f	\N	f
612	Andrew	Cashner	1986-09-11	2017-02-20 05:56:56	2017-02-26 16:57:57.385436	t	f	\N	f
613	Drew	Hutchison	1990-08-22	2017-02-20 05:56:56	2017-02-26 16:57:57.390578	t	f	\N	f
614	Trevor	May	1989-09-23	2017-02-20 05:56:56	2017-02-26 16:57:57.393969	t	f	\N	f
615	Chin-Hui	Tsao	1981-06-02	2017-02-20 05:56:56	2017-02-26 16:57:57.397216	t	f	\N	f
616	Yovani	Gallardo	1986-02-27	2017-02-20 05:56:56	2017-02-26 16:57:57.400424	t	f	\N	f
618	Jake	Peavy	1981-05-31	2017-02-20 05:56:56	2017-02-26 16:57:57.404964	t	f	\N	f
620	Luke	Weaver	1993-08-21	2017-02-20 05:56:56	2017-02-26 16:57:57.411451	t	f	\N	f
621	Jake	Thompson	1994-01-31	2017-02-20 05:56:56	2017-02-26 16:57:57.414848	t	f	\N	f
622	Luis	Perdomo	1993-05-09	2017-02-20 05:56:56	2017-02-26 16:57:57.418599	t	f	\N	f
623	Jerome	Williams	1981-12-04	2017-02-20 05:56:56	2017-02-26 16:57:57.421992	t	f	\N	f
624	Matt	Thornton	1976-09-15	2017-02-20 05:56:56	2017-02-26 16:57:57.426273	t	f	\N	f
625	Luis	Severino	1994-02-20	2017-02-20 05:56:56	2017-02-26 16:57:57.43097	t	f	\N	f
627	Phil	Hughes	1986-06-24	2017-02-20 05:56:56	2017-02-26 16:57:57.44177	t	f	\N	f
628	Jesse	Hahn	1989-07-30	2017-02-20 05:56:56	2017-02-26 16:57:57.445026	t	f	\N	f
629	Shelby	Miller	1990-10-10	2017-02-20 05:56:56	2017-02-26 16:57:57.449288	t	f	\N	f
631	Tyler	Duffey	1990-12-27	2017-02-20 05:56:56	2017-02-26 16:57:57.454764	t	f	\N	f
633	Aaron	Blair	1992-05-26	2017-02-20 05:56:56	2017-02-26 16:57:57.459543	t	f	\N	f
634	Jose	Berrios	1994-05-27	2017-02-20 05:56:56	2017-02-26 16:57:57.463616	t	f	\N	f
637	Hyun-Jin	Ryu	1987-03-25	2017-02-20 05:56:56	2017-02-26 16:57:57.494907	t	f	\N	f
638	Tyson	Ross	1987-04-22	2017-02-20 05:56:56	2017-02-26 16:57:57.498439	t	f	\N	f
639	Kyle	Lohse	1978-10-04	2017-02-20 05:56:56	2017-02-26 16:57:57.501773	t	f	\N	f
640	Adam	Loewen	1984-04-09	2017-02-20 05:56:56	2017-02-26 16:57:57.506824	t	f	\N	f
635	Alex	Cobb	1987-10-07	2017-02-20 05:56:56	2017-02-26 16:57:57.510137	f	f	11	f
632	Lucas	Giolito	1994-07-14	2017-02-20 05:56:56	2017-02-26 16:57:57.513481	f	f	9	f
642	Carter	Capps	1990-08-07	2017-02-20 21:24:10.292477	2017-02-26 16:57:57.547043	t	f	\N	f
644	Lance	Lynn	1987-05-12	2017-02-20 21:40:01.055806	2017-02-26 16:57:57.554869	t	f	\N	f
395	Yulieski	Gurriel	1984-06-09	2017-02-14 15:40:29	2017-02-26 16:57:57.558165	f	t	11	f
402	Byron	Buxton	1993-12-18	2017-02-14 15:40:29	2017-02-26 16:57:57.561442	f	t	11	f
391	Nick	Castellanos	1992-03-04	2017-02-14 15:40:29	2017-02-26 16:57:57.568127	f	t	12	f
582	Alex	Wood	1991-01-12	2017-02-20 05:56:56	2017-02-26 16:57:57.202849	t	f	\N	f
590	Chris	Capuano	1978-08-19	2017-02-20 05:56:56	2017-02-26 16:57:57.229099	t	f	\N	f
597	Luis	Cessa	1992-04-25	2017-02-20 05:56:56	2017-02-26 16:57:57.257391	t	f	\N	f
604	Steven	Brault	1992-04-29	2017-02-20 05:56:56	2017-02-26 16:57:57.340947	t	f	\N	f
611	Chad	Qualls	1978-08-17	2017-02-20 05:56:56	2017-02-26 16:57:57.365184	t	f	\N	f
619	Matt	Cain	1984-10-01	2017-02-20 05:56:56	2017-02-26 16:57:57.408178	t	f	\N	f
626	Edwin	Jackson	1983-09-09	2017-02-20 05:56:56	2017-02-26 16:57:57.436532	t	f	\N	f
636	Chris	Narveson	1981-12-20	2017-02-20 05:56:56	2017-02-26 16:57:57.468579	t	f	\N	f
630	Jose	De Leon	1992-08-07	2017-02-20 05:56:56	2017-02-26 16:57:57.529013	t	f	\N	f
420	Hunter	Renfroe	1992-01-28	2017-02-14 15:40:29	2017-02-26 16:57:57.56473	f	t	11	f
69	Stephen	Piscotty	1991-01-14	2017-02-11 10:37:20	2017-02-26 17:53:47.944268	f	t	5	t
108	Marwin	Gonzalez	1989-03-14	2017-02-11 10:37:20	2017-02-28 22:02:54.849354	t	t	5	f
\.


--
-- Name: players_id_seq; Type: SEQUENCE SET; Schema: public; Owner: -
--

SELECT pg_catalog.setval('players_id_seq', 2, true);


--
-- Data for Name: players_positions; Type: TABLE DATA; Schema: public; Owner: -
--

COPY players_positions (id, position_id, player_id) FROM stdin;
3	1	1
4	4	2
5	1	2
7	1	3
8	4	4
9	10	5
10	5	6
11	10	7
12	1	8
13	4	9
14	10	10
15	11	11
16	5	12
17	10	13
18	6	14
19	7	15
20	7	16
21	10	17
22	10	18
23	5	19
24	5	20
25	7	21
26	6	22
27	4	23
28	6	24
29	5	25
30	10	26
31	1	27
32	10	28
33	4	29
34	10	30
35	10	31
36	5	32
37	6	33
38	1	34
39	5	35
40	4	36
41	5	37
42	7	38
43	4	39
44	10	40
45	1	41
46	11	42
47	1	43
48	7	44
49	5	45
50	11	46
51	5	47
52	10	48
53	4	49
54	6	50
55	4	51
56	6	52
57	10	53
58	5	54
59	1	55
60	6	56
61	10	57
62	5	58
63	10	59
64	10	60
65	6	61
66	1	62
67	5	63
68	4	64
69	6	65
70	6	66
71	5	67
72	5	68
73	10	69
74	5	70
75	10	71
76	1	72
77	1	73
78	10	74
79	5	75
80	1	76
81	5	77
82	10	78
83	1	79
84	11	80
85	10	81
86	10	82
87	1	83
88	10	84
89	4	85
90	10	86
91	10	87
92	10	88
93	10	89
94	1	90
95	4	91
96	10	92
97	1	93
98	5	94
99	10	95
100	4	96
101	10	97
102	6	98
103	11	99
104	4	100
105	10	101
106	6	102
107	10	103
108	10	104
109	6	105
110	5	106
111	1	107
112	4	108
113	6	109
114	4	110
115	10	111
116	6	112
117	1	113
118	7	114
119	5	115
120	10	116
121	5	117
122	5	118
123	10	119
124	7	120
125	10	121
126	10	122
127	10	123
128	10	124
129	10	125
130	6	126
131	5	127
132	6	128
133	10	129
134	6	130
135	1	131
136	4	132
137	6	133
138	10	134
139	6	135
140	10	136
141	6	137
142	10	138
143	4	139
144	7	140
145	10	141
146	5	142
147	4	143
148	4	144
149	10	145
150	1	146
225	8	147
226	8	148
227	8	149
228	8	150
229	8	151
230	8	152
231	8	153
232	8	154
233	8	155
234	8	156
235	8	157
236	8	158
237	8	159
238	8	160
239	8	161
240	8	162
241	8	163
242	8	164
243	8	165
244	8	166
245	8	167
246	8	168
247	8	169
248	8	170
249	8	171
250	8	172
251	8	173
252	8	174
253	8	175
254	8	176
255	8	177
256	8	178
257	8	179
258	8	180
259	8	181
260	8	182
261	8	183
262	8	184
263	8	185
264	8	186
265	8	187
266	8	188
267	8	189
268	8	190
269	8	191
270	8	192
271	8	193
272	8	194
273	8	195
274	8	196
275	8	197
276	8	198
277	8	199
278	8	200
279	8	201
280	8	202
281	8	203
282	8	204
283	8	205
284	8	206
285	8	207
286	8	208
287	8	209
288	8	210
289	8	211
290	8	212
291	8	213
292	8	214
293	8	215
294	8	216
295	8	217
296	8	218
297	8	219
298	8	220
299	9	221
300	9	222
301	9	223
302	9	224
303	9	225
304	9	226
305	9	227
306	9	228
307	9	229
308	9	230
309	9	231
310	9	232
311	9	233
312	9	234
313	9	235
314	9	236
315	9	237
316	9	238
317	9	239
318	9	240
319	9	241
320	9	242
321	9	243
322	9	244
323	9	245
324	9	246
325	9	247
326	9	248
327	9	249
328	9	250
329	9	251
330	9	252
331	9	253
332	9	254
333	9	255
334	9	256
335	9	257
336	9	258
337	9	259
338	9	260
339	9	261
340	9	262
341	9	263
342	9	264
343	9	265
344	9	266
345	9	267
346	9	268
347	9	269
348	9	270
349	9	271
350	9	272
351	9	273
352	9	274
353	9	275
354	9	276
355	9	277
356	9	278
357	9	279
358	9	280
359	9	281
360	9	282
361	9	283
362	9	284
363	9	285
364	9	286
365	9	287
366	9	288
367	9	289
368	9	290
369	9	291
370	9	292
371	9	293
372	9	294
373	9	295
374	9	296
375	9	297
376	9	298
377	9	299
378	9	300
379	9	301
380	9	302
381	9	303
382	9	304
383	9	305
384	9	306
385	9	307
386	9	308
387	9	309
388	9	310
389	9	311
390	9	312
391	9	313
392	9	314
393	9	315
394	9	316
395	9	317
396	9	318
397	9	319
398	9	320
399	9	321
400	9	322
401	9	323
402	9	324
403	9	325
404	9	326
405	9	327
406	9	328
407	9	329
408	9	330
409	9	331
410	9	332
411	9	333
412	9	334
413	9	335
414	9	336
415	9	337
416	9	338
417	9	339
418	9	340
419	9	341
420	9	342
421	9	343
422	9	344
424	9	346
425	9	347
426	9	348
427	9	349
428	9	350
429	9	351
430	9	352
431	9	353
432	9	354
433	9	355
434	9	356
435	9	357
436	9	358
437	9	359
438	9	360
439	9	361
440	9	362
441	9	363
442	9	364
443	9	365
444	9	366
445	9	367
446	10	368
447	10	369
448	6	370
449	10	371
450	1	372
451	10	373
452	10	374
453	5	375
454	10	376
455	7	377
456	11	378
457	10	379
458	10	380
459	10	382
460	6	383
461	7	384
462	10	385
463	7	386
464	10	387
465	6	388
466	5	389
467	7	390
468	5	391
469	10	392
470	7	393
471	10	394
472	5	395
473	6	396
474	7	397
475	5	398
476	10	399
477	4	400
478	10	401
479	10	402
480	10	403
481	1	404
482	1	405
483	10	406
484	10	407
485	5	408
486	10	409
487	1	410
488	7	411
489	10	412
490	10	413
491	10	414
492	10	415
493	7	416
494	10	417
495	7	418
496	6	419
497	10	420
498	7	421
499	10	422
500	6	423
501	10	424
502	1	425
503	11	426
504	5	427
505	5	428
506	5	429
507	8	430
508	8	431
509	8	432
510	8	433
511	8	434
512	8	435
513	8	436
514	8	437
515	8	438
516	8	439
517	8	440
518	8	441
519	8	442
520	8	443
521	8	444
522	8	445
523	8	446
524	8	447
525	8	448
526	8	449
527	8	450
528	8	451
529	8	452
530	8	453
531	8	454
532	8	455
533	8	456
534	8	457
535	8	458
536	8	459
537	8	460
538	8	461
539	8	462
540	8	463
541	8	464
542	11	465
543	10	466
544	7	467
545	5	468
546	10	469
547	4	470
548	10	471
549	7	472
550	1	473
551	4	474
552	10	475
553	1	476
554	6	477
555	6	478
556	1	479
557	6	480
558	4	482
559	7	483
560	5	484
561	4	485
562	6	486
563	10	487
564	5	488
565	4	489
566	1	490
567	10	491
568	5	492
569	1	493
570	5	494
571	7	495
572	7	496
573	5	497
574	10	498
575	7	499
576	7	500
577	10	501
578	1	502
579	10	503
580	7	504
581	4	505
582	10	506
583	1	507
584	7	508
585	10	509
586	10	510
587	11	511
588	10	512
589	10	513
590	10	514
591	1	515
592	4	516
593	5	517
594	10	518
595	4	519
596	7	520
597	1	521
598	10	522
599	7	523
600	10	524
601	1	525
602	4	526
603	7	527
604	7	528
605	10	529
606	7	530
607	6	531
608	6	532
609	4	533
610	4	534
611	1	535
612	7	536
613	5	537
614	7	538
615	7	539
616	7	540
617	7	541
618	10	542
619	10	543
620	11	544
621	7	545
622	7	546
623	1	547
624	10	548
625	7	549
626	7	550
627	4	551
628	7	552
629	7	553
630	7	554
631	4	555
632	5	556
633	10	557
634	5	558
635	9	560
636	9	561
637	9	562
638	9	563
639	9	564
640	9	565
641	8	566
642	8	567
643	9	568
644	9	569
645	9	570
646	8	571
647	9	572
648	9	573
649	9	574
650	9	575
651	9	576
652	8	577
653	8	578
654	9	579
655	8	580
656	8	581
657	8	582
658	8	583
659	8	584
660	8	585
661	8	586
662	9	587
663	9	588
664	8	589
665	9	590
666	8	591
667	8	592
668	8	593
669	9	594
670	8	595
671	9	596
672	9	597
673	9	598
674	9	599
675	9	600
676	8	601
677	8	602
678	9	603
679	8	604
680	8	605
681	9	606
682	8	607
683	8	608
684	8	609
685	9	610
686	9	611
687	8	612
688	8	613
689	9	614
690	9	615
691	8	616
692	8	617
693	8	618
694	8	619
695	8	620
696	8	621
697	8	622
698	9	623
699	9	624
700	9	625
701	8	626
702	8	627
703	8	628
704	8	629
705	8	630
706	8	631
707	8	632
708	8	633
709	8	634
710	8	635
711	9	636
712	8	637
713	8	638
714	9	639
715	9	640
717	10	641
718	9	642
719	9	643
720	8	644
\.


--
-- Name: players_positions_id_seq; Type: SEQUENCE SET; Schema: public; Owner: -
--

SELECT pg_catalog.setval('players_positions_id_seq', 720, true);


--
-- Data for Name: positions; Type: TABLE DATA; Schema: public; Owner: -
--

COPY positions (id, pos, created_at, updated_at) FROM stdin;
1	2B	2017-02-07 19:59:01.332682	2017-02-21 20:27:32.067476
5	3B	2017-02-07 21:06:42.117869	2017-02-21 20:27:39.722163
6	SS	2017-02-07 21:07:18.983559	2017-02-21 20:27:56.305562
7	C	2017-02-07 21:07:34.825282	2017-02-21 20:28:02.377503
4	1B	2017-02-07 21:06:27.581844	2017-02-21 20:28:13.505317
8	SP	2017-02-07 21:07:46.285954	2017-02-21 20:28:29.126126
9	RP	2017-02-07 21:07:56.251129	2017-02-21 20:28:35.594694
10	OF	2017-02-07 21:08:07.962788	2017-02-21 20:28:59.770304
11	DH	2017-02-11 18:43:34.853257	2017-02-22 01:56:26.32489
\.


--
-- Name: positions_id_seq; Type: SEQUENCE SET; Schema: public; Owner: -
--

SELECT pg_catalog.setval('positions_id_seq', 11, true);


--
-- Data for Name: schema_migrations; Type: TABLE DATA; Schema: public; Owner: -
--

COPY schema_migrations (version) FROM stdin;
20160710225252
20160711135948
20160711175314
20160711181027
20160711181329
20160713161644
20160721121537
20160721121800
20160721141711
20170205142157
20170205150120
20170205150830
20170207144920
20170207145944
20170207192932
20170207195312
20170207214130
20170207214201
20170208130143
20170208131017
20170209143606
20170209203037
20170211172055
20170212142716
20170217131132
20170218123929
20170221131331
20170221132429
20170221132553
20170221142608
20170221143016
20170222123548
20170226160635
\.


--
-- Data for Name: team_seasons; Type: TABLE DATA; Schema: public; Owner: -
--

COPY team_seasons (id, year, place, run_points, hr_points, rbi_points, sb_points, avg_points, win_points, k_points, sv_points, whip_points, era_points, total_run, total_hr, total_rbi, total_sb, total_avg, total_win, total_k, total_sv, total_whip, total_era, total_points, owner_id, created_at, updated_at, current_season, innings, gp) FROM stdin;
139	2015	3	8	6	7	10	8	7	9.5	7	8	5	935	239	897	157	0.278600000000000014	93	1497	141	1.123	3.39500000000000002	75.5	8	2016-07-12 13:50:00	2016-07-22 15:45:28.36728	f	\N	\N
133	2015	5	7	9	4	7	4	10	2.5	10	4	4	870	242	927	124	0.276700000000000002	72	1302	160	1.22700000000000009	3.5950000000000002	56.5	7	2016-07-12 13:50:00	2016-07-22 15:45:28.402227	f	\N	\N
175	2015	10	1	2	1	1	6	1	1	1	1	1	740	190	731	60	0.271899999999999975	69	1017	28	1.40700000000000003	4.47100000000000009	16	12	2016-07-12 13:50:00	2016-07-22 15:45:28.405512	f	\N	\N
169	2015	9	4	1	2	5.5	5	2.5	2	2	3	2	844	179	749	128	0.270199999999999996	72	1073	42	1.24399999999999999	3.74400000000000022	29	13	2016-07-12 13:50:00	2016-07-22 15:45:28.409814	f	\N	\N
425	\N	\N	\N	\N	\N	\N	\N	\N	\N	\N	\N	\N	\N	\N	\N	\N	\N	\N	\N	\N	\N	\N	\N	\N	2016-07-29 12:58:01.383468	2016-07-29 12:58:01.383468	\N	\N	\N
426	\N	\N	\N	\N	\N	\N	\N	\N	\N	\N	\N	\N	\N	\N	\N	\N	\N	\N	\N	\N	\N	\N	\N	\N	2016-07-29 12:58:01.388487	2016-07-29 12:58:01.388487	\N	\N	\N
331	2007	1	10	10	8	7	10	6	7	7	3.5	3	927	237	866	130	0.298999999999999988	82	1089	104	1.29000000000000004	3.9700000000000002	71.5	6	2016-07-23 14:10:14.374745	2016-07-23 14:10:14.374745	f	\N	\N
332	2007	2	7	5	7	6	4	10	6	10	8.5	5	849	200	864	115	0.280000000000000027	96	1076	115	1.25	3.93000000000000016	68.5	7	2016-07-23 14:10:14.382916	2016-07-23 14:10:14.382916	f	\N	\N
333	2007	3	9	9	9	8	6	8	8	3	2	6	877	229	874	141	0.287999999999999978	84	1097	87	1.30000000000000004	3.87999999999999989	68	8	2016-07-23 14:10:14.390212	2016-07-23 14:10:14.390212	f	\N	\N
334	2007	4	6	1	3	9	8	5	10	9	5.5	7	830	166	756	167	0.293999999999999984	79	1138	112	1.28000000000000003	3.81999999999999984	63.5	11	2016-07-23 14:10:14.398969	2016-07-23 14:10:14.398969	f	\N	\N
163	2015	7	2	3	3	3	3	6	8	5	5	6	814	209	772	116	0.260299999999999976	91	1459	113	1.19999999999999996	3.35899999999999999	44	14	2016-07-12 13:50:00	2016-07-22 15:45:28.413788	f	\N	\N
157	2015	4	7	8	10	8	2	9	9.5	8	6	7	917	254	965	139	0.258299999999999974	99	1497	151	1.15300000000000002	3.31999999999999984	74.5	11	2016-07-12 13:50:00	2016-07-22 15:45:28.416618	f	\N	\N
127	2015	1	10	9	8	9	9	10	6	6	9	9	1018	259	919	149	0.280299999999999994	100	1366	139	1.11899999999999999	3.08199999999999985	85	6	2016-07-12 13:50:00	2016-07-22 15:45:28.41956	f	\N	\N
121	2015	5	6	4	4	7	10	5	5	4	7	8	906	210	812	136	0.282799999999999996	85	1323	111	1.1379999999999999	3.23799999999999999	60	5	2016-07-12 13:50:00	2016-07-22 15:45:28.422366	f	\N	\N
151	2015	8	3	5	5	2	1	4	3	3	2	3	818	230	832	83	0.254800000000000026	80	1145	77	1.25299999999999989	3.66800000000000015	31	10	2016-07-12 13:50:00	2016-07-22 15:45:28.424964	f	\N	\N
145	2015	2	9	10	6	5.5	4	8	7	9	10	10	971	260	883	128	0.2626	98	1416	153	1.10200000000000009	2.996	78.5	9	2016-07-12 13:50:00	2016-07-22 15:45:28.427505	f	\N	\N
128	2014	9	3	5	4	3	3.5	3	3	2	2	1	830	192	815	126	0.266600000000000004	74	1214	73	1.2629999999999999	3.71399999999999997	29.5	6	2016-07-12 13:50:00	2016-07-22 15:45:28.430226	f	\N	\N
122	2014	8	1	2	3	4	9	2	2	1	5	4	803	178	796	128	0.276000000000000023	73	1176	66	1.19399999999999995	3.29300000000000015	33	5	2016-07-12 13:50:00	2016-07-22 15:45:28.4328	f	\N	\N
134	2014	4	7	6	7	5	10	7	8	8	6	6	893	202	876	129	0.280299999999999994	92	1392	122	1.18399999999999994	3.23799999999999999	70	7	2016-07-12 13:50:00	2016-07-22 15:45:28.435929	f	\N	\N
140	2014	2	9	9	8	7	8	10	7	6.5	10	10	935	237	889	139	0.272199999999999998	99	1364	121	1.07299999999999995	2.70100000000000007	84.5	8	2016-07-12 13:50:00	2016-07-22 15:45:28.441373	f	\N	\N
146	2014	1	10	10	10	6	5	9	10	10	9	8	956	239	893	131	0.269399999999999973	97	1517	175	1.1319999999999999	3.10899999999999999	87	9	2016-07-12 13:50:00	2016-07-22 15:45:28.444698	f	\N	\N
152	2014	5	4	7	5	1	2	8	6	4	8	7	838	217	841	96	0.258400000000000019	94	1330	102	1.1419999999999999	3.22599999999999998	52	10	2016-07-12 13:50:00	2016-07-22 15:45:28.450177	f	\N	\N
158	2014	6	6	4	2	8	1	4	5	6.5	4	5	864	191	787	140	0.253400000000000014	85	1313	121	1.19599999999999995	3.27800000000000002	45.5	11	2016-07-12 13:50:00	2016-07-22 15:45:28.452878	f	\N	\N
164	2014	3	8	8	9	9	7	10	7	6.5	10	10	921	236	890	160	0.270699999999999996	87	1403	93	1.15999999999999992	3.04099999999999993	74	14	2016-07-12 13:50:00	2016-07-22 15:45:28.455517	f	\N	\N
170	2014	7	5	1	1	10	6	6	4	9	1	2	839	145	669	178	0.269899999999999973	88	1232	129	1.28000000000000003	3.69399999999999995	45	15	2016-07-12 13:50:00	2016-07-22 15:45:28.460157	f	\N	\N
176	2014	10	2	3	6	2	3.5	1	1	5	3	3	807	185	854	101	0.266600000000000004	71	1102	110	1.21599999999999997	3.46799999999999997	29.5	18	2016-07-12 13:50:00	2016-07-22 15:45:28.462933	f	\N	\N
335	2007	5	5	6	5	1	3	8	4	4	10	10	817	202	809	89	0.279000000000000026	84	1054	92	1.23999999999999999	3.45000000000000018	56	14	2016-07-23 14:10:14.407948	2016-07-23 14:10:14.407948	f	\N	\N
336	2007	6	8	8	6	5	7	1.5	5	5	7	1	860	220	830	114	0.290999999999999981	72	1058	94	1.26000000000000001	4.03000000000000025	53.5	21	2016-07-23 14:10:14.416016	2016-07-23 14:10:14.416016	f	\N	\N
337	2007	7	4	2	4	4	5	8	3	1	8.5	9	787	168	775	111	0.284999999999999976	84	1041	69	1.25	3.7200000000000002	48.5	22	2016-07-23 14:10:14.423828	2016-07-23 14:10:14.423828	f	\N	\N
338	2007	8	2	4	1	10	2	1.5	9	8	3.5	2	782	188	724	179	0.278000000000000025	72	1126	108	1.29000000000000004	3.99000000000000021	43	9	2016-07-23 14:10:14.431221	2016-07-23 14:10:14.431221	f	\N	\N
533	\N	\N	\N	\N	\N	\N	\N	\N	\N	\N	\N	\N	\N	\N	\N	\N	\N	\N	\N	\N	\N	\N	\N	\N	2016-08-05 20:31:22.472869	2016-08-05 20:31:22.472869	\N	\N	\N
141	2013	3	8	7	10	2	4	10	7	7	6	5	960	243	960	96	0.269100000000000006	106	1371	124	1.19100000000000006	3.41000000000000014	66	8	2016-07-12 13:50:00	2016-07-22 15:45:28.465744	f	\N	\N
165	2013	5	9	4	2	10	6	10	7	7	6	5	966	200	804	184	0.272199999999999998	83	1398	130	1.19199999999999995	3.38700000000000001	63	14	2016-07-12 13:50:00	2016-07-22 15:45:28.468614	f	\N	\N
534	\N	\N	\N	\N	\N	\N	\N	\N	\N	\N	\N	\N	\N	\N	\N	\N	\N	\N	\N	\N	\N	\N	\N	\N	2016-08-05 20:31:22.477337	2016-08-05 20:31:22.477337	\N	\N	\N
123	2013	7	5	5	9	3	7	1.5	1	5.5	3	3	896	226	929	107	0.273299999999999987	80	1223	118	1.22100000000000009	3.67600000000000016	43	5	2016-07-12 13:50:00	2016-07-22 15:45:28.471227	f	\N	\N
629	\N	\N	\N	\N	\N	\N	\N	\N	\N	\N	\N	\N	\N	\N	\N	\N	\N	\N	\N	\N	\N	\N	\N	\N	2016-08-06 13:08:34.84301	2016-08-06 13:08:34.84301	\N	\N	\N
147	2013	1	7	10	4	8	5	8	9	9	10	10	953	255	868	166	0.270100000000000007	96	1433	138	1.1379999999999999	3.08000000000000007	80	9	2016-07-12 13:50:00	2016-07-22 15:45:28.474285	f	\N	\N
135	2013	10	3	1	5	5	10	1.5	5	3	2	1	862	192	871	145	0.283299999999999996	80	1327	100	1.2569999999999999	3.80900000000000016	36.5	7	2016-07-12 13:50:00	2016-07-22 15:45:28.477036	f	\N	\N
630	\N	\N	\N	\N	\N	\N	\N	\N	\N	\N	\N	\N	\N	\N	\N	\N	\N	\N	\N	\N	\N	\N	\N	\N	2016-08-06 13:08:34.848086	2016-08-06 13:08:34.848086	\N	\N	\N
437	\N	\N	\N	\N	\N	\N	\N	\N	\N	\N	\N	\N	\N	\N	\N	\N	\N	\N	\N	\N	\N	\N	\N	\N	2016-07-30 12:45:46.03098	2016-07-30 12:45:46.03098	\N	\N	\N
438	\N	\N	\N	\N	\N	\N	\N	\N	\N	\N	\N	\N	\N	\N	\N	\N	\N	\N	\N	\N	\N	\N	\N	\N	2016-07-30 12:45:46.035611	2016-07-30 12:45:46.035611	\N	\N	\N
677	\N	\N	\N	\N	\N	\N	\N	\N	\N	\N	\N	\N	\N	\N	\N	\N	\N	\N	\N	\N	\N	\N	\N	\N	2017-01-24 14:16:27.751737	2017-01-24 14:16:27.751737	\N	\N	\N
339	2007	9	1	7	10	3	9	3	1	2	1	4	781	207	880	101	0.296999999999999986	75	873	74	1.37000000000000011	3.95999999999999996	41	17	2016-07-23 14:10:14.439628	2016-07-23 14:10:14.439628	f	\N	\N
340	2007	10	3	3	2	2	1	4	2	6	5.5	8	783	181	746	90	0.276000000000000023	77	951	100	1.28000000000000003	3.77000000000000002	36.5	5	2016-07-23 14:10:14.447764	2016-07-23 14:10:14.447764	f	\N	\N
341	2008	1	5	8	7	5	3	7	10	9	10	10	836	215	822	107	0.277000000000000024	84	1244	129	1.19999999999999996	3.14999999999999991	74	14	2016-07-23 14:10:14.456067	2016-07-23 14:10:14.456067	f	\N	\N
342	2008	2	6	10	10	2.5	8.5	8.5	9	6	5.5	7	844	237	899	97	0.290999999999999981	85	1240	117	1.28000000000000003	3.56999999999999984	73	8	2016-07-23 14:10:14.46595	2016-07-23 14:10:14.46595	f	\N	\N
343	2008	2	7	6	6	8	4.5	8.5	7	8	9	9	852	210	814	152	0.281999999999999973	85	1161	121	1.23999999999999999	3.39999999999999991	73	6	2016-07-23 14:10:14.474629	2016-07-23 14:10:14.474629	f	\N	\N
344	2008	4	8.5	7	8	6	10	10	2	1	7.5	6	864	211	828	114	0.294999999999999984	94	959	48	1.27000000000000002	3.74000000000000021	66	17	2016-07-23 14:10:14.482286	2016-07-23 14:10:14.482286	f	\N	\N
345	2008	5	8.5	4	5	9	6.5	3.5	8	10	4	4	864	180	756	158	0.282999999999999974	74	1214	150	1.29000000000000004	3.89000000000000012	62.5	11	2016-07-23 14:10:14.490299	2016-07-23 14:10:14.490299	f	\N	\N
346	2008	6	10	9	9	10	6.5	1	5	5	3	3	868	230	830	161	0.282999999999999974	70	1107	103	1.32000000000000006	3.93000000000000016	61.5	9	2016-07-23 14:10:14.499658	2016-07-23 14:10:14.499658	f	\N	\N
347	2008	7	4	5	3	4	4.5	5	3	4	5.5	5	812	204	740	100	0.281999999999999973	75	1009	82	1.28000000000000003	3.87999999999999989	43	21	2016-07-23 14:10:14.507506	2016-07-23 14:10:14.507506	f	\N	\N
348	2008	8	3	2	2	1	8.5	6	1	3	7.5	8	751	164	700	86	0.290999999999999981	80	843	79	1.27000000000000002	3.49000000000000021	42	5	2016-07-23 14:10:14.515301	2016-07-23 14:10:14.515301	f	\N	\N
349	2008	9	1	1	1	7	1	3.5	6	7	2	1	719	162	688	119	0.267000000000000015	74	1114	120	1.33000000000000007	4.04999999999999982	30.5	7	2016-07-23 14:10:14.523698	2016-07-23 14:10:14.523698	f	\N	\N
351	2009	1	10	6.5	9	8	5.5	10	6	3	8	7	1050	256	971	188	0.279000000000000026	97	1255	83	1.23999999999999999	3.66999999999999993	73	7	2016-07-23 14:10:14.538884	2016-07-23 14:10:14.538884	f	\N	\N
352	2009	2	9	9	5	5	8	5	7	10	6	6	1001	268	919	146	0.283999999999999975	85	1274	150	1.30000000000000004	3.89000000000000012	70	11	2016-07-23 14:10:14.546344	2016-07-23 14:10:14.546344	f	\N	\N
353	2009	3	7	8	8	7	9.5	7	4	8	5	5	959	258	968	162	0.286999999999999977	94	1191	129	1.32000000000000006	3.89999999999999991	68.5	9	2016-07-23 14:10:14.555526	2016-07-23 14:10:14.555526	f	\N	\N
354	2009	4	6	4	7	2	2	6	9	9	10	10	958	239	962	105	0.274000000000000021	91	1307	143	1.14999999999999991	3.12000000000000011	65	14	2016-07-23 14:10:14.563178	2016-07-23 14:10:14.563178	f	\N	\N
355	2009	5	4.5	1.5	2	4	9.5	8	8	7	7	8	957	230	909	135	0.286999999999999977	95	1294	117	1.25	3.58000000000000007	59.5	8	2016-07-23 14:10:14.570714	2016-07-23 14:10:14.570714	f	\N	\N
357	2009	7	8	10	10	9	3.5	2	5	5	3.5	2	994	305	1057	190	0.276000000000000023	74	1223	93	1.33000000000000007	4.13999999999999968	58	6	2016-07-23 14:10:14.586486	2016-07-23 14:10:14.586486	f	\N	\N
358	2009	8	2	1.5	3	10	7	3	3	4	3.5	4	906	230	913	208	0.282999999999999974	76	1109	86	1.33000000000000007	3.95000000000000018	41	17	2016-07-23 14:10:14.594212	2016-07-23 14:10:14.594212	f	\N	\N
359	2009	9	4.5	5	1	3	5.5	1	1	6	1	1	957	240	886	125	0.279000000000000026	65	965	110	1.3899999999999999	4.70000000000000018	29	21	2016-07-23 14:10:14.602862	2016-07-23 14:10:14.602862	f	\N	\N
360	2009	10	1	6.5	6	1	1	4	2	1	2	3	894	256	950	81	0.27200000000000002	83	1091	62	1.34000000000000008	4	27.5	5	2016-07-23 14:10:14.61062	2016-07-23 14:10:14.61062	f	\N	\N
678	\N	\N	\N	\N	\N	\N	\N	\N	\N	\N	\N	\N	\N	\N	\N	\N	\N	\N	\N	\N	\N	\N	\N	\N	2017-01-24 14:16:27.75643	2017-01-24 14:16:27.75643	\N	\N	\N
679	2016	1	10	10	10	6	10	6	8	9	7	7	1025	316	1064	115	0.288200000000000012	89	1484	198	1.18700000000000006	3.60000000000000009	83	8	2017-01-24 14:47:17.63262	2017-01-24 14:47:17.63262	f	1457.09999999999991	1775
680	2016	2	9	4	8	10	5	10	10	6	9	9	1020	260	1021	178	0.270799999999999985	110	1606	185	1.1120000000000001	3.23899999999999988	80	6	2017-01-24 14:47:17.641504	2017-01-24 14:47:17.641504	f	1459	1771
681	2016	2	8	8	9	5	7	8	9	10	8	8	1016	304	1024	99	0.281000000000000028	95	1516	216	1.17900000000000005	3.3919999999999999	80	5	2017-01-24 14:47:17.650124	2017-01-24 14:47:17.650124	f	1425	1792
545	\N	\N	\N	\N	\N	\N	\N	\N	\N	\N	\N	\N	\N	\N	\N	\N	\N	\N	\N	\N	\N	\N	\N	\N	2016-08-05 20:34:54.116928	2016-08-05 20:34:54.116928	\N	\N	\N
691	2012	6	4	2	2	6	6	6.5	5	5	9	8	917	191	746	162	0.272100000000000009	92	1327	110	1.18999999999999995	3.3490000000000002	53.5	21	2017-02-09 14:15:09.36443	2017-02-09 14:15:09.36443	f	\N	\N
350	2008	10	2	3	4	2.5	2	2	4	2	1	2	740	172	753	97	0.270000000000000018	72	1067	70	1.37000000000000011	4.03000000000000025	24.5	20	2016-07-23 14:10:14.530985	2016-07-23 14:10:14.530985	f	\N	\N
546	\N	\N	\N	\N	\N	\N	\N	\N	\N	\N	\N	\N	\N	\N	\N	\N	\N	\N	\N	\N	\N	\N	\N	\N	2016-08-05 20:34:54.121488	2016-08-05 20:34:54.121488	\N	\N	\N
129	2013	2	6	9	8	6	3	9	10	5.5	8	6	931	253	910	146	0.267299999999999982	98	1450	118	1.18399999999999994	3.3879999999999999	70.5	6	2016-07-12 13:50:00	2016-07-22 15:45:28.479862	f	\N	\N
153	2013	8	4	8	3	1	1	6	6	2	7	4	866	245	862	85	0.263799999999999979	85	1336	74	1.18700000000000006	3.6030000000000002	42	10	2016-07-12 13:50:00	2016-07-22 15:45:28.482498	f	\N	\N
171	2013	3	10	6	6	9	8	3	2	4	9	9	978	235	876	167	0.277799999999999991	81	1250	102	1.18100000000000005	3.25199999999999978	66	15	2016-07-12 13:50:00	2016-07-22 15:45:28.485596	f	\N	\N
177	2013	9	2	3	7	4	9	5	3	1	1	2	852	198	883	111	0.280600000000000016	84	1285	63	1.254	3.68100000000000005	37	18	2016-07-12 13:50:00	2016-07-22 15:45:28.489673	f	\N	\N
159	2013	6	1	2	1	7	2	7	4	10	4	8	820	195	778	156	0.267000000000000015	90	1319	156	1.21199999999999997	3.38099999999999978	46	11	2016-07-12 13:50:00	2016-07-22 15:45:28.493138	f	\N	\N
160	2012	4	6	4	6	10	7	6.5	8	7	2	4	939	236	908	176	0.276600000000000013	92	1349	130	1.2629999999999999	3.72299999999999986	60.5	11	2016-07-12 13:50:00	2016-07-22 15:45:28.498791	f	\N	\N
166	2012	8	3	1	1	9	2	8.5	7	6	3	2	831	168	704	166	0.26419999999999999	91	1336	127	1.2569999999999999	3.84299999999999997	42.5	14	2016-07-12 13:50:00	2016-07-22 15:45:28.501537	f	\N	\N
130	2012	3	10	8	4	4.5	9	5	6	1	10	9	1030	268	890	146	0.284100000000000019	89	1344	28	1.18599999999999994	3.35000000000000009	66.5	6	2016-07-12 13:50:00	2016-07-22 15:45:28.504216	f	\N	\N
178	2012	9	2	5	8	1	5	3	2	3	6	5	819	240	952	104	0.269600000000000006	84	1116	67	1.21599999999999997	3.62800000000000011	40	18	2016-07-12 13:50:00	2016-07-22 15:45:28.507975	f	\N	\N
124	2012	10	1	3	3	3	1	1	1	2	1	1	797	209	822	122	0.263000000000000012	68	1010	50	1.40100000000000002	4.34700000000000042	17	5	2016-07-12 13:50:00	2016-07-22 15:45:28.514169	f	\N	\N
148	2012	2	8	10	10	8	4	10	10	8	7	7	987	289	976	166	0.269799999999999984	95	1425	136	1.19300000000000006	3.54199999999999982	82	9	2016-07-12 13:50:00	2016-07-22 15:45:28.519539	f	\N	\N
142	2012	1	9	6	7	7	8	8.5	9	10	8	10	1019	249	941	164	0.279799999999999993	93	1399	164	1.18900000000000006	3.20599999999999996	82.5	8	2016-07-12 13:50:00	2016-07-22 15:45:28.522155	f	\N	\N
136	2012	5	7	7	9	2	10	2	4	9	4	3	973	261	966	114	0.291600000000000026	79	1221	143	1.25	3.75599999999999978	57	7	2016-07-12 13:50:00	2016-07-22 15:45:28.524807	f	\N	\N
161	2011	6	3	2	2.5	10	4	3.5	8	10	2	2	857	201	817	201	0.270000000000000018	85	1305	185	1.2609999999999999	3.78699999999999992	47	11	2016-07-12 13:50:00	2016-07-22 15:45:28.527441	f	\N	\N
143	2011	9	8	5	4	6	5	1	3	2	3	3	967	237	878	154	0.273299999999999987	70	1236	72	1.24199999999999999	3.62000000000000011	40	8	2016-07-12 13:50:00	2016-07-22 15:45:28.530377	f	\N	\N
149	2011	2	10	9	8.5	9	7	9	9	9	1	1	1050	260	923	184	0.2747	98	1362	141	1.26899999999999991	3.81400000000000006	72.5	9	2016-07-12 13:50:00	2016-07-22 15:45:28.533432	f	\N	\N
155	2011	4	9	10	7	7	3	3.5	4	6	9	8	1000	269	922	156	0.269199999999999995	85	1238	114	1.18599999999999994	3.42399999999999993	66.5	10	2016-07-12 13:50:00	2016-07-22 15:45:28.539979	f	\N	\N
125	2011	5	6	3	8.5	4	9	8	5	8	7	5	949	203	923	143	0.278700000000000003	93	1245	129	1.20799999999999996	3.44899999999999984	63.5	5	2016-07-12 13:50:00	2016-07-22 15:45:28.543784	f	\N	\N
167	2011	10	1.5	1	2.5	2	1	3.5	2	4	4	9	803	187	817	121	0.253900000000000015	85	1170	93	1.2390000000000001	3.39599999999999991	30.5	14	2016-07-12 13:50:00	2016-07-22 15:45:28.548493	f	\N	\N
179	2011	8	1.5	4	1	1	2	10	7	3	8	4	803	228	805	107	0.258799999999999975	99	1296	74	1.24199999999999999	3.48600000000000021	41.5	19	2016-07-12 13:50:00	2016-07-22 15:45:28.551265	f	\N	\N
173	2011	7	4	6	6	3	10	3.5	1	1	6	6	871	240	921	140	0.28460000000000002	85	1136	37	1.21100000000000008	3.44700000000000006	46.5	17	2016-07-12 13:50:00	2016-07-22 15:45:28.553981	f	\N	\N
137	2011	1	5	8	10	8	6	6	6	5	10	10	944	248	992	158	0.273799999999999988	89	1280	113	1.16999999999999993	3.18800000000000017	74	7	2016-07-12 13:50:00	2016-07-22 15:45:28.557799	f	\N	\N
131	2011	3	7	7	5	5	8	7	10	7	5	7	961	245	918	148	0.276899999999999979	90	1384	115	1.21199999999999997	3.44200000000000017	68	6	2016-07-12 13:50:00	2016-07-22 15:45:28.561481	f	\N	\N
156	2010	6	5	10	9	3	5	4	6	1	2	2	926	270	952	118	0.27410000000000001	86	1289	37	1.30499999999999994	3.97100000000000009	47	10	2016-07-12 13:50:00	2016-07-22 15:45:28.564201	f	\N	\N
180	2010	10	4	1	2	4	3	2	2	2	3	4	905	189	843	124	0.273199999999999998	83	1186	51	1.29200000000000004	3.59200000000000008	27	20	2016-07-12 13:50:00	2016-07-22 15:45:28.566839	f	\N	\N
132	2010	9	2	2.5	3	2	1	5.5	4	5	8	5	904	197	848	116	0.266400000000000026	92	1247	102	1.21799999999999997	3.53699999999999992	38	6	2016-07-12 13:50:00	2016-07-22 15:45:28.569491	f	\N	\N
138	2010	2	9	9	9	8	4	7	3	8	6	8	975	256	933	175	0.274299999999999988	97	1213	123	1.24700000000000011	3.31300000000000017	71	7	2016-07-12 13:50:00	2016-07-22 15:45:28.572194	f	\N	\N
150	2010	3	8	7	10	8	7	5.5	5	10	4	3	958	246	984	160	0.277799999999999991	94	1287	179	1.27600000000000002	3.6549999999999998	67.5	9	2016-07-12 13:50:00	2016-07-22 15:45:28.575614	f	\N	\N
162	2010	5	7	6	5	10	9	3	8	9	1	1	938	219	871	184	0.280100000000000016	84	1337	143	1.33200000000000007	4.12999999999999989	59	11	2016-07-12 13:50:00	2016-07-22 15:45:28.578364	f	\N	\N
144	2010	1	10	8	7	6	8	9	9	6	9	9	1010	249	925	135	0.276899999999999979	101	1340	115	1.16100000000000003	3.05200000000000005	81	8	2016-07-12 13:50:00	2016-07-22 15:45:28.581052	f	\N	\N
168	2010	4	3	2.5	4	5	10	10	10	7	7	7	904	197	854	130	0.281000000000000028	111	1362	121	1.23100000000000009	3.43699999999999983	65.5	14	2016-07-12 13:50:00	2016-07-22 15:45:28.584164	f	\N	\N
126	2010	6	6	5	6	1	6	8	1	3	5	6	933	217	882	106	0.27629999999999999	100	1169	83	1.24399999999999999	3.48200000000000021	47	5	2016-07-12 13:50:00	2016-07-22 15:45:28.58947	f	\N	\N
174	2010	6	1	4	1	7	2	1	7	4	10	10	862	198	805	155	0.269799999999999984	82	1297	84	1.13300000000000001	3.02400000000000002	47	17	2016-07-12 13:50:00	2016-07-22 15:45:28.593082	f	\N	\N
449	\N	\N	\N	\N	\N	\N	\N	\N	\N	\N	\N	\N	\N	\N	\N	\N	\N	\N	\N	\N	\N	\N	\N	\N	2016-07-31 13:20:30.390469	2016-07-31 13:20:30.390469	\N	\N	\N
450	\N	\N	\N	\N	\N	\N	\N	\N	\N	\N	\N	\N	\N	\N	\N	\N	\N	\N	\N	\N	\N	\N	\N	\N	2016-07-31 13:20:30.395324	2016-07-31 13:20:30.395324	\N	\N	\N
557	\N	\N	\N	\N	\N	\N	\N	\N	\N	\N	\N	\N	\N	\N	\N	\N	\N	\N	\N	\N	\N	\N	\N	\N	2016-08-05 20:42:53.90435	2016-08-05 20:42:53.90435	\N	\N	\N
154	2012	7	5	9	5	4.5	3	4	3	4	5	6	944	272	899	148	0.266799999999999982	86	1165	106	1.22399999999999998	3.67099999999999982	48.5	10	2016-07-12 13:50:00	2016-07-22 15:45:28.516783	f	\N	\N
558	\N	\N	\N	\N	\N	\N	\N	\N	\N	\N	\N	\N	\N	\N	\N	\N	\N	\N	\N	\N	\N	\N	\N	\N	2016-08-05 20:42:53.908492	2016-08-05 20:42:53.908492	\N	\N	\N
682	2016	4	5.5	5	7	7	9	3.5	6	7	10	10	992	267	990	148	0.285299999999999998	86	1352	189	1.10299999999999998	3.08899999999999997	70	9	2017-01-24 14:47:17.657954	2017-01-24 14:47:17.657954	f	1290.20000000000005	1738
461	\N	\N	\N	\N	\N	\N	\N	\N	\N	\N	\N	\N	\N	\N	\N	\N	\N	\N	\N	\N	\N	\N	\N	\N	2016-08-05 20:14:11.034005	2016-08-05 20:14:11.034005	\N	\N	\N
462	\N	\N	\N	\N	\N	\N	\N	\N	\N	\N	\N	\N	\N	\N	\N	\N	\N	\N	\N	\N	\N	\N	\N	\N	2016-08-05 20:14:11.038731	2016-08-05 20:14:11.038731	\N	\N	\N
683	2016	5	5.5	7	5	9	8	1	5	8	3	5	992	287	927	164	0.282200000000000006	67	1343	197	1.28200000000000003	3.83599999999999985	56.5	7	2017-01-24 14:47:17.666164	2017-01-24 14:47:17.666164	f	1316.09999999999991	1720
684	2016	6	4	9	6	3	2	9	3	4	5	4	943	310	936	84	0.26319999999999999	109	1270	145	1.23999999999999999	3.88700000000000001	49	10	2017-01-24 14:47:17.673708	2017-01-24 14:47:17.673708	f	1451.20000000000005	1722
685	2016	7	7	6	3	8	3	5	1	3	2	1	997	284	908	154	0.26319999999999999	87	1254	120	1.33600000000000008	4.28099999999999969	39	11	2017-01-24 14:47:17.681682	2017-01-24 14:47:17.681682	f	1267.20000000000005	1746
686	2016	8	3	3	2	1	1	7	7	1	6	3	911	255	873	74	0.26319999999999999	91	1408	109	1.2370000000000001	3.92799999999999994	34	12	2017-01-24 14:47:17.690601	2017-01-24 14:47:17.690601	f	1423	1717
687	2016	9	1	2	1	2	6	3.5	4	2	4	6	887	249	867	83	0.271000000000000019	86	1317	119	1.25600000000000001	3.63600000000000012	31.5	14	2017-01-24 14:47:17.698906	2017-01-24 14:47:17.698906	f	1359	1725
688	2016	10	2	1	4	4	4	2	2	5	1	2	903	246	914	86	0.265900000000000025	81	1262	147	1.33800000000000008	4.01900000000000013	27	13	2017-01-24 14:47:17.706838	2017-01-24 14:47:17.706838	f	1305.20000000000005	1726
689	\N	\N	\N	\N	\N	\N	\N	\N	\N	\N	\N	\N	\N	\N	\N	\N	\N	\N	\N	\N	\N	\N	\N	\N	2017-01-24 14:47:17.713789	2017-01-24 14:47:17.713789	\N	\N	\N
690	\N	\N	\N	\N	\N	\N	\N	\N	\N	\N	\N	\N	\N	\N	\N	\N	\N	\N	\N	\N	\N	\N	\N	\N	2017-01-24 14:47:17.718773	2017-01-24 14:47:17.718773	\N	\N	\N
356	2009	6	3	3	4	6	3.5	9	10	2	9	9	950	238	917	150	0.276000000000000023	96	1351	77	1.19999999999999996	3.2200000000000002	58.5	20	2016-07-23 14:10:14.578568	2016-07-23 14:10:14.578568	f	\N	\N
569	\N	\N	\N	\N	\N	\N	\N	\N	\N	\N	\N	\N	\N	\N	\N	\N	\N	\N	\N	\N	\N	\N	\N	\N	2016-08-05 20:44:16.126203	2016-08-05 20:44:16.126203	\N	\N	\N
473	\N	\N	\N	\N	\N	\N	\N	\N	\N	\N	\N	\N	\N	\N	\N	\N	\N	\N	\N	\N	\N	\N	\N	\N	2016-08-05 20:17:01.116234	2016-08-05 20:17:01.116234	\N	\N	\N
474	\N	\N	\N	\N	\N	\N	\N	\N	\N	\N	\N	\N	\N	\N	\N	\N	\N	\N	\N	\N	\N	\N	\N	\N	2016-08-05 20:17:01.120669	2016-08-05 20:17:01.120669	\N	\N	\N
570	\N	\N	\N	\N	\N	\N	\N	\N	\N	\N	\N	\N	\N	\N	\N	\N	\N	\N	\N	\N	\N	\N	\N	\N	2016-08-05 20:44:16.130956	2016-08-05 20:44:16.130956	\N	\N	\N
485	\N	\N	\N	\N	\N	\N	\N	\N	\N	\N	\N	\N	\N	\N	\N	\N	\N	\N	\N	\N	\N	\N	\N	\N	2016-08-05 20:17:45.793282	2016-08-05 20:17:45.793282	\N	\N	\N
486	\N	\N	\N	\N	\N	\N	\N	\N	\N	\N	\N	\N	\N	\N	\N	\N	\N	\N	\N	\N	\N	\N	\N	\N	2016-08-05 20:17:45.797826	2016-08-05 20:17:45.797826	\N	\N	\N
401	\N	\N	\N	\N	\N	\N	\N	\N	\N	\N	\N	\N	\N	\N	\N	\N	\N	\N	\N	\N	\N	\N	\N	\N	2016-07-24 11:50:18.029503	2016-07-24 11:50:18.029503	\N	\N	\N
402	\N	\N	\N	\N	\N	\N	\N	\N	\N	\N	\N	\N	\N	\N	\N	\N	\N	\N	\N	\N	\N	\N	\N	\N	2016-07-24 11:50:18.033962	2016-07-24 11:50:18.033962	\N	\N	\N
617	\N	\N	\N	\N	\N	\N	\N	\N	\N	\N	\N	\N	\N	\N	\N	\N	\N	\N	\N	\N	\N	\N	\N	\N	2016-08-05 20:49:50.083258	2016-08-05 20:49:50.083258	\N	\N	\N
618	\N	\N	\N	\N	\N	\N	\N	\N	\N	\N	\N	\N	\N	\N	\N	\N	\N	\N	\N	\N	\N	\N	\N	\N	2016-08-05 20:49:50.088454	2016-08-05 20:49:50.088454	\N	\N	\N
413	\N	\N	\N	\N	\N	\N	\N	\N	\N	\N	\N	\N	\N	\N	\N	\N	\N	\N	\N	\N	\N	\N	\N	\N	2016-07-28 11:06:58.429164	2016-07-28 11:06:58.429164	\N	\N	\N
414	\N	\N	\N	\N	\N	\N	\N	\N	\N	\N	\N	\N	\N	\N	\N	\N	\N	\N	\N	\N	\N	\N	\N	\N	2016-07-28 11:06:58.433708	2016-07-28 11:06:58.433708	\N	\N	\N
497	\N	\N	\N	\N	\N	\N	\N	\N	\N	\N	\N	\N	\N	\N	\N	\N	\N	\N	\N	\N	\N	\N	\N	\N	2016-08-05 20:19:59.807203	2016-08-05 20:19:59.807203	\N	\N	\N
498	\N	\N	\N	\N	\N	\N	\N	\N	\N	\N	\N	\N	\N	\N	\N	\N	\N	\N	\N	\N	\N	\N	\N	\N	2016-08-05 20:19:59.81194	2016-08-05 20:19:59.81194	\N	\N	\N
581	\N	\N	\N	\N	\N	\N	\N	\N	\N	\N	\N	\N	\N	\N	\N	\N	\N	\N	\N	\N	\N	\N	\N	\N	2016-08-05 20:46:26.968459	2016-08-05 20:46:26.968459	\N	\N	\N
582	\N	\N	\N	\N	\N	\N	\N	\N	\N	\N	\N	\N	\N	\N	\N	\N	\N	\N	\N	\N	\N	\N	\N	\N	2016-08-05 20:46:26.973138	2016-08-05 20:46:26.973138	\N	\N	\N
641	\N	\N	\N	\N	\N	\N	\N	\N	\N	\N	\N	\N	\N	\N	\N	\N	\N	\N	\N	\N	\N	\N	\N	\N	2016-08-11 21:43:35.046429	2016-08-11 21:43:35.046429	\N	\N	\N
642	\N	\N	\N	\N	\N	\N	\N	\N	\N	\N	\N	\N	\N	\N	\N	\N	\N	\N	\N	\N	\N	\N	\N	\N	2016-08-11 21:43:35.05146	2016-08-11 21:43:35.05146	\N	\N	\N
509	\N	\N	\N	\N	\N	\N	\N	\N	\N	\N	\N	\N	\N	\N	\N	\N	\N	\N	\N	\N	\N	\N	\N	\N	2016-08-05 20:24:42.911445	2016-08-05 20:24:42.911445	\N	\N	\N
510	\N	\N	\N	\N	\N	\N	\N	\N	\N	\N	\N	\N	\N	\N	\N	\N	\N	\N	\N	\N	\N	\N	\N	\N	2016-08-05 20:24:42.915693	2016-08-05 20:24:42.915693	\N	\N	\N
521	\N	\N	\N	\N	\N	\N	\N	\N	\N	\N	\N	\N	\N	\N	\N	\N	\N	\N	\N	\N	\N	\N	\N	\N	2016-08-05 20:26:42.09482	2016-08-05 20:26:42.09482	\N	\N	\N
522	\N	\N	\N	\N	\N	\N	\N	\N	\N	\N	\N	\N	\N	\N	\N	\N	\N	\N	\N	\N	\N	\N	\N	\N	2016-08-05 20:26:42.099381	2016-08-05 20:26:42.099381	\N	\N	\N
593	\N	\N	\N	\N	\N	\N	\N	\N	\N	\N	\N	\N	\N	\N	\N	\N	\N	\N	\N	\N	\N	\N	\N	\N	2016-08-05 20:47:46.292595	2016-08-05 20:47:46.292595	\N	\N	\N
594	\N	\N	\N	\N	\N	\N	\N	\N	\N	\N	\N	\N	\N	\N	\N	\N	\N	\N	\N	\N	\N	\N	\N	\N	2016-08-05 20:47:46.296803	2016-08-05 20:47:46.296803	\N	\N	\N
653	\N	\N	\N	\N	\N	\N	\N	\N	\N	\N	\N	\N	\N	\N	\N	\N	\N	\N	\N	\N	\N	\N	\N	\N	2016-08-18 14:46:22.100105	2016-08-18 14:46:22.100105	\N	\N	\N
654	\N	\N	\N	\N	\N	\N	\N	\N	\N	\N	\N	\N	\N	\N	\N	\N	\N	\N	\N	\N	\N	\N	\N	\N	2016-08-18 14:46:22.105621	2016-08-18 14:46:22.105621	\N	\N	\N
655	2016	\N	\N	\N	\N	\N	\N	\N	\N	\N	\N	\N	815	249	841	82	0.284999999999999976	77	1216	172	1.19900000000000007	3.3490000000000002	\N	5	2016-08-26 11:27:57.43907	2016-08-26 11:27:57.43907	t	1158.09999999999991	1418
656	2016	\N	\N	\N	\N	\N	\N	\N	\N	\N	\N	\N	823	213	832	137	0.270500000000000018	80	1233	150	1.08899999999999997	3.08800000000000008	\N	6	2016-08-26 11:27:57.510637	2016-08-26 11:27:57.510637	t	1107.20000000000005	1405
657	2016	\N	\N	\N	\N	\N	\N	\N	\N	\N	\N	\N	825	254	852	84	0.288499999999999979	60	1172	151	1.17599999999999993	3.57600000000000007	\N	8	2016-08-26 11:27:57.518351	2016-08-26 11:27:57.518351	t	1152.20000000000005	1402
658	2016	\N	\N	\N	\N	\N	\N	\N	\N	\N	\N	\N	782	202	783	119	0.283100000000000018	72	1106	154	1.08600000000000008	2.95299999999999985	\N	9	2016-08-26 11:27:57.527605	2016-08-26 11:27:57.527605	t	1045.09999999999991	1377
659	2016	\N	\N	\N	\N	\N	\N	\N	\N	\N	\N	\N	798	218	725	142	0.288300000000000001	60	1108	161	1.2649999999999999	3.72999999999999998	\N	7	2016-08-26 11:27:57.53662	2016-08-26 11:27:57.53662	t	1102.20000000000005	1348
660	2016	\N	\N	\N	\N	\N	\N	\N	\N	\N	\N	\N	758	247	727	63	0.26419999999999999	82	994	119	1.25600000000000001	4.06200000000000028	\N	10	2016-08-26 11:27:57.546922	2016-08-26 11:27:57.546922	t	1161	1358
605	\N	\N	\N	\N	\N	\N	\N	\N	\N	\N	\N	\N	\N	\N	\N	\N	\N	\N	\N	\N	\N	\N	\N	\N	2016-08-05 20:48:47.601003	2016-08-05 20:48:47.601003	\N	\N	\N
606	\N	\N	\N	\N	\N	\N	\N	\N	\N	\N	\N	\N	\N	\N	\N	\N	\N	\N	\N	\N	\N	\N	\N	\N	2016-08-05 20:48:47.605492	2016-08-05 20:48:47.605492	\N	\N	\N
661	2016	\N	\N	\N	\N	\N	\N	\N	\N	\N	\N	\N	800	226	733	115	0.264000000000000012	66	943	100	1.31600000000000006	4.00300000000000011	\N	11	2016-08-26 11:27:57.554971	2016-08-26 11:27:57.554971	t	975.200000000000045	1376
662	2016	\N	\N	\N	\N	\N	\N	\N	\N	\N	\N	\N	728	201	696	67	0.264600000000000002	72	1108	95	1.23399999999999999	4.0990000000000002	\N	12	2016-08-26 11:27:57.563394	2016-08-26 11:27:57.563394	t	1117.20000000000005	1373
663	2016	\N	\N	\N	\N	\N	\N	\N	\N	\N	\N	\N	705	196	697	64	0.274299999999999988	72	1076	98	1.27800000000000002	3.7719999999999998	\N	14	2016-08-26 11:27:57.571316	2016-08-26 11:27:57.571316	t	1128.20000000000005	1367
664	2016	\N	\N	\N	\N	\N	\N	\N	\N	\N	\N	\N	726	198	707	73	0.263100000000000001	66	1021	125	1.31600000000000006	3.93699999999999983	\N	13	2016-08-26 11:27:57.580135	2016-08-26 11:27:57.580135	t	1058.09999999999991	1361
665	\N	\N	\N	\N	\N	\N	\N	\N	\N	\N	\N	\N	\N	\N	\N	\N	\N	\N	\N	\N	\N	\N	\N	\N	2016-08-26 11:27:57.587673	2016-08-26 11:27:57.587673	\N	\N	\N
666	\N	\N	\N	\N	\N	\N	\N	\N	\N	\N	\N	\N	\N	\N	\N	\N	\N	\N	\N	\N	\N	\N	\N	\N	2016-08-26 11:27:57.592839	2016-08-26 11:27:57.592839	\N	\N	\N
\.


--
-- Name: team_seasons_id_seq; Type: SEQUENCE SET; Schema: public; Owner: -
--

SELECT pg_catalog.setval('team_seasons_id_seq', 691, true);


--
-- Data for Name: years; Type: TABLE DATA; Schema: public; Owner: -
--

COPY years (id, year, created_at, updated_at) FROM stdin;
1	2016	2017-02-17 13:12:54.81303	2017-02-17 13:12:54.81303
2	2017	2017-02-17 13:13:05.036239	2017-02-17 13:13:05.036239
\.


--
-- Name: years_id_seq; Type: SEQUENCE SET; Schema: public; Owner: -
--

SELECT pg_catalog.setval('years_id_seq', 2, true);


--
-- Name: battings_pkey; Type: CONSTRAINT; Schema: public; Owner: -
--

ALTER TABLE ONLY battings
    ADD CONSTRAINT battings_pkey PRIMARY KEY (id);


--
-- Name: mlbteams_pkey; Type: CONSTRAINT; Schema: public; Owner: -
--

ALTER TABLE ONLY mlbteams
    ADD CONSTRAINT mlbteams_pkey PRIMARY KEY (id);


--
-- Name: owners_pkey; Type: CONSTRAINT; Schema: public; Owner: -
--

ALTER TABLE ONLY owners
    ADD CONSTRAINT owners_pkey PRIMARY KEY (id);


--
-- Name: pitchings_pkey; Type: CONSTRAINT; Schema: public; Owner: -
--

ALTER TABLE ONLY pitchings
    ADD CONSTRAINT pitchings_pkey PRIMARY KEY (id);


--
-- Name: player_rankings_pkey; Type: CONSTRAINT; Schema: public; Owner: -
--

ALTER TABLE ONLY player_rankings
    ADD CONSTRAINT player_rankings_pkey PRIMARY KEY (id);


--
-- Name: players_pkey; Type: CONSTRAINT; Schema: public; Owner: -
--

ALTER TABLE ONLY players
    ADD CONSTRAINT players_pkey PRIMARY KEY (id);


--
-- Name: players_positions_pkey; Type: CONSTRAINT; Schema: public; Owner: -
--

ALTER TABLE ONLY players_positions
    ADD CONSTRAINT players_positions_pkey PRIMARY KEY (id);


--
-- Name: positions_pkey; Type: CONSTRAINT; Schema: public; Owner: -
--

ALTER TABLE ONLY positions
    ADD CONSTRAINT positions_pkey PRIMARY KEY (id);


--
-- Name: team_seasons_pkey; Type: CONSTRAINT; Schema: public; Owner: -
--

ALTER TABLE ONLY team_seasons
    ADD CONSTRAINT team_seasons_pkey PRIMARY KEY (id);


--
-- Name: years_pkey; Type: CONSTRAINT; Schema: public; Owner: -
--

ALTER TABLE ONLY years
    ADD CONSTRAINT years_pkey PRIMARY KEY (id);


--
-- Name: index_battings_on_mlbteam_id; Type: INDEX; Schema: public; Owner: -
--

CREATE INDEX index_battings_on_mlbteam_id ON battings USING btree (mlbteam_id);


--
-- Name: index_battings_on_player_id; Type: INDEX; Schema: public; Owner: -
--

CREATE INDEX index_battings_on_player_id ON battings USING btree (player_id);


--
-- Name: index_pitchings_on_mlbteam_id; Type: INDEX; Schema: public; Owner: -
--

CREATE INDEX index_pitchings_on_mlbteam_id ON pitchings USING btree (mlbteam_id);


--
-- Name: index_pitchings_on_player_id; Type: INDEX; Schema: public; Owner: -
--

CREATE INDEX index_pitchings_on_player_id ON pitchings USING btree (player_id);


--
-- Name: index_player_rankings_on_player_id; Type: INDEX; Schema: public; Owner: -
--

CREATE INDEX index_player_rankings_on_player_id ON player_rankings USING btree (player_id);


--
-- Name: index_players_on_owner_id; Type: INDEX; Schema: public; Owner: -
--

CREATE INDEX index_players_on_owner_id ON players USING btree (owner_id);


--
-- Name: index_players_positions_on_player_id; Type: INDEX; Schema: public; Owner: -
--

CREATE INDEX index_players_positions_on_player_id ON players_positions USING btree (player_id);


--
-- Name: index_players_positions_on_position_id; Type: INDEX; Schema: public; Owner: -
--

CREATE INDEX index_players_positions_on_position_id ON players_positions USING btree (position_id);


--
-- Name: index_team_seasons_on_owner_id; Type: INDEX; Schema: public; Owner: -
--

CREATE INDEX index_team_seasons_on_owner_id ON team_seasons USING btree (owner_id);


--
-- Name: unique_schema_migrations; Type: INDEX; Schema: public; Owner: -
--

CREATE UNIQUE INDEX unique_schema_migrations ON schema_migrations USING btree (version);


--
-- Name: fk_rails_08af262a09; Type: FK CONSTRAINT; Schema: public; Owner: -
--

ALTER TABLE ONLY pitchings
    ADD CONSTRAINT fk_rails_08af262a09 FOREIGN KEY (player_id) REFERENCES players(id);


--
-- Name: fk_rails_26a457aa52; Type: FK CONSTRAINT; Schema: public; Owner: -
--

ALTER TABLE ONLY battings
    ADD CONSTRAINT fk_rails_26a457aa52 FOREIGN KEY (mlbteam_id) REFERENCES mlbteams(id);


--
-- Name: fk_rails_2c081cec10; Type: FK CONSTRAINT; Schema: public; Owner: -
--

ALTER TABLE ONLY team_seasons
    ADD CONSTRAINT fk_rails_2c081cec10 FOREIGN KEY (owner_id) REFERENCES owners(id);


--
-- Name: fk_rails_3184830631; Type: FK CONSTRAINT; Schema: public; Owner: -
--

ALTER TABLE ONLY battings
    ADD CONSTRAINT fk_rails_3184830631 FOREIGN KEY (player_id) REFERENCES players(id);


--
-- Name: fk_rails_a17ce5fbb8; Type: FK CONSTRAINT; Schema: public; Owner: -
--

ALTER TABLE ONLY players
    ADD CONSTRAINT fk_rails_a17ce5fbb8 FOREIGN KEY (owner_id) REFERENCES owners(id);


--
-- Name: fk_rails_c442a3cb7f; Type: FK CONSTRAINT; Schema: public; Owner: -
--

ALTER TABLE ONLY players_positions
    ADD CONSTRAINT fk_rails_c442a3cb7f FOREIGN KEY (position_id) REFERENCES positions(id);


--
-- Name: fk_rails_cd8463ef55; Type: FK CONSTRAINT; Schema: public; Owner: -
--

ALTER TABLE ONLY players_positions
    ADD CONSTRAINT fk_rails_cd8463ef55 FOREIGN KEY (player_id) REFERENCES players(id);


--
-- Name: fk_rails_d09ba54706; Type: FK CONSTRAINT; Schema: public; Owner: -
--

ALTER TABLE ONLY player_rankings
    ADD CONSTRAINT fk_rails_d09ba54706 FOREIGN KEY (player_id) REFERENCES players(id);


--
-- Name: fk_rails_e5f5ab625d; Type: FK CONSTRAINT; Schema: public; Owner: -
--

ALTER TABLE ONLY pitchings
    ADD CONSTRAINT fk_rails_e5f5ab625d FOREIGN KEY (mlbteam_id) REFERENCES mlbteams(id);


--
-- Name: public; Type: ACL; Schema: -; Owner: -
--

REVOKE ALL ON SCHEMA public FROM PUBLIC;
REVOKE ALL ON SCHEMA public FROM postgres;
GRANT ALL ON SCHEMA public TO postgres;
GRANT ALL ON SCHEMA public TO PUBLIC;


--
-- PostgreSQL database dump complete
--

