Name,Team,W,L,ERA,GS,G,SV,IP,H,ER,HR,SO,BB,WHIP,Kper9,BBbbper9,FIP,WAR,RA9-WAR,ADP,playerid
Clayton Kershaw,Dodgers,16,7,2.37,31,31,0,207,164,55,17,248,36,0.97,10.77,1.58,2.39,7.2,6.9,5,2036
Max Scherzer,Nationals,15,8,3.18,31,31,0,203,168,72,24,245,47,1.06,10.91,2.11,3.02,5.6,5.1,13.2,3137
Madison Bumgarner,Giants,14,10,3.2,32,32,0,209,183,74,22,219,50,1.12,9.41,2.17,3.25,4.5,4.5,15.7,5524
Noah Syndergaard,Mets,13,10,3.1,32,32,0,199,168,68,18,234,51,1.1,10.6,2.29,2.81,5.6,4.6,19.1,11762
Chris Sale,Red Sox,15,9,3.48,32,32,0,213,194,83,25,222,46,1.12,9.36,1.95,3.4,4.7,5,21.1,10603
Corey Kluber,Indians,15,9,3.42,32,32,0,211,190,80,23,221,53,1.15,9.41,2.25,3.35,4.7,4.7,25.5,2429
Jake Arrieta,Cubs,13,9,3.39,31,31,0,195,175,74,17,193,64,1.22,8.88,2.94,3.41,4,4,30.3,4153
Jon Lester,Cubs,14,9,3.42,32,32,0,204,184,78,21,204,55,1.17,8.99,2.42,3.42,4.3,4.1,37,4930
Yu Darvish,Rangers,13,10,3.58,32,32,0,195,165,78,23,228,65,1.18,10.53,3,3.44,4.4,4.3,37.5,13074
Johnny Cueto,Giants,13,11,3.28,32,32,0,209,197,76,19,185,50,1.18,7.96,2.13,3.37,4,4.1,42.1,6893
Justin Verlander,Tigers,14,10,3.65,32,32,0,208,186,84,26,213,58,1.18,9.22,2.52,3.64,4.3,4.1,46.4,8700
Aroldis Chapman,Yankees,4,2,2.33,0,65,35,65,40,17,5,104,26,1.02,14.34,3.66,2.36,1.6,1.6,54.2,10233
Kenley Jansen,Dodgers,4,2,2.59,0,65,39,65,45,19,6,92,16,0.95,12.68,2.28,2.43,1.5,1.3,54.9,3096
Chris Archer,Rays,13,10,3.38,32,32,0,199,173,75,21,211,64,1.19,9.57,2.9,3.43,4,4.1,55,6345
Carlos Carrasco,Indians,14,9,3.37,32,32,0,193,177,72,20,197,49,1.17,9.15,2.3,3.32,4.3,4.4,57.7,6632
Stephen Strasburg,Nationals,13,8,3.29,29,29,0,177,154,65,19,206,46,1.13,10.48,2.36,3.08,4.4,4.1,58,10131
Zach Britton,Orioles,4,2,2.51,0,65,33,65,54,18,4,74,21,1.16,10.28,2.91,2.64,1.4,1.4,64.3,3240
Carlos Martinez,Cardinals,13,11,3.59,32,32,0,199,189,79,17,190,72,1.31,8.58,3.24,3.54,3.6,3.4,65,11682
Jacob deGrom,Mets,11,10,3.57,29,29,0,180,170,72,20,177,46,1.2,8.84,2.31,3.47,3.6,3,67.5,10954
Kyle Hendricks,Cubs,12,9,3.59,29,29,0,174,167,70,18,156,45,1.21,8.02,2.32,3.63,3.2,3.1,69.3,12049
Aaron Sanchez,Blue Jays,12,11,4.04,32,32,0,202,200,91,20,172,79,1.38,7.64,3.53,4.02,2.9,3,81,11490
Seung Hwan Oh,Cardinals,3,3,3.2,0,65,36,65,56,23,6,72,18,1.14,10,2.52,3.14,0.9,0.8,81.2,18719
Cole Hamels,Rangers,13,11,3.94,32,32,0,204,195,90,24,195,70,1.29,8.57,3.06,3.89,3.3,3.6,82.2,4972
Mark Melancon,Giants,4,3,2.91,0,65,38,65,59,21,4,62,16,1.16,8.61,2.2,2.94,0.9,0.8,83.8,4264
Craig Kimbrel,Red Sox,4,3,3.06,0,65,35,65,48,22,6,87,28,1.17,12.09,3.82,3,1,1.2,83.8,6655
Masahiro Tanaka,Yankees,13,11,3.9,32,32,0,205,207,89,28,174,43,1.22,7.66,1.87,3.91,3.8,3.4,89.1,15764
David Price,Red Sox,12,7,3.53,26,26,0,166,156,65,19,160,37,1.16,8.67,1.98,3.48,3.5,3.8,92.3,3184
Wade Davis,Cubs,4,3,2.82,0,65,37,65,51,20,5,79,22,1.12,10.95,3.1,2.92,1.1,1.1,92.7,7441
Edwin Diaz,Mariners,4,3,2.8,0,65,35,65,50,20,6,81,20,1.08,11.17,2.73,2.83,1.1,1.2,93.1,14710
Roberto Osuna,Blue Jays,3,3,3.5,0,65,33,65,54,25,8,74,20,1.14,10.24,2.72,3.5,0.9,0.8,95.3,13764
Zack Greinke,Diamondbacks,11,10,3.77,29,29,0,186,183,78,22,162,46,1.24,7.86,2.25,3.74,3.4,3.4,97.6,1943
Julio Teheran,Braves,10,11,4.1,29,29,0,183,181,84,25,167,52,1.27,8.22,2.53,4.04,2.3,2.2,99.5,6797
Jose Quintana,White Sox,12,12,3.8,32,32,0,204,202,86,25,181,54,1.25,7.96,2.37,3.83,4,3.5,101.7,11423
Rick Porcello,Red Sox,13,10,4,31,31,0,196,202,87,23,161,40,1.23,7.37,1.83,3.8,3.6,3.3,101.8,2717
Danny Duffy,Royals,12,11,3.8,31,31,0,187,173,79,23,178,58,1.24,8.55,2.81,3.93,2.9,3.5,102.7,3542
Kenta Maeda,Dodgers,10,8,3.7,26,26,0,148,140,61,18,139,39,1.2,8.45,2.34,3.74,2.5,2.2,109.1,18498
Ken Giles,Astros,4,3,2.97,0,65,27,65,49,21,6,85,24,1.13,11.79,3.33,2.93,1.1,1.1,110.8,12910
Gerrit Cole,Pirates,12,10,3.69,31,31,0,189,184,77,18,174,51,1.24,8.28,2.43,3.46,3.7,2.9,110.9,13125
Andrew Miller,Indians,4,2,2.19,0,65,20,65,43,16,5,97,18,0.95,13.49,2.52,2.05,1.7,1.7,118.4,6785
Alex Colome,Rays,3,3,3.33,0,65,27,65,57,24,7,66,20,1.19,9.13,2.71,3.46,0.6,0.8,123.3,6661
Kelvin Herrera,Royals,3,3,3.17,0,65,33,65,55,23,6,70,21,1.17,9.72,2.9,3.18,0.9,1,123.8,6033
Danny Salazar,Indians,12,9,3.65,29,29,0,169,149,69,20,184,61,1.24,9.77,3.24,3.68,3.2,3.3,123.9,5867
Cody Allen,Indians,4,3,3.25,0,65,18,65,52,24,7,80,25,1.18,11.01,3.49,3.29,0.8,0.9,126.4,12183
Rich Hill,Dodgers,10,7,3.2,24,24,0,145,120,51,14,163,52,1.19,10.15,3.22,3.35,3.2,3,126.9,4806
Michael Fulmer,Tigers,11,10,4.02,29,29,0,178,177,79,21,153,54,1.3,7.74,2.72,3.97,2.9,2.7,128.7,13218
Jeurys Familia,Mets,3,3,3.17,0,65,38,65,57,23,5,70,24,1.26,9.67,3.38,3.16,0.9,0.8,129.5,5114
Felix Hernandez,Mariners,12,11,3.91,32,32,0,203,202,88,21,170,66,1.32,7.55,2.9,3.92,3,2.7,132.4,4772
Marcus Stroman,Blue Jays,11,9,3.73,28,28,0,166,167,69,15,136,46,1.29,7.4,2.48,3.63,3.2,3,137.4,13431
A.J. Ramos,Marlins,3,3,3.65,0,65,28,65,56,26,6,70,31,1.34,9.68,4.3,3.74,0.4,0.4,140.8,8350
Kevin Gausman,Orioles,11,10,4.07,29,29,0,178,174,81,25,166,53,1.27,8.37,2.66,4.06,3,2.7,142.8,14107
Tony Watson,Pirates,3,3,3.66,0,65,36,65,62,26,6,60,19,1.26,8.26,2.69,3.64,0.5,0.4,145.9,3132
Dallas Keuchel,Astros,14,10,3.53,32,32,0,209,207,82,20,174,58,1.27,7.5,2.5,3.62,4,3.9,146.3,9434
David Robertson,White Sox,3,3,3.56,0,65,32,65,55,26,7,75,25,1.24,10.44,3.49,3.51,0.8,0.7,146.9,8241
Tanner Roark,Nationals,11,10,4.25,29,29,0,177,185,83,21,142,55,1.36,7.22,2.82,4.12,2,1.8,149.1,8753
Jameson Taillon,Pirates,11,10,3.59,29,29,0,175,176,70,17,155,36,1.21,7.98,1.86,3.36,3.6,2.8,151.4,11674
Julio Urias,Dodgers,7,5,3.41,18,18,0,96,85,37,10,100,34,1.24,9.33,3.21,3.61,1.8,1.7,156.1,14765
Francisco Rodriguez,Tigers,3,3,4.07,0,65,33,65,64,29,8,58,22,1.32,8.06,3.06,4.07,0.3,0.3,156.1,1642
Matt Harvey,Mets,9,8,3.74,24,24,0,141,137,59,16,130,35,1.21,8.31,2.2,3.63,2.7,2,157.5,11713
Sam Dyson,Rangers,3,3,3.64,0,65,34,65,64,26,5,56,23,1.35,7.79,3.25,3.66,0.6,0.7,163.5,11710
James Paxton,Mariners,11,9,3.48,29,29,0,171,159,66,17,161,51,1.23,8.5,2.69,3.52,3.4,3.2,163.6,11828
John Lackey,Cubs,11,10,3.97,29,29,0,180,173,79,23,164,50,1.24,8.23,2.51,3.9,2.7,2.5,163.8,1507
Lance McCullers,Astros,13,9,3.48,31,31,0,184,157,71,17,207,80,1.29,10.15,3.94,3.52,3.6,3.6,163.9,14120
Steven Matz,Mets,10,9,3.55,28,28,0,164,154,65,17,161,48,1.23,8.87,2.64,3.49,3.3,2.7,168.9,13361
Matt Moore,Giants,11,10,3.71,31,31,0,178,163,74,19,168,64,1.28,8.5,3.25,3.81,2.5,2.5,173.4,1890
Jon Gray,Rockies,12,10,4.13,31,31,0,184,178,85,23,191,66,1.32,9.3,3.2,3.88,3.5,3.7,176.4,14916
Raisel Iglesias,Reds,3,3,3.42,0,65,33,65,56,25,7,72,20,1.17,9.95,2.7,3.45,0.8,0.7,181.2,17130
Carlos Rodon,White Sox,9,10,3.96,28,28,0,162,150,71,19,166,63,1.32,9.21,3.51,3.96,2.8,2.6,186.6,16137
Vince Velasquez,Phillies,9,10,3.96,28,28,0,157,141,69,22,171,57,1.25,9.76,3.24,3.96,2.6,2.2,186.6,11189
Jake Odorizzi,Rays,9,10,4.09,28,28,0,162,155,74,23,146,49,1.26,8.11,2.71,4.2,2,2,187.6,6397
Sean Manaea,Athletics,9,10,4.1,28,28,0,162,162,74,19,144,55,1.34,8.02,3.05,4.04,2.2,1.9,189.8,15873
J.A. Happ,Blue Jays,11,11,4.25,31,31,0,184,183,87,25,157,60,1.32,7.67,2.91,4.28,2.3,2.3,190.7,7410
Adam Ottavino,Rockies,3,3,3.63,0,65,12,65,59,26,7,71,23,1.26,9.86,3.13,3.44,0.9,0.9,192.9,1247
Aaron Nola,Phillies,10,10,3.66,28,28,0,166,161,68,18,157,44,1.23,8.48,2.37,3.59,3.2,2.8,197.2,16149
Dellin Betances,Yankees,4,2,2.45,0,65,2,65,43,18,5,98,25,1.04,13.61,3.45,2.3,1.7,1.5,201.3,6216
Robbie Ray,Diamondbacks,11,10,3.57,29,29,0,168,145,66,18,189,65,1.26,10.15,3.51,3.54,3.4,3.6,201.5,11486
Marco Estrada,Blue Jays,9,10,4.81,28,28,0,165,164,88,29,139,57,1.34,7.6,3.14,4.85,1.4,1.2,202.6,1118
Jeff Samardzija,Giants,11,11,3.75,31,31,0,192,188,80,20,164,49,1.23,7.68,2.28,3.68,2.9,2.7,203.1,3254
Drew Smyly,Mariners,10,10,4.01,29,29,0,168,157,75,25,157,49,1.23,8.41,2.63,4.15,2.5,2.2,204.6,11760
Jerad Eickhoff,Phillies,8,10,4.27,26,26,0,152,152,72,23,133,43,1.28,7.89,2.53,4.28,2.1,1.6,205,12664
Michael Pineda,Yankees,10,8,3.51,26,26,0,152,139,59,18,159,36,1.16,9.42,2.15,3.44,3.4,3.3,215.3,5372
Hector Neris,Phillies,3,3,3.68,0,65,11,65,56,27,7,73,26,1.26,10.07,3.6,3.73,0.5,0.4,221.3,11804
Matt Shoemaker,Angels,12,11,3.84,32,32,0,194,187,83,26,169,45,1.2,7.83,2.09,3.93,3,2.8,221.4,4776
Blake Snell,Rays,9,8,3.67,24,24,0,134,113,55,14,145,65,1.33,9.77,4.36,3.9,2,2.4,224.4,13543
Garrett Richards,Angels,10,8,3.51,24,24,0,145,135,56,13,133,51,1.28,8.27,3.15,3.63,2.5,2.6,228.4,9784
Drew Pomeranz,Red Sox,9,7,3.93,23,33,0,137,127,60,17,138,53,1.3,9.04,3.44,3.94,2,2.3,229.2,11426
Joe Ross,Nationals,10,8,4,26,26,0,146,147,65,17,128,42,1.29,7.89,2.58,3.87,2.2,1.9,230.9,12972
Ian Kennedy,Royals,10,12,4.37,31,31,0,184,177,89,27,168,61,1.3,8.24,3,4.39,2.2,2.3,231.4,6986
Brandon Maurer,Padres,3,3,3.65,0,65,29,65,60,26,7,65,21,1.24,9,2.92,3.65,0.5,0.3,234.4,4878
Adam Wainwright,Cardinals,10,10,3.9,28,28,0,170,175,74,18,136,46,1.3,7.22,2.41,3.81,2.8,2.4,236.2,2233
Jharel Cotton,Athletics,9,9,4.17,26,26,0,148,144,69,19,139,52,1.32,8.44,3.17,4.04,2.4,1.6,237.5,13654
Jim Johnson,Braves,3,3,3.53,0,65,12,65,63,25,5,61,24,1.33,8.43,3.28,3.47,0.5,0.6,240.4,3656
Cam Bedrosian,Angels,4,3,3.18,0,65,33,65,53,23,6,75,28,1.23,10.4,3.81,3.35,0.7,0.8,242.4,13360
Dylan Bundy,Orioles,9,9,4.67,26,26,0,148,147,77,24,131,56,1.37,8,3.44,4.73,1.6,1.3,246.1,12917
Shawn Kelley,Nationals,4,3,3.23,0,65,37,65,54,23,7,78,21,1.15,10.81,2.85,3.17,0.9,0.9,248.1,7773
Hisashi Iwakuma,Mariners,10,11,4.16,29,29,0,179,188,83,25,135,39,1.27,6.79,1.97,4.2,2.3,1.9,255.2,13048
Sonny Gray,Athletics,9,10,4.06,26,26,0,160,165,72,16,131,53,1.37,7.37,2.99,3.91,2.4,1.8,255.7,12768
Ryan Madson,Athletics,3,3,3.94,0,65,23,65,65,28,7,56,21,1.33,7.77,2.95,3.87,0.4,0.2,256.5,1852
Ivan Nova,Pirates,10,10,4.04,29,29,0,168,182,76,17,128,40,1.32,6.86,2.15,3.82,2.5,1.7,258.9,1994
Taijuan Walker,Diamondbacks,8,9,4.16,24,24,0,137,134,63,18,125,41,1.28,8.26,2.7,4.07,2.1,2,259.4,11836
Tyler Glasnow,Pirates,8,8,3.86,23,23,0,126,110,54,11,140,67,1.4,10,4.75,3.78,1.9,1.7,263,14374
Addison Reed,Mets,3,3,3.61,0,65,2,65,59,26,7,69,19,1.2,9.58,2.67,3.49,0.6,0.4,263.9,10586
Alex Cobb,Rays,8,8,3.97,23,23,0,128,131,56,13,95,40,1.33,6.71,2.79,4.06,1.7,1.7,275,6562
Collin McHugh,Astros,11,10,4.14,31,31,0,181,180,83,25,157,51,1.27,7.81,2.54,4.14,2.6,2.2,275.8,7531
Jeremy Hellickson,Phillies,9,12,4.4,29,29,0,171,176,84,26,141,47,1.3,7.41,2.47,4.4,2.1,1.4,276.5,4371
Anthony DeSclafani,Reds,7,9,4.23,23,23,0,138,139,65,19,119,39,1.29,7.76,2.52,4.21,1.9,1.6,277,13050
Zach Davies,Brewers,10,12,4.36,31,31,0,187,196,91,25,160,59,1.36,7.67,2.82,4.19,2.6,2,277.4,13183
Nate Jones,White Sox,3,3,3.27,0,65,1,65,55,24,7,74,21,1.18,10.28,2.96,3.27,1,0.9,277.7,4696
Daniel Norris,Tigers,7,7,4.28,21,21,0,115,112,55,16,106,44,1.35,8.28,3.47,4.3,1.3,1.4,278.1,13475
Trevor Bauer,Indians,8,8,4.29,23,23,0,134,130,64,17,120,52,1.36,8.08,3.52,4.32,1.5,1.6,280.7,12703
Neftali Feliz,Brewers,3,3,3.86,0,65,29,65,58,28,8,73,26,1.29,10.08,3.56,3.84,0.6,0.5,283.5,18
Gio Gonzalez,Nationals,11,9,3.75,29,29,0,165,160,69,16,153,58,1.32,8.35,3.15,3.7,2.8,2.7,284.3,7448
Joe Musgrove,Astros,3,3,4.15,8,8,0,46,47,21,6,40,11,1.25,7.72,2.11,4.06,0.7,0.5,285.2,12970
Lance Lynn,Cardinals,10,9,3.98,28,28,0,158,155,70,17,142,56,1.33,8.07,3.19,3.96,2.3,2,285.6,2520
Junior Guerra,Brewers,9,11,4.43,28,28,0,164,165,81,22,150,63,1.39,8.24,3.47,4.29,2.2,1.7,285.7,5702
Brandon Kintzler,Twins,3,3,4.04,0,65,17,65,71,29,6,45,18,1.38,6.29,2.54,3.99,0.3,0.3,289.1,9939
Ervin Santana,Twins,11,12,4.54,32,32,0,199,209,100,28,163,63,1.36,7.36,2.83,4.37,2.2,1.9,290.4,3200
Fernando Rodney,Diamondbacks,3,3,3.62,0,65,29,65,58,26,5,67,30,1.35,9.33,4.1,3.68,0.5,0.6,291,494
Mike Foltynewicz,Braves,8,10,4.28,26,26,0,153,148,73,20,146,56,1.34,8.59,3.33,4.21,1.7,1.6,295.6,10811
Jason Hammel,Royals,9,10,4.55,28,28,0,158,163,80,23,126,47,1.33,7.2,2.7,4.47,1.4,1.5,296.6,4538
Chris Tillman,Orioles,8,8,4.72,23,23,0,130,136,68,20,103,47,1.42,7.15,3.29,4.74,1.1,1,297.6,5279
Eduardo Rodriguez,Red Sox,9,8,4.36,24,24,0,136,137,66,19,117,45,1.33,7.73,2.95,4.35,1.6,1.8,299.7,13164
Jordan Zimmermann,Tigers,10,11,4.54,29,29,0,173,189,87,26,115,40,1.32,6.01,2.09,4.54,2,1.5,299.9,4505
Greg Holland,Rockies,3,3,3.55,0,65,17,65,57,26,6,73,26,1.29,10.1,3.65,3.49,0.9,1,300.8,7196
Tyler Thornburg,Red Sox,3,3,4.11,0,65,4,65,60,30,8,65,25,1.31,9.02,3.51,4.07,0.3,0.4,304.4,10688
Francisco Liriano,Blue Jays,9,8,4,24,24,0,138,126,61,16,142,63,1.37,9.26,4.1,4.05,2,2.1,305.2,3201
Brandon Finnegan,Reds,9,12,4.62,29,29,0,174,170,89,26,160,82,1.45,8.28,4.27,4.76,1.2,1.2,306,16208
Dan Straily,Marlins,8,9,4.56,24,24,0,140,141,71,20,117,51,1.36,7.53,3.25,4.51,1,0.9,308.1,9460
Mike Montgomery,Cubs,7,6,3.67,18,28,0,110,105,45,10,97,44,1.35,7.96,3.6,3.9,1.5,1.7,308.4,4869
Christopher Devenski,Astros,3,2,3.9,2,42,0,49,46,21,7,47,13,1.22,8.53,2.45,3.9,0.4,0.3,312.8,12763
Kyle Barraclough,Marlins,3,3,3.06,0,65,12,65,49,22,4,85,36,1.31,11.72,5.04,3.19,0.7,1,313.1,13713
Tyler Skaggs,Angels,10,8,3.56,26,26,0,149,134,59,16,147,51,1.24,8.87,3.09,3.72,2.4,2.6,313.5,10190
Lucas Giolito,White Sox,3,5,4.99,11,11,0,63,65,35,9,54,30,1.51,7.7,4.3,4.95,0.4,0.3,314.3,15474
Robert Gsellman,Mets,8,9,4.27,24,24,0,139,146,66,16,108,47,1.39,6.97,3.07,4.24,1.6,1,316.6,13696
Luke Weaver,Cardinals,4,4,4.03,11,11,0,62,62,28,8,56,17,1.27,8.04,2.5,3.93,0.9,0.8,322.7,16918
Steven Wright,Red Sox,8,7,4.53,21,21,0,126,131,63,17,96,44,1.39,6.86,3.13,4.49,1.2,1.4,326.6,8185
Adam Conley,Marlins,7,8,4.24,23,23,0,126,122,59,15,110,52,1.38,7.89,3.75,4.32,1.2,1.3,327.9,14457
Tyson Ross,Rangers,7,6,4,19,19,0,113,110,50,11,103,45,1.37,8.14,3.6,3.94,1.8,1.8,328.6,7872
Tyler Anderson,Rockies,11,10,4.16,29,29,0,173,179,80,21,150,56,1.36,7.8,2.94,4.05,2.9,3.3,328.9,12880
Michael Wacha,Cardinals,8,8,4.04,23,23,0,129,131,58,15,108,42,1.33,7.48,2.9,4.01,1.7,1.5,331.5,14078
Carter Capps,Padres,2,2,2.78,0,45,0,45,33,14,4,62,17,1.1,12.47,3.4,2.68,0.9,0.8,331.8,12803
Jose Berrios,Twins,6,7,4.42,19,19,0,103,101,51,14,96,39,1.37,8.39,3.44,4.3,1.3,1.2,335.9,14168
Arodys Vizcaino,Braves,3,3,3.42,0,65,24,65,55,25,6,76,30,1.3,10.46,4.14,3.44,0.6,0.7,337.1,5498
Jose De Leon,Rays,8,7,3.57,21,21,0,117,101,47,13,126,40,1.2,9.69,3.05,3.62,2.4,2.1,337.3,15463
Wei-Yin Chen,Marlins,11,10,3.91,29,29,0,177,179,77,22,143,41,1.24,7.26,2.07,3.89,2.4,2.5,338.4,13071
Josh Tomlin,Indians,8,8,4.5,23,23,0,133,147,67,22,94,22,1.27,6.37,1.52,4.49,1.3,1.4,338.7,9388
Huston Street,Angels,3,3,4.41,0,55,0,55,55,27,8,44,20,1.36,7.17,3.24,4.6,-0.2,-0.1,342,8258
David Phelps,Marlins,4,3,3.25,3,48,0,63,55,23,6,69,22,1.21,9.77,3.11,3.26,0.8,0.9,345.9,6316
Jeanmar Gomez,Phillies,3,3,4.26,0,65,18,65,69,31,8,48,22,1.4,6.62,3.05,4.34,0,0,348,9033
Bartolo Colon,Braves,9,11,4.21,28,28,0,164,181,77,21,114,29,1.28,6.25,1.59,4.06,2.1,1.8,349.1,375
Luis Severino,Yankees,7,6,4.08,19,19,0,106,102,48,14,97,36,1.31,8.31,3.07,4.14,1.7,1.5,350.8,15890
Mike Leake,Cardinals,11,11,4.15,31,31,0,186,205,86,21,125,43,1.34,6.07,2.06,4.05,2.3,1.9,351.6,10130
Archie Bradley,Diamondbacks,9,9,4.16,26,26,0,146,139,68,16,143,66,1.4,8.79,4.03,4.07,1.9,2,355.1,12918
Hector Rondon,Cubs,3,2,3.18,0,55,2,55,48,19,5,59,16,1.15,9.62,2.6,3.21,0.7,0.8,360.1,2391
Andrew Triggs,Athletics,8,9,4.42,24,24,0,134,143,66,15,103,44,1.39,6.92,2.93,4.23,1.4,1,364.6,13533
Tyler Chatwood,Rockies,10,11,4.58,29,29,0,175,190,89,19,136,71,1.49,6.99,3.64,4.37,2.3,2.6,364.8,4338
Zack Wheeler,Mets,4,3,3.58,6,31,0,62,56,25,6,65,23,1.28,9.43,3.4,3.57,0.9,0.7,366.7,10310
Matt Andriese,Rays,6,6,3.77,13,53,0,112,108,47,14,99,27,1.2,7.92,2.18,3.79,1.5,1.4,366.8,12022
Mike Fiers,Astros,10,9,4.41,28,28,0,156,158,77,24,130,45,1.3,7.49,2.57,4.45,1.7,1.4,369.5,7754
Ryan Dull,Athletics,2,2,4.03,0,40,0,40,38,18,5,39,13,1.27,8.68,2.9,3.98,0.3,0.1,372.9,13974
Jaime Garcia,Braves,8,8,3.6,23,23,0,130,129,52,11,115,40,1.3,7.95,2.77,3.56,2.2,2.2,374,8137
Shelby Miller,Diamondbacks,8,9,4.46,24,24,0,138,141,68,18,115,48,1.37,7.54,3.14,4.34,1.5,1.5,374.8,10197
Kendall Graveman,Athletics,9,12,4.56,29,29,0,175,199,89,20,113,51,1.43,5.83,2.62,4.35,1.6,1,379.9,15514
Alex Wood,Dodgers,8,6,3.44,16,41,0,119,112,45,12,112,36,1.24,8.48,2.71,3.58,1.8,1.8,381.4,13781
Hyun-Jin Ryu,Dodgers,1,1,3.67,2,2,0,9,9,4,1,7,2,1.24,7.22,2.14,3.77,0.1,0.1,382.7,14444
Scott Kazmir,Dodgers,8,7,3.84,21,21,0,118,112,51,14,110,38,1.27,8.37,2.91,3.94,1.8,1.5,383.4,4897
Corey Knebel,Brewers,3,3,3.56,0,65,3,65,56,26,7,77,27,1.28,10.66,3.77,3.49,0.8,0.7,387.3,15010
Brad Brach,Orioles,3,2,3.7,0,55,0,55,48,23,7,62,22,1.26,10.17,3.56,3.72,0.5,0.6,388,6627
Drew Storen,Reds,3,3,3.81,0,65,4,65,61,27,8,62,20,1.26,8.55,2.8,3.88,0.4,0.4,393.2,6983
Hunter Strickland,Giants,3,3,3.1,0,65,2,65,56,22,5,69,20,1.16,9.53,2.73,3.12,0.7,0.7,395,7836
Clay Buchholz,Phillies,6,7,4.19,18,18,0,103,103,48,13,87,34,1.34,7.58,2.99,4.24,1.6,1.1,397.8,3543
Chad Kuhl,Pirates,6,7,4.47,19,19,0,108,116,53,13,80,32,1.38,6.67,2.67,4.29,1,0.6,399.5,14975
Sean Doolittle,Athletics,3,3,3.25,0,65,11,65,54,23,7,76,18,1.11,10.55,2.53,3.22,1,0.8,403.3,1581
Edinson Volquez,Marlins,9,10,4.17,28,28,0,163,167,75,16,129,62,1.4,7.13,3.41,4.06,1.9,1.7,403.4,3990
Michael Lorenzen,Reds,3,3,3.85,0,55,0,55,53,24,6,51,19,1.3,8.38,3.09,3.95,0.3,0.3,404,14843
Jeremy Jeffress,Rangers,3,3,3.89,0,55,1,55,56,24,5,45,20,1.39,7.37,3.35,3.94,0.3,0.4,404.6,9490
Matt Boyd,Tigers,7,7,4.61,21,21,0,115,117,59,18,93,37,1.35,7.29,2.91,4.7,1.2,1,407.4,15440
Carl Edwards Jr.,Cubs,3,2,3.2,0,55,0,55,42,20,5,69,30,1.31,11.26,4.86,3.44,0.5,0.6,411.9,13607
R.A. Dickey,Braves,9,11,4.26,28,28,0,164,166,77,21,132,56,1.36,7.25,3.07,4.33,1.7,1.7,412.4,1245
CC Sabathia,Yankees,8,9,4.38,24,24,0,144,149,70,20,116,48,1.37,7.27,3.01,4.46,1.8,1.5,412.5,404
James Shields,White Sox,7,12,5.16,28,28,0,164,178,94,28,127,66,1.49,7,3.64,5.13,0.7,0.4,419.8,7059
Ricky Nolasco,Angels,10,10,4.2,29,29,0,176,183,82,23,130,44,1.29,6.66,2.23,4.23,1.8,1.7,422.1,3830
Mauricio Cabrera,Braves,3,3,3.89,0,55,1,55,48,24,5,60,32,1.46,9.83,5.24,4,0.1,0.2,424.1,12975
Brad Ziegler,Marlins,3,3,3.47,0,55,0,55,56,21,3,42,20,1.38,6.84,3.3,3.6,0.4,0.4,428.8,7293
Will Harris,Astros,3,2,3.56,0,55,4,55,50,22,6,57,18,1.24,9.26,2.98,3.52,0.5,0.5,430.4,3192
Seth Lugo,Mets,3,4,4.64,11,11,0,65,69,33,9,51,22,1.4,7.02,3.01,4.53,0.5,0.2,432.2,12447
Homer Bailey,Reds,5,5,4.24,15,15,0,81,82,38,11,68,25,1.32,7.59,2.77,4.28,1,0.9,435.2,8362
Trevor Rosenthal,Cardinals,3,2,3.15,0,55,0,55,44,19,4,67,25,1.25,10.89,4.02,3.22,0.7,0.7,436.3,10745
Joaquin Benoit,Phillies,3,3,3.69,0,55,4,55,48,23,7,60,22,1.27,9.87,3.6,3.8,0.5,0.4,436.8,1437
Nate Karns,Royals,5,6,4.34,16,16,0,91,87,44,12,84,37,1.37,8.3,3.69,4.29,1,1.1,438.8,12638
Santiago Casilla,Athletics,3,3,3.95,0,55,2,55,53,24,6,52,21,1.35,8.56,3.49,3.93,0.3,0.2,444.1,2873
Ariel Miranda,Mariners,4,4,4.49,11,11,0,64,64,32,10,52,23,1.36,7.32,3.22,4.69,0.6,0.5,444.9,17526
Blake Treinen,Nationals,3,3,3.35,0,65,2,65,61,24,5,64,25,1.33,8.8,3.45,3.34,0.7,0.7,451.7,12572
Luke Gregerson,Astros,3,3,3.5,0,65,8,65,59,25,6,64,20,1.22,8.85,2.74,3.5,0.7,0.6,460.3,4090
Patrick Corbin,Diamondbacks,4,4,3.83,6,46,0,76,76,32,8,68,24,1.31,8.01,2.85,3.82,0.8,0.9,463.8,9323
Daniel Hudson,Pirates,3,3,3.74,0,55,1,55,52,23,6,52,19,1.3,8.58,3.16,3.73,0.4,0.3,467.9,7146
Grant Dayton,Dodgers,4,3,2.93,0,65,1,65,51,21,7,82,21,1.1,11.41,2.88,3,1.1,1,469.5,11203
Jimmy Nelson,Brewers,6,9,4.8,23,23,0,129,137,69,17,106,52,1.46,7.4,3.64,4.57,1.4,0.8,474.9,10547
Martin Perez,Rangers,10,10,4.5,28,28,0,164,183,82,18,102,59,1.48,5.64,3.23,4.49,1.5,1.8,475.9,6902
Bruce Rondon,Tigers,2,1,3.84,0,30,0,30,26,13,3,33,14,1.33,9.96,4.11,3.87,0.2,0.2,481,5766
Luis Perdomo,Padres,8,11,4.23,28,28,0,166,178,78,17,119,57,1.42,6.48,3.1,4.17,1.8,1.4,482,14682
Glen Perkins,Twins,0,0,3.89,0,10,0,10,10,4,1,10,3,1.25,8.62,2.64,3.91,0.1,0,490,8041
Brad Boxberger,Rays,3,3,3.91,0,65,12,65,57,28,8,67,30,1.34,9.3,4.2,4.16,0.3,0.3,490.1,10133
Hector Santiago,Twins,9,12,5.06,31,31,0,176,182,99,30,143,74,1.45,7.3,3.79,5.11,1,0.8,491.6,4026
Brent Honeywell,Rays,0,0,4.35,0,0,0,1,1,0,0,1,0,1.34,6.92,2.89,4.43,0,0,493.4,sa828706
Miguel Gonzalez,White Sox,7,10,4.91,24,24,0,139,150,76,23,105,45,1.4,6.81,2.93,4.84,1.1,0.7,501.9,7024
Jason Vargas,Royals,8,10,4.49,26,26,0,145,154,72,21,100,40,1.34,6.22,2.46,4.56,1.4,1.5,502,8044
Chad Bettis,Rockies,1,1,4.7,2,2,0,9,10,5,1,7,3,1.45,6.83,3.04,4.42,0.1,0.1,502.5,10587
Brad Hand,Padres,3,3,3.43,0,65,4,65,58,25,6,68,23,1.26,9.44,3.24,3.49,0.6,0.6,506.6,9111
Drew Hutchison,Pirates,6,6,4.1,13,38,0,98,95,44,12,91,32,1.3,8.37,2.91,3.94,1.3,0.8,507.5,10732
Wily Peralta,Brewers,6,8,4.64,19,19,0,110,121,57,14,85,38,1.45,6.95,3.12,4.42,1.2,0.8,510.9,7738
Brandon McCarthy,Dodgers,6,5,3.8,16,16,0,90,89,38,11,81,25,1.25,8.04,2.48,3.79,1.4,1.1,520.9,4662
Juan Nicasio,Pirates,3,2,3.35,0,55,1,55,49,20,5,59,18,1.23,9.73,3.02,3.29,0.6,0.6,522,7731
Pedro Baez,Dodgers,3,2,3.37,0,55,1,55,47,21,6,60,17,1.17,9.87,2.77,3.43,0.6,0.5,523.6,5420
Darren O'Day,Orioles,3,3,3.94,0,65,2,65,59,28,9,67,22,1.25,9.3,3.02,3.99,0.5,0.4,529,3321
Andrew Cashner,Rangers,6,7,4.81,19,19,0,108,116,58,15,80,40,1.45,6.7,3.35,4.7,0.8,0.8,530.4,8782
Charlie Morton,Astros,8,7,4.1,21,21,0,119,119,54,12,101,42,1.36,7.69,3.21,4.07,1.6,1.4,530.9,4676
Steve Cishek,Mariners,3,3,3.56,0,55,0,55,49,22,6,56,20,1.25,9.1,3.24,3.66,0.5,0.4,531.5,6483
Mychal Givens,Orioles,3,2,3.71,0,55,2,55,47,23,6,63,24,1.28,10.31,3.93,3.82,0.5,0.5,534.6,10430
Michael Feliz,Astros,3,2,3.55,0,55,0,55,47,22,6,62,21,1.23,10.17,3.38,3.56,0.5,0.5,540.6,11903
Jake Barrett,Diamondbacks,3,3,4.1,0,65,10,65,61,30,7,64,29,1.39,8.8,4.06,4.11,0.3,0.3,545,13322
Koda Glover,Nationals,2,2,3.63,0,35,0,35,32,14,4,37,12,1.27,9.4,3.14,3.56,0.3,0.3,546.4,17695
Anibal Sanchez,Tigers,3,3,4.44,10,10,0,55,56,27,8,46,18,1.34,7.41,2.9,4.38,0.7,0.6,548.5,3284
Derek Holland,White Sox,6,8,4.8,19,19,0,109,118,58,17,82,38,1.43,6.75,3.15,4.85,0.9,0.7,552.3,4141
Derek Law,Giants,3,3,3.37,0,55,2,55,51,21,5,52,18,1.25,8.48,2.97,3.44,0.5,0.4,552.5,13133
Kevin Siegrist,Cardinals,3,3,3.71,0,65,2,65,55,27,7,72,29,1.3,10.03,4.02,3.84,0.5,0.4,552.7,8180
Tom Koehler,Marlins,8,9,4.51,24,24,0,139,144,70,17,110,58,1.45,7.11,3.73,4.47,1,0.9,555.6,6570
Andrew Bailey,Angels,3,3,4,0,65,2,65,60,29,8,60,25,1.3,8.3,3.42,4.22,0.2,0.2,559.4,1368
Ty Blach,Giants,5,5,3.85,10,35,0,80,83,34,8,57,22,1.31,6.38,2.45,3.97,0.7,0.6,562.9,14361
Brock Stewart,Dodgers,3,2,3.74,5,20,0,42,40,18,5,41,12,1.21,8.7,2.47,3.76,0.6,0.4,566.8,16727
Joakim Soria,Royals,3,3,3.68,0,65,1,65,60,27,7,61,23,1.28,8.5,3.19,3.79,0.5,0.6,569.3,6941
Francelis Montas,Athletics,1,1,3.76,0,25,0,25,23,10,3,26,10,1.31,9.51,3.61,3.69,0.2,0.2,570.2,14309
Felipe Rivero,Pirates,3,3,3.16,0,65,2,65,56,23,5,73,25,1.24,10.11,3.48,3.25,0.7,0.8,571.8,12076
Tony Cingrani,Reds,3,3,3.85,0,55,0,55,48,24,7,60,27,1.36,9.84,4.4,4.2,0.2,0.4,573.4,12555
Trevor May,Twins,1,0,3.62,0,10,0,10,9,4,1,11,3,1.2,9.78,2.79,3.52,0.1,0.1,578.4,6398
Carson Fulmer,White Sox,2,2,4.79,3,18,0,33,33,18,5,30,18,1.53,8.12,4.85,4.84,0,0,578.5,18311
Pedro Strop,Cubs,3,2,2.95,0,45,0,45,36,15,3,52,18,1.2,10.48,3.52,3.1,0.6,0.7,581.3,4070
Yovani Gallardo,Mariners,7,8,4.54,23,23,0,126,134,64,16,90,48,1.44,6.42,3.41,4.59,0.9,0.7,586.8,8173
Mike Clevinger,Indians,4,3,4.29,8,23,0,59,56,28,8,55,23,1.35,8.4,3.54,4.29,0.6,0.6,589.2,12808
Jake McGee,Rockies,3,3,4.11,0,55,2,55,54,25,7,54,19,1.32,8.79,3.15,4.03,0.4,0.6,599.4,7550
Sergio Romo,Dodgers,3,3,3.58,0,55,1,55,50,22,7,54,14,1.18,8.88,2.35,3.66,0.5,0.3,599.9,9817
Kyle Gibson,Twins,9,10,4.54,28,28,0,163,180,82,19,111,56,1.45,6.1,3.12,4.43,1.7,1.5,600.3,10123
Brett Anderson,Cubs,4,3,3.75,10,10,0,54,57,23,5,39,17,1.37,6.42,2.79,3.88,0.8,0.8,601.5,8223
Wade Miley,Orioles,11,10,4.3,29,29,0,172,182,82,22,134,57,1.39,7,2.96,4.36,2,2.1,602.2,8779
Steven Brault,Pirates,3,3,4.17,10,10,0,54,55,25,6,45,21,1.41,7.54,3.54,4.15,0.5,0.5,606.6,15291
Joe Kelly,Red Sox,3,2,3.43,0,55,0,55,50,21,5,58,18,1.23,9.41,2.96,3.35,0.6,0.7,608,9761
Colby Lewis,,8,12,4.96,28,28,0,171,190,94,29,118,44,1.37,6.22,2.3,4.85,1,0.7,608.2,1259
Ryan Buchter,Padres,3,3,3.77,0,55,2,55,45,23,7,64,28,1.34,10.53,4.58,3.99,0.3,0.2,612,9456
Tyler Duffey,Twins,5,5,3.97,8,48,0,84,87,37,10,72,21,1.28,7.64,2.27,3.81,1.1,0.8,612.3,13758
Matt Wisler,Braves,6,9,4.72,21,21,0,122,130,64,18,96,39,1.38,7.09,2.86,4.54,0.8,0.7,614.5,12804
Jhoulys Chacin,Padres,6,8,4.04,21,21,0,117,117,53,13,98,43,1.37,7.52,3.34,4.08,1.5,1.3,620.7,2608
Doug Fister,,9,11,4.61,28,28,0,163,182,84,22,107,47,1.41,5.91,2.6,4.56,1.3,1,621,9425
Cody Reed,Reds,4,5,4.09,13,13,0,71,70,32,9,64,26,1.35,8.07,3.3,4.19,0.9,0.9,622.9,15232
Koji Uehara,Cubs,4,3,3.28,0,65,2,65,54,24,8,74,16,1.08,10.27,2.28,3.36,0.8,0.8,625.4,9227
David Paulino,Astros,2,2,4.05,3,28,0,43,41,19,6,41,15,1.29,8.58,3.03,4.03,0.4,0.3,625.7,17418
Brett Cecil,Cardinals,3,2,2.96,0,55,0,55,46,18,4,63,18,1.17,10.38,2.99,2.98,0.9,0.8,628.3,2660
Jonathan Papelbon,,3,3,4.2,0,55,0,55,55,26,7,47,18,1.31,7.76,2.86,4.19,0.1,0.1,630.2,5975
Robert Stephenson,Reds,6,9,4.84,23,23,0,125,121,67,19,117,68,1.5,8.44,4.86,4.97,0.9,0.6,630.5,13594
Jeff Hoffman,Rockies,6,7,4.7,19,19,0,108,113,56,14,94,44,1.45,7.84,3.63,4.46,1.3,1.5,631.7,17432
Chase Anderson,Brewers,4,5,4.99,13,13,0,70,77,39,12,57,23,1.42,7.31,2.98,4.83,0.5,0.2,634.8,6895
Phil Hughes,Twins,7,10,4.89,24,24,0,141,160,76,24,93,26,1.33,5.93,1.67,4.7,1.3,0.9,636.5,7450
Carlos Torres,Brewers,3,3,4.17,0,55,2,55,54,25,7,52,20,1.36,8.58,3.33,4.08,0.2,0.1,638,7624
Luis Cessa,Yankees,4,5,4.82,13,13,0,74,80,40,12,56,24,1.4,6.83,2.87,4.8,0.6,0.5,642.6,13345
Yohander Mendez,Rangers,0,0,4.06,0,10,0,10,10,5,1,9,4,1.36,8.55,3.66,4.18,0,0,642.9,14391
Alec Asher,Phillies,1,2,5.08,5,5,0,27,30,15,5,18,8,1.41,6.13,2.61,5.01,0.1,0,650.6,13560
Joe Blanton,Nationals,3,3,3.81,0,55,0,55,53,23,7,54,16,1.25,8.83,2.59,3.71,0.4,0.4,653.6,4849
Ubaldo Jimenez,Orioles,6,7,4.65,18,28,0,109,111,56,15,93,48,1.45,7.69,3.96,4.6,1,0.8,664.7,3374
Jason Grilli,Blue Jays,3,3,3.93,0,65,2,65,55,28,9,74,26,1.26,10.19,3.65,3.99,0.4,0.5,668.4,521
A.J. Griffin,Rangers,4,5,5.07,15,15,0,80,84,45,15,67,27,1.38,7.55,3.07,5.08,0.5,0.4,670.8,11132
Alex Meyer,Angels,7,7,4.09,19,19,0,107,96,48,13,105,48,1.35,8.89,4.05,4.22,1.2,1.3,673.2,12833
Zach Duke,Cardinals,0,0,3.21,0,1,0,1,1,0,0,1,0,1.3,9.31,3.76,3.4,0,0.1,673.8,3840
Jesse Chavez,Angels,6,6,4.18,18,18,0,102,102,48,14,83,34,1.32,7.26,2.95,4.34,1,1.1,673.9,5448
Tyler Clippard,Yankees,3,3,4.43,0,55,0,55,50,27,9,55,22,1.32,8.93,3.68,4.66,0.1,0,676.3,5640
Ross Stripling,Dodgers,3,3,3.8,3,48,0,63,63,27,7,53,18,1.28,7.61,2.54,3.81,0.5,0.3,688.8,13273
Bryan Shaw,Indians,3,3,3.76,0,55,2,55,52,23,6,51,20,1.32,8.38,3.35,3.86,0.3,0.4,691.4,8110
Keone Kela,Rangers,2,2,3.39,0,45,0,45,37,17,4,54,19,1.26,10.74,3.85,3.39,0.5,0.6,697.1,14696
Erasmo Ramirez,Rays,2,2,3.75,0,45,0,45,44,19,5,38,12,1.24,7.52,2.4,3.93,0.3,0.3,698.5,10314
Daniel Mengden,Athletics,2,2,4.54,6,6,0,36,37,18,5,31,14,1.41,7.65,3.44,4.38,0.3,0.2,705,16980
Liam Hendriks,Athletics,2,2,3.52,0,45,0,45,42,18,5,45,10,1.17,9,2.06,3.36,0.6,0.4,712,3548
George Kontos,Giants,2,2,4.05,0,45,0,45,46,20,5,34,15,1.34,6.85,2.91,4.1,0,0,718.6,9486
Travis Wood,Royals,3,4,4.85,11,11,0,64,65,34,10,47,26,1.44,6.7,3.74,4.98,0.4,0.5,721.7,9884
Nick Vincent,Mariners,3,3,3.77,0,65,4,65,59,27,8,64,20,1.22,8.89,2.82,3.89,0.5,0.4,722.5,7555
J.T. Chargois,Twins,2,2,3.99,0,45,1,45,43,20,5,43,20,1.39,8.59,3.94,3.97,0.2,0.2,724,13767
Bryan Mitchell,Yankees,6,7,4.67,18,28,0,109,113,57,15,86,49,1.49,7.13,4.07,4.76,0.8,0.7,730.9,11479
Aaron Blair,Braves,1,2,4.77,5,5,0,26,27,14,4,22,11,1.46,7.36,3.8,4.68,0.2,0.1,733.2,14934
Dan Otero,Indians,2,2,3.54,0,45,0,45,46,18,4,34,10,1.26,6.88,2.05,3.57,0.4,0.4,734.4,7385
Edubray Ramos,Phillies,2,2,3.76,0,45,2,45,41,19,5,46,14,1.24,9.22,2.9,3.75,0.4,0.3,737.8,16086
Will Smith,Giants,3,2,3.09,0,55,0,55,45,19,5,64,22,1.21,10.53,3.61,3.21,0.7,0.6,741,8048
Tim Adleman,Reds,2,3,5.06,6,6,0,36,40,20,7,27,12,1.41,6.64,2.94,5.1,0.1,0.1,743.2,10968
Rubby de la Rosa,Diamondbacks,0,0,4.16,0,0,0,1,1,0,0,1,0,1.33,8.23,3.07,4.04,0,0,743.9,3862
Dan Altavilla,Mariners,2,2,3.85,0,35,0,35,33,15,4,33,14,1.33,8.45,3.61,4.01,0.2,0.2,744,16507
Trevor Cahill,Padres,1,1,4.18,3,3,0,18,18,8,2,16,9,1.47,7.79,4.4,4.22,0.2,0.2,745.9,6249
Jacob Barnes,Brewers,2,2,3.93,0,45,0,45,43,20,5,45,16,1.32,9.02,3.28,3.82,0.4,0.3,748.4,12323
Cody Reed,Diamondbacks,0,0,4.85,0,0,0,1,1,1,0,1,0,1.53,6.65,4.22,4.9,0,0,754.6,sa828694
Matt Barnes,Red Sox,2,2,3.98,0,45,0,45,42,20,5,45,18,1.33,9.06,3.57,3.89,0.2,0.3,758,12863
Alex Wilson,Tigers,3,3,4.41,0,55,1,55,58,27,7,40,18,1.39,6.48,2.93,4.43,0.1,0,763.3,9239
Justin Wilson,Tigers,3,3,3.42,0,65,1,65,57,25,6,67,24,1.26,9.31,3.37,3.53,0.7,0.8,766.7,4301
Jered Weaver,Padres,5,9,5.03,19,19,0,113,124,63,20,76,33,1.38,6.04,2.63,5.06,0.5,0,767.3,4235
Pat Neshek,Phillies,3,3,4.04,0,55,2,55,52,25,8,52,16,1.24,8.55,2.63,4.1,0.3,0.2,768.4,4682
Tony Zych,Mariners,2,1,3.47,0,30,0,30,26,12,3,32,11,1.23,9.55,3.26,3.56,0.3,0.2,769.9,12876
Josh Collmenter,Braves,1,2,4.63,2,22,0,29,32,15,4,21,9,1.39,6.53,2.8,4.59,0,0,776.8,7312
Kevin Quackenbush,Padres,2,3,4.23,0,55,2,55,54,26,7,48,20,1.36,7.89,3.29,4.22,0.1,-0.1,778.3,12360
Matt Cain,Giants,5,6,4.54,16,16,0,89,91,45,12,67,29,1.36,6.76,2.99,4.57,0.7,0.4,782.2,4732
Braden Shipley,Diamondbacks,5,7,4.94,16,16,0,92,102,51,14,64,31,1.45,6.28,3.04,4.78,0.5,0.5,784.9,15158
Luis Castillo,Marlins,0,0,4.54,0,0,0,1,1,1,0,1,0,1.43,6.27,3.3,4.5,0,0,786.8,sa657487
Jesse Hahn,Athletics,5,6,4.73,16,16,0,92,101,48,10,63,37,1.5,6.15,3.6,4.57,0.7,0.4,789.4,13287
Domingo Acevedo,Yankees,0,0,5.31,0,0,0,1,1,1,0,1,0,1.54,6.31,3.99,5.33,0,0,790.5,sa739716
German Marquez,Rockies,9,9,4.57,24,34,0,148,160,75,19,116,47,1.41,7.06,2.88,4.34,1.9,2.1,792.5,15038
Jake Diekman,Rangers,1,1,3.59,0,25,0,25,22,10,2,27,12,1.34,9.64,4.17,3.77,0.2,0.3,796.5,5003
Christian Friedrich,Padres,7,10,4.42,24,24,0,140,146,69,17,105,55,1.44,6.75,3.55,4.52,1.4,0.9,796.5,7942
Silvino Bracho,Diamondbacks,1,1,3.94,0,20,0,20,18,9,3,21,7,1.25,9.44,3.07,3.87,0.1,0.2,797.8,15051
Brad Peacock,Astros,4,4,4.56,6,36,0,66,64,33,10,62,26,1.36,8.5,3.55,4.52,0.2,0.1,798.9,5401
Alex Reyes,Cardinals,0,0,3.47,0,0,0,1,1,0,0,1,1,1.31,10.83,4.54,3.54,0,0,799.2,15015
Matt Belisle,Twins,3,3,4.38,0,55,1,55,60,27,6,39,17,1.4,6.44,2.76,4.28,0.1,0.1,806.9,1837
Matt Grace,Nationals,1,1,4.11,0,20,0,20,21,9,2,15,7,1.42,6.71,3.24,4.2,0,0,811.5,11449
Clayton Richard,Padres,5,6,4.2,16,16,0,93,103,43,9,59,32,1.45,5.75,3.09,4.32,0.8,0.7,822.2,3551
Chase Whitley,Rays,1,1,3.68,0,15,0,15,14,6,2,14,4,1.23,8.19,2.55,3.77,0.1,0.1,823,10982
Aaron Loup,Blue Jays,2,1,3.57,0,30,0,30,28,12,3,28,10,1.28,8.31,3.11,3.76,0.2,0.3,832.5,10343
Justin Nicolino,Marlins,3,4,4.61,11,11,0,65,74,33,8,35,17,1.42,4.92,2.41,4.56,0.4,0.3,834.6,11754
Joe Nathan,Giants,0,0,3.55,0,1,0,1,1,0,0,1,0,1.29,8.99,3.66,3.65,0,0.1,838.1,1122
Jeff Locke,Marlins,4,4,4.34,11,11,0,65,69,31,7,45,24,1.45,6.24,3.41,4.4,0.5,0.5,838.1,2929
Albert Suarez,Giants,2,2,4.22,5,5,0,27,28,13,3,19,9,1.38,6.3,2.94,4.26,0.2,0.2,838.2,6175
Cody Anderson,Indians,2,2,4.11,3,13,0,28,28,13,4,23,8,1.29,7.45,2.53,4.14,0.3,0.3,840.5,12799
Adam Warren,Yankees,3,3,4.42,3,43,0,58,59,29,8,48,22,1.39,7.44,3.38,4.52,0.2,0.1,841.4,9029
Scott Feldman,Reds,7,10,4.49,24,24,0,143,154,71,19,101,43,1.38,6.36,2.71,4.44,1.5,1.2,842.7,6283
Xavier Cedeno,Rays,3,3,3.4,0,55,0,55,50,21,5,52,20,1.26,8.59,3.23,3.66,0.4,0.5,843.9,36
Ryan Pressly,Twins,3,3,4.08,0,65,16,65,64,29,7,58,23,1.35,8.04,3.25,4.01,0.4,0.3,849.6,7005
Fernando Salas,Mets,3,3,3.87,0,55,0,55,52,24,7,54,16,1.24,8.83,2.59,3.82,0.4,0.2,850,4971
Matt Garza,Brewers,8,12,4.89,29,29,0,171,191,93,25,124,58,1.46,6.55,3.06,4.71,1.6,0.8,850.5,3340
Ryan Merritt,Indians,2,2,4.29,3,13,0,28,31,14,4,18,6,1.31,5.63,1.82,4.38,0.2,0.2,852,13688
Tim Cooney,Indians,3,3,4.41,8,8,0,46,48,22,6,35,15,1.36,6.94,2.86,4.5,0.5,0.5,852.2,13762
Matt Capps,Twins,0,0,4.48,0,1,0,1,1,0,0,1,0,1.42,7.64,3.65,4.43,0,0,853.5,4788
Nathan Eovaldi,Yankees,0,0,4.1,0,0,0,1,1,0,0,1,0,1.33,7.4,2.74,4.15,0,0,855.5,9132
Carson Smith,Red Sox,2,2,3.46,0,40,0,40,36,15,3,41,15,1.28,9.11,3.35,3.41,0.4,0.5,859,13172
Hansel Robles,Mets,3,3,3.92,0,55,0,55,49,24,7,59,22,1.29,9.68,3.64,3.95,0.4,0.1,859.6,11801
Randall Delgado,Diamondbacks,3,3,4.23,0,55,0,55,53,26,7,51,22,1.36,8.31,3.6,4.25,0.2,0.2,859.7,5985
Adalberto Mejia,Twins,2,2,4.55,6,6,0,37,39,19,5,28,13,1.4,6.93,3.06,4.5,0.3,0.4,860.6,13188
Tony Barnette,Rangers,3,3,4.13,0,55,0,55,55,25,7,47,19,1.35,7.65,3.07,4.14,0.2,0.3,862,3555
Zack Godley,Diamondbacks,1,1,4.17,2,17,0,24,24,11,3,21,8,1.36,7.69,3.11,4.08,0.2,0.2,862.5,14862
Nick Tropeano,Angels,0,0,4.04,0,0,0,1,1,0,0,1,0,1.29,8.33,3.21,4.2,0,0,864.5,12385
Zach Eflin,Phillies,2,3,5.01,8,8,0,46,52,26,8,31,13,1.39,6.1,2.47,4.97,0.3,0,868.7,13774
Roenis Elias,Red Sox,1,1,4.74,2,2,0,9,9,5,1,7,4,1.47,7.14,3.92,4.77,0.1,0.1,873.5,12673
Carlos Estevez,Rockies,3,3,4.16,0,55,3,55,52,25,7,58,24,1.37,9.44,3.86,4.03,0.5,0.6,876.7,14542
Joe Smith,Blue Jays,2,2,3.95,0,45,0,45,45,20,5,37,15,1.34,7.41,3.08,4.07,0.2,0.2,877.9,3281
Shane Greene,Tigers,2,2,3.82,0,35,0,35,34,15,4,31,11,1.28,8.08,2.76,3.85,0.2,0.3,878.5,10756
John Lamb,Reds,0,0,4.43,0,0,0,1,1,0,0,1,0,1.38,8.04,3.58,4.61,0,0,880.5,8493
Thyago Vieira,Mariners,0,1,5.13,0,10,0,10,10,6,1,7,6,1.65,6.66,5.61,5.39,-0.1,-0.1,881.5,sa596366
John Axford,Athletics,3,3,4.02,0,55,0,55,52,25,5,53,26,1.42,8.73,4.27,4,0.2,0.1,883.1,9059
Eddie Butler,Cubs,3,3,4.88,8,8,0,45,50,24,6,27,17,1.49,5.55,3.44,4.95,0.2,0.2,885.5,13453
Marco Gonzales,Cardinals,0,0,4.25,0,0,0,1,1,0,0,1,0,1.37,7.18,3.15,4.33,0,0,886.6,15467
Tyrell Jenkins,Padres,0,1,5.25,2,2,0,9,10,5,1,6,4,1.6,5.89,4.43,5.23,0,-0.1,887.5,11378
Danny Farquhar,Rays,3,3,3.73,0,55,0,55,50,23,6,53,20,1.27,8.63,3.21,3.92,0.2,0.3,890.5,8501
Michael Blazek,Brewers,1,1,4.59,0,25,0,25,26,13,3,22,11,1.46,8,3.92,4.54,0,-0.1,891.5,9654
Jose Urena,Marlins,3,3,4,3,43,0,58,59,26,6,46,19,1.34,7.13,2.92,3.99,0.3,0.3,892,11589
Cory Rasmus,Angels,0,0,4.19,0,1,0,1,1,0,0,1,0,1.35,8.2,3.79,4.42,0,0.1,892.5,2413
James Hoyt,Astros,2,1,3.17,0,35,0,35,28,12,3,43,13,1.18,11.1,3.4,3.15,0.5,0.4,895.7,14605
Bud Norris,Dodgers,0,0,4.08,0,0,0,1,1,0,0,1,0,1.32,7.91,3.05,4.13,0,0,895.8,9492
Raul Alcantara,Athletics,2,2,4.53,2,32,0,39,42,20,5,29,10,1.34,6.74,2.32,4.35,0.1,0,895.9,12790
Boone Logan,Indians,3,2,3.48,0,55,0,55,47,21,6,63,22,1.25,10.31,3.64,3.61,0.5,0.6,898,5525
Brian Flynn,Royals,2,2,3.87,2,22,0,29,28,12,3,25,12,1.37,7.82,3.67,4.05,0.2,0.3,899.9,12027
Ian Krol,Braves,3,3,3.36,0,55,0,55,49,21,5,59,22,1.28,9.73,3.54,3.44,0.5,0.5,900.1,10066
C.J. Wilson,Angels,0,0,4.1,0,0,0,1,1,0,0,1,0,1.38,7.41,3.61,4.31,0,0,901.4,3580
Nick Goody,Yankees,0,0,4.09,0,1,0,1,1,0,0,1,0,1.31,9.59,3.62,4.15,0,0.1,902.5,13685
Jake Peavy,,4,5,4.79,13,13,0,73,78,39,12,55,22,1.37,6.78,2.73,4.76,0.5,0.4,905.1,1051
Logan Verrett,Orioles,1,2,5.57,5,5,0,27,31,17,5,17,11,1.55,5.81,3.6,5.49,0,0,906.3,12905
Shawn Tolleson,Rays,2,2,3.7,0,35,0,35,33,14,4,33,12,1.26,8.39,3.02,3.89,0.2,0.2,907.3,10481
Wade LeBlanc,Pirates,2,2,3.86,3,23,0,38,39,16,5,33,10,1.26,7.77,2.28,3.85,0.4,0.3,909.3,5221
Brian Ellington,Marlins,1,1,3.76,0,20,0,20,17,8,2,22,10,1.36,10.02,4.67,3.87,0.1,0.1,909.5,17233
Chris Heston,Mariners,0,1,4.78,2,2,0,9,10,5,1,6,4,1.48,5.83,3.55,4.89,0,0,909.9,10302
Jonathan Broxton,Cardinals,2,2,3.76,0,45,0,45,43,19,4,42,17,1.33,8.46,3.39,3.75,0.3,0.2,910,4759
Sammy Solis,Nationals,3,2,3.53,0,55,0,55,50,22,5,58,22,1.3,9.48,3.56,3.6,0.4,0.5,910.4,11457
Shae Simmons,Mariners,1,0,3.54,0,10,0,10,9,4,1,10,4,1.3,9.35,3.77,3.7,0.1,0.1,912.3,14200
Chris Rusin,Rockies,4,4,4.3,8,33,0,71,78,34,8,52,22,1.41,6.64,2.76,4.21,0.8,1,913,9895
Jorge de la Rosa,Diamondbacks,3,3,4,3,38,0,53,52,24,6,47,20,1.35,8.03,3.31,3.99,0.4,0.4,913.5,2047
Bronson Arroyo,Reds,6,9,4.9,21,21,0,121,138,66,20,74,28,1.38,5.48,2.09,4.94,0.7,0.5,914.5,978
Ben Heller,Yankees,1,1,4.16,0,25,0,25,23,12,3,25,11,1.37,9.13,4.02,4.27,0.1,0.1,918.5,15100
Adam Morgan,Phillies,1,2,4.44,3,13,0,28,29,14,5,23,7,1.29,7.46,2.39,4.5,0.2,0.1,923.3,12580
Kris Medlen,Royals,0,0,4.41,0,0,0,1,1,0,0,1,0,1.4,6.38,3.09,4.46,0,0,923.7,9417
Evan Scribner,Mariners,3,3,3.65,0,55,0,55,51,22,7,55,14,1.17,8.92,2.24,3.68,0.4,0.4,924.1,7525
Yusmeiro Petit,Angels,0,0,4.1,0,10,0,10,10,5,1,8,2,1.23,7.5,2.25,4.22,0,0,925,4020
Dustin McGowan,Marlins,2,2,4.04,0,35,0,35,33,16,3,33,17,1.43,8.37,4.5,4.18,0,0.1,928.3,8600
Max Fried,Braves,0,1,5.16,2,2,0,9,10,5,1,7,6,1.7,6.71,5.81,5.29,0,0,935,sa657860
Jarred Cosart,Padres,7,12,4.59,28,28,0,159,172,81,16,108,78,1.57,6.1,4.42,4.65,0.9,0.5,936.3,10304
Antonio Bastardo,Pirates,2,2,4.04,0,45,0,45,41,20,5,46,20,1.34,9.16,3.96,4.09,0.2,0,936.8,8844
Tommy Milone,Brewers,1,2,4.47,5,5,0,27,29,13,4,22,8,1.35,7.37,2.52,4.38,0.3,0.3,937.5,7608
Jon Niese,,5,6,4.57,16,16,0,92,102,47,12,62,32,1.45,6.01,3.07,4.59,0.7,0.6,938,4424
Henderson Alvarez,,5,6,4.28,16,16,0,94,104,45,11,60,25,1.37,5.79,2.4,4.25,1.1,0.9,938.2,5669
Enrique Burgos,Diamondbacks,2,2,3.9,0,45,0,45,39,19,5,51,23,1.38,10.14,4.69,3.94,0.3,0.3,938.5,3895
Zach McAllister,Indians,2,2,3.66,0,40,0,40,36,16,5,41,13,1.22,9.24,2.86,3.64,0.4,0.3,939.5,2895
Jonathan Holder,Yankees,2,1,3.92,0,30,0,30,28,13,4,30,9,1.25,8.93,2.79,3.94,0.2,0.2,940.5,16588
Mike Dunn,Rockies,2,2,4.31,0,40,0,40,38,19,6,40,16,1.36,9.05,3.62,4.29,0.3,0.4,941,9948
Taylor Jungmann,Brewers,0,1,5.3,2,2,0,9,10,5,1,7,5,1.6,7.48,4.85,5.14,0,0,941.5,13119
Jake Buchanan,Cubs,1,1,3.84,0,15,0,15,15,6,2,11,4,1.29,6.83,2.41,3.95,0.1,0.1,943.5,10962
Jerry Blevins,Mets,2,2,3.67,0,45,0,45,41,18,5,47,17,1.28,9.36,3.34,3.77,0.3,0.2,944.1,7841
Andrew Heaney,Angels,1,1,4.06,2,2,0,9,9,4,1,8,3,1.28,7.52,2.72,4.22,0.1,0,945.5,15423
Taylor Rogers,Twins,3,3,3.86,0,55,0,55,55,24,6,47,17,1.31,7.74,2.75,3.85,0.3,0.4,946.3,13449
Deolis Guerra,Angels,0,0,3.91,0,1,0,1,1,0,0,1,0,1.28,7.29,2.59,4.06,0,0.1,949.4,8410
Zach Neal,Athletics,0,0,4.67,0,1,0,1,1,1,0,1,0,1.38,4.79,1.68,4.45,0,0,949.5,11294
Josh Smoker,Mets,2,2,3.18,0,40,0,40,33,14,4,49,15,1.2,11.07,3.39,3.2,0.5,0.5,953,10285
Blake Parker,Angels,1,0,3.69,0,10,0,10,9,4,1,10,4,1.25,9.1,3.26,3.84,0.1,0.1,953.5,5224
Mat Latos,Blue Jays,2,2,4.23,0,35,0,35,36,16,5,28,10,1.3,7.23,2.51,4.2,0.1,0.1,954.5,3815
Zach Putnam,White Sox,2,2,3.87,0,40,0,40,36,17,4,42,17,1.33,9.34,3.83,3.91,0.3,0.2,954.8,9080
Tyler Lyons,Cardinals,1,1,3.43,0,15,0,15,14,6,2,15,4,1.17,9.11,2.2,3.39,0.2,0.2,955.5,11334
Rafael Montero,Mets,2,3,4.41,3,33,0,48,47,24,6,44,21,1.42,8.22,3.92,4.42,0.1,0,955.5,12760
Nick Wittgren,Marlins,1,1,3.87,0,30,0,30,30,13,3,26,9,1.28,7.83,2.62,3.8,0.1,0.1,958.5,15594
Mike Minor,Royals,1,1,4.04,0,25,0,25,24,11,3,22,7,1.27,7.9,2.62,4.12,0.1,0.2,960.5,10021
Alec Mills,Cubs,1,0,3.46,0,10,0,10,9,4,1,10,3,1.18,8.84,2.41,3.51,0.1,0.1,964.5,13834
Paul Clemens,Padres,3,6,5.01,13,13,0,71,75,39,11,56,30,1.48,7.07,3.85,4.97,0.3,0,967.5,8037
Jim Henderson,Cubs,1,1,4.25,0,30,0,30,27,14,4,30,13,1.35,9.08,3.99,4.35,0.1,0,968.5,6653
Adam Plutko,Indians,1,0,4.04,0,10,0,10,10,4,1,8,3,1.26,7.5,2.3,4.06,0.1,0,970.5,15846
Junichi Tazawa,Marlins,3,3,3.48,0,55,0,55,50,21,5,54,16,1.21,8.76,2.63,3.46,0.5,0.5,971.5,4079
Jarrod Parker,,1,1,4.55,3,3,0,18,20,9,3,13,6,1.38,6.5,2.77,4.51,0.2,0.1,972.5,4913
Cesar Vargas,Padres,1,2,3.84,2,22,0,29,28,12,3,26,10,1.32,8.12,3.15,3.85,0.2,0.1,973.5,14099
Vidal Nuno,Orioles,3,3,4.39,3,48,0,63,65,31,10,54,17,1.29,7.65,2.37,4.45,0.3,0.3,973.5,9674
Neil Ramirez,Twins,0,0,4.59,0,1,0,1,1,1,0,1,0,1.42,8.75,4.23,4.56,0,0,973.5,7677
Rafael De Paula,Padres,0,0,3.7,0,1,0,1,1,0,0,1,0,1.32,9.34,3.75,3.76,0,0.1,975.5,sa657482
Luis Avilan,Dodgers,2,1,3.5,0,30,0,30,27,12,3,29,13,1.33,8.59,3.77,3.8,0.1,0.2,977.5,2882
Mike Morin,Angels,3,3,3.64,0,55,0,55,51,22,6,50,18,1.24,8.17,2.86,3.9,0.4,0.4,978.5,13442
Jared Hughes,Pirates,2,2,4.19,0,40,0,40,44,19,3,27,14,1.46,6.09,3.24,4.15,0,0,981.5,9325
Luke Hochevar,,2,2,3.73,0,45,0,45,40,19,5,48,15,1.23,9.58,3.04,3.71,0.4,0.4,983.5,6943
Edward Mujica,Athletics,0,0,4.49,0,1,0,1,1,0,0,1,0,1.36,6.33,2.31,4.38,0,0,983.5,3970
Ben Rowen,Brewers,0,0,4.57,0,1,0,1,1,1,0,1,0,1.41,6.72,2.87,4.4,0,0,983.5,10983
JC Ramirez,Angels,4,4,4.34,8,28,0,66,67,32,8,50,26,1.42,6.76,3.57,4.51,0.3,0.3,983.5,8302
Chris Bassitt,Athletics,1,1,4.52,2,2,0,9,10,5,1,7,3,1.41,7.22,3.33,4.37,0.1,0,987.5,12304
Justin Grimm,Cubs,2,2,3.39,0,40,0,40,34,15,4,45,16,1.25,10.03,3.6,3.49,0.4,0.5,992.5,11720
Tyler Wagner,Rangers,0,1,5.3,2,2,0,9,10,5,1,6,4,1.53,5.65,3.55,5.21,0,0,993.5,13796
Jose Contreras,Pirates,0,0,3.47,0,1,0,1,1,0,0,1,0,1.22,8.89,2.5,3.32,0,0.1,999,1660
Phil Maton,Padres,0,0,3.34,0,1,0,1,1,0,0,1,0,1.22,9.99,3.25,3.33,0,0.1,999,sa875251
Josh Ravin,Dodgers,1,0,3.27,0,10,0,10,8,4,1,12,4,1.23,10.77,3.75,3.36,0.1,0.1,999,2951
Chaz Roe,Braves,1,1,3.41,0,30,0,30,26,11,3,33,12,1.29,9.87,3.65,3.39,0.3,0.4,999,9866
Cory Mazzoni,Padres,0,0,3.41,0,10,0,10,9,4,1,11,3,1.24,9.48,3.14,3.41,0.1,0.1,999,12537
Daniel Winkler,Braves,0,0,3.49,0,10,0,10,9,4,1,11,4,1.25,9.73,3.27,3.43,0.1,0.1,999,12237
Steven Okert,Giants,2,1,3.26,0,30,0,30,26,11,3,31,12,1.25,9.39,3.49,3.45,0.3,0.3,999,13580
Jay Jackson,Padres,0,0,3.45,0,1,0,1,1,0,0,1,0,1.24,9.59,3.22,3.45,0,0.1,999,7432
Jenrry Mejia,Mets,0,0,3.51,0,1,0,1,1,0,0,1,0,1.27,9.32,3.19,3.45,0,0.1,999,8476
Cory Gearrin,Giants,2,2,3.4,0,40,0,40,37,15,3,38,14,1.27,8.54,3.2,3.46,0.3,0.3,999,7947
Josh Fields,Dodgers,2,2,3.39,0,35,0,35,29,13,4,39,12,1.17,10.08,3.02,3.48,0.4,0.3,999,5070
Michael Dimock,Padres,0,0,3.5,0,1,0,1,1,0,0,1,0,1.24,9.4,3.06,3.49,0,0.1,999,sa526011
Radhames Liz,Pirates,0,0,3.55,0,1,0,1,1,0,0,1,0,1.27,9.58,3.3,3.49,0,0.1,999,5843
Matt Strahm,Royals,3,2,3.36,0,55,1,55,48,21,5,57,19,1.23,9.32,3.14,3.51,0.5,0.8,999,13799
Matt Bush,Rangers,3,3,3.52,0,65,1,65,58,25,7,68,21,1.22,9.44,2.89,3.53,0.8,0.8,999,1246
Andrew Chafin,Diamondbacks,3,3,3.45,0,55,0,55,50,21,5,55,22,1.31,9.03,3.54,3.53,0.5,0.7,999,12988
Armando Rivero,Braves,1,1,3.51,0,25,0,25,21,10,2,30,13,1.35,10.69,4.62,3.55,0.2,0.2,999,sa739701
Felix Pena,Cubs,1,1,3.44,0,20,0,20,17,8,2,22,8,1.25,9.9,3.57,3.56,0.2,0.2,999,13403
Tyler Webb,Pirates,1,0,3.53,0,10,0,10,9,4,1,10,4,1.3,8.97,3.29,3.56,0.1,0.1,999,sa602910
John Holdzkom,Pirates,0,0,3.57,0,1,0,1,1,0,0,1,0,1.33,9.85,4.06,3.57,0,0.1,999,9392
Mike Broadway,Giants,0,0,3.52,0,1,0,1,1,0,0,1,0,1.26,8.91,3.18,3.58,0,0.1,999,9894
Lisalverto Bonilla,Reds,2,2,3.53,0,35,0,35,30,14,4,39,13,1.24,9.94,3.39,3.6,0.4,0.3,999,11266
Paul Sewald,Mets,0,0,3.63,0,1,0,1,1,0,0,1,0,1.28,9.4,3.28,3.6,0,0.1,999,sa658150
Erik Cordier,Marlins,0,0,3.52,0,1,0,1,1,0,0,1,0,1.34,10.1,4.45,3.61,0,0.1,999,4086
Aaron Barrett,,1,0,3.58,0,10,0,10,9,4,1,11,4,1.27,9.48,3.42,3.61,0.1,0.1,999,11243
Tiago Da Silva,,0,0,3.66,0,1,0,1,1,0,0,1,0,1.21,8.51,2.33,3.61,0,0.1,999,sa795086
A.J. Minter,Braves,0,0,3.52,0,1,0,1,1,0,0,1,0,1.32,9.8,3.99,3.62,0,0.1,999,sa659284
Chris Hatcher,Dodgers,2,2,3.54,0,40,0,40,35,16,4,42,14,1.24,9.49,3.2,3.63,0.4,0.3,999,3299
Jordan Walden,Cardinals,0,0,3.67,0,1,0,1,1,0,0,1,0,1.28,9.68,3.69,3.63,0,0.1,999,3271
Spencer Patton,Cubs,0,0,3.52,0,1,0,1,1,0,0,1,0,1.28,10.28,4.01,3.64,0,0.1,999,12361
Ian Thomas,Dodgers,0,0,3.47,0,1,0,1,1,0,0,1,0,1.25,9.09,3.18,3.64,0,0.1,999,13881
Enny Romero,Nationals,2,2,3.54,0,40,0,40,36,16,4,43,17,1.31,9.6,3.79,3.64,0.4,0.4,999,4001
Daniel Coulombe,Athletics,2,2,3.56,0,35,0,35,32,14,3,35,16,1.37,9.12,4.07,3.66,0.2,0.3,999,13293
Samuel Tuivailala,Cardinals,1,1,3.59,0,20,0,20,17,8,2,23,10,1.35,10.3,4.49,3.66,0.1,0.1,999,13485
Marcos Mateo,Padres,0,0,3.65,0,1,0,1,1,0,0,1,0,1.27,9.85,3.57,3.68,0,0.1,999,6869
Daniel Slania,Giants,1,1,3.61,0,15,0,15,14,6,1,14,5,1.28,8.17,3.13,3.68,0.1,0,999,sa550172
Adam Liberatore,Dodgers,1,1,3.5,0,20,0,20,18,8,2,21,8,1.25,9.49,3.38,3.68,0.2,0.2,999,10637
Shawn Armstrong,Indians,2,2,3.53,0,35,0,35,29,14,3,41,17,1.32,10.48,4.44,3.69,0.4,0.4,999,12857
Paco Rodriguez,Braves,2,2,3.56,0,40,0,40,36,16,4,42,18,1.34,9.42,3.96,3.69,0.3,0.4,999,13398
Jon Edwards,Padres,0,0,3.63,0,1,0,1,1,0,0,1,0,1.33,10.59,4.47,3.7,0,0.1,999,1483
Zach Phillips,Pirates,0,0,3.62,0,1,0,1,1,0,0,1,0,1.35,9.4,4.02,3.7,0,0.1,999,99
John Leathersich,Cubs,1,0,3.43,0,10,0,10,8,4,1,12,5,1.33,10.5,4.64,3.71,0.1,0.1,999,12562
Robbie Ross Jr.,Red Sox,3,2,3.62,0,55,0,55,52,22,5,51,20,1.31,8.35,3.25,3.72,0.4,0.6,999,6819
Jacob Rhame,Dodgers,1,0,3.59,0,10,0,10,9,4,1,11,4,1.3,9.52,3.82,3.72,0.1,0.1,999,sa737837
Jarrett Grube,Angels,0,0,3.6,0,1,0,1,1,0,0,1,0,1.19,7.91,2.17,3.72,0,0.1,999,7553
Josh Osich,Giants,2,2,3.51,0,35,0,35,32,14,3,34,16,1.35,8.67,3.99,3.72,0.1,0.2,999,11528
Zack Weiss,Reds,0,0,3.63,0,1,0,1,1,0,0,1,0,1.27,9.73,3.53,3.72,0,0.1,999,sa548466
Kyle Mcgrath,Padres,0,0,3.63,0,1,0,1,1,0,0,1,0,1.27,8.55,2.95,3.73,0,0.1,999,sa829726
Cory Luebke,Pirates,0,0,3.65,0,1,0,1,1,0,0,1,0,1.33,8.93,3.61,3.73,0,0.1,999,1984
Marc Rzepczynski,Mariners,2,2,3.43,0,40,0,40,37,15,3,38,17,1.36,8.47,3.9,3.73,0.3,0.3,999,6612
Yimi Garcia,Dodgers,0,0,3.65,0,1,0,1,1,0,0,1,0,1.18,9.51,2.7,3.73,0,0.1,999,12095
Danny Barnes,Blue Jays,2,2,3.73,0,40,0,40,36,17,5,40,13,1.23,9.1,2.85,3.73,0.4,0.3,999,11388
Oliver Drake,Orioles,2,2,3.67,0,40,0,40,35,16,4,45,17,1.3,10.11,3.93,3.74,0.3,0.4,999,8823
Aaron Poreda,Rangers,0,0,3.63,0,1,0,1,1,0,0,1,0,1.29,9.64,3.59,3.74,0,0.1,999,4313
Miguel Socolovich,Cardinals,2,2,3.79,0,35,0,35,33,15,4,33,13,1.3,8.6,3.29,3.75,0.2,0.2,999,6697
Duane Below,Marlins,0,0,3.71,0,1,0,1,1,0,0,1,0,1.26,6.88,2.09,3.76,0,0.1,999,3124
Matt Bowman,Cardinals,2,2,3.75,0,40,0,40,41,17,3,31,12,1.34,6.87,2.76,3.77,0.2,0.2,999,13528
Jamey Wright,Dodgers,0,0,3.64,0,1,0,1,1,0,0,1,0,1.33,7.5,3.17,3.77,0,0.1,999,715
Leonel Campos,Padres,2,2,3.63,0,35,0,35,30,14,3,39,18,1.37,10.14,4.7,3.77,0.3,0.3,999,12277
Blake Wood,Reds,2,2,3.63,0,45,0,45,39,18,4,49,21,1.34,9.83,4.25,3.77,0.4,0.4,999,1345
Timothy Peterson,Mets,0,0,3.77,0,1,0,1,1,0,0,1,0,1.32,9.16,3.54,3.77,0,0.1,999,sa658510
Onelki Garcia,Dodgers,0,0,3.54,0,1,0,1,1,0,0,1,0,1.3,9.26,3.71,3.77,0,0.1,999,13674
Jordan Jankowski,Astros,0,0,3.74,0,1,0,1,1,0,0,1,0,1.3,10.01,3.93,3.78,0,0.1,999,sa658942
Dario Alvarez,Rangers,2,2,3.69,0,35,0,35,30,14,4,41,15,1.28,10.55,3.88,3.78,0.3,0.3,999,14239
James Pazos,Mariners,2,2,3.53,0,45,0,45,38,18,5,50,22,1.33,10.03,4.36,3.8,0.3,0.4,999,13323
Andrew McKirahan,Braves,0,0,3.69,0,1,0,1,1,0,0,1,0,1.34,8.43,3.51,3.8,0,0.1,999,12870
Ryne Harper,Mariners,0,0,3.68,0,1,0,1,1,0,0,1,0,1.29,9.15,3.52,3.8,0,0.1,999,sa599485
Cliff Lee,Phillies,0,0,3.81,0,0,0,1,1,0,0,1,0,1.2,7.85,1.82,3.8,0,0,999,1636
Jose Jose,Marlins,0,0,3.65,0,1,0,1,1,0,0,1,0,1.34,8.54,3.74,3.81,0,0.1,999,sa506778
Jerry Sullivan,Padres,0,0,3.77,0,1,0,1,1,0,0,1,0,1.31,8.76,3.42,3.81,0,0.1,999,sa501200
Chris Smith,Athletics,1,1,3.9,0,20,0,20,19,9,2,19,7,1.31,8.46,3.1,3.81,0.1,0.1,999,4544
A.J. Schugel,Pirates,2,2,3.93,0,35,0,35,36,15,4,29,10,1.32,7.58,2.66,3.81,0.2,0,999,11432
Oliver Perez,Nationals,2,2,3.71,0,45,0,45,40,19,5,49,19,1.31,9.72,3.77,3.82,0.3,0.3,999,1514
Rob Zastryzny,Cubs,1,1,3.58,0,25,0,25,23,10,3,24,9,1.29,8.5,3.36,3.82,0.1,0.2,999,15094